/* Auto-generated 100x100 BGR888 image */

#pragma once

#define IMAGE_100X100_WIDTH 100
#define IMAGE_100X100_HEIGHT 100
#define IMAGE_100X100_BPP 3

static const unsigned char image_100x100_bgr888[] = {
    0xFE, 0xFE, 0xFE, 0xFD, 0xFA, 0xF8, 0xFC, 0xF9, 0xF6, 0xFD, 0xF9, 0xF6, 
    0xFD, 0xF9, 0xF6, 0xFC, 0xF8, 0xF6, 0xFD, 0xF9, 0xF6, 0xFD, 0xF9, 0xF6, 
    0xFD, 0xF9, 0xF6, 0xFC, 0xF9, 0xF6, 0xFD, 0xF9, 0xF6, 0xFD, 0xF9, 0xF6, 
    0xFD, 0xF9, 0xF6, 0xFD, 0xF9, 0xF6, 0xFC, 0xF9, 0xF6, 0xFD, 0xF9, 0xF6, 
    0xFD, 0xF9, 0xF6, 0xFD, 0xF9, 0xF6, 0xFD, 0xF9, 0xF6, 0xFD, 0xF9, 0xF6, 
    0xFD, 0xF9, 0xF6, 0xFD, 0xF9, 0xF6, 0xFD, 0xF9, 0xF6, 0xFD, 0xF9, 0xF6, 
    0xFD, 0xF9, 0xF6, 0xFD, 0xF9, 0xF6, 0xFD, 0xF9, 0xF6, 0xFD, 0xF9, 0xF6, 
    0xFD, 0xF9, 0xF6, 0xFE, 0xFD, 0xFD, 0xFE, 0xFE, 0xFE, 0xFE, 0xFE, 0xFE, 
    0xFF, 0xFF, 0xFF, 0xFF, 0xFF, 0xFF, 0xFE, 0xFE, 0xFE, 0xFE, 0xFE, 0xFE, 
    0xFE, 0xFE, 0xFE, 0xFE, 0xFE, 0xFE, 0xFE, 0xFE, 0xFE, 0xFE, 0xFE, 0xFE, 
    0xFE, 0xFE, 0xFE, 0xFE, 0xFE, 0xFE, 0xFE, 0xFE, 0xFE, 0xFE, 0xFE, 0xFE, 
    0xFE, 0xFE, 0xFE, 0xFE, 0xFE, 0xFE, 0xFE, 0xFE, 0xFE, 0xFE, 0xFE, 0xFE, 
    0xFE, 0xFE, 0xFE, 0xFE, 0xFE, 0xFE, 0xFE, 0xFE, 0xFE, 0xFE, 0xFE, 0xFE, 
    0xFE, 0xFE, 0xFE, 0xFE, 0xFE, 0xFE, 0xFE, 0xFE, 0xFE, 0xFE, 0xFE, 0xFE, 
    0xFE, 0xFE, 0xFE, 0xFE, 0xFE, 0xFE, 0xFE, 0xFE, 0xFE, 0xFE, 0xFE, 0xFE, 
    0xFE, 0xFE, 0xFE, 0xFE, 0xFE, 0xFE, 0xFE, 0xFE, 0xFE, 0xFE, 0xFE, 0xFE, 
    0xFE, 0xFE, 0xFE, 0xFE, 0xFE, 0xFE, 0xFE, 0xFE, 0xFE, 0xFE, 0xFE, 0xFE, 
    0xFE, 0xFE, 0xFE, 0xFE, 0xFE, 0xFE, 0xFE, 0xFE, 0xFE, 0xFE, 0xFE, 0xFE, 
    0xFE, 0xFE, 0xFE, 0xFE, 0xFE, 0xFE, 0xFE, 0xFE, 0xFE, 0xFE, 0xFE, 0xFE, 
    0xFE, 0xFE, 0xFE, 0xFE, 0xFE, 0xFE, 0xFE, 0xFE, 0xFE, 0xFE, 0xFE, 0xFE, 
    0xFE, 0xFE, 0xFE, 0xFE, 0xFE, 0xFE, 0xFE, 0xFE, 0xFE, 0xFE, 0xFE, 0xFE, 
    0xFE, 0xFE, 0xFE, 0xFE, 0xFE, 0xFE, 0xFE, 0xFE, 0xFE, 0xFE, 0xFE, 0xFE, 
    0xFE, 0xFE, 0xFE, 0xFE, 0xFE, 0xFE, 0xFE, 0xFE, 0xFE, 0xFE, 0xFE, 0xFE, 
    0xFE, 0xFE, 0xFE, 0xFE, 0xFE, 0xFE, 0xFE, 0xFE, 0xFE, 0xFE, 0xFE, 0xFE, 
    0xFE, 0xFE, 0xFE, 0xFE, 0xFE, 0xFE, 0xFE, 0xFE, 0xFE, 0xFE, 0xFE, 0xFE, 
    0xFE, 0xFD, 0xFD, 0xDC, 0x8F, 0x5D, 0xD2, 0x70, 0x2C, 0xD4, 0x75, 0x31, 
    0xD4, 0x76, 0x32, 0xD4, 0x77, 0x32, 0xD6, 0x78, 0x32, 0xD7, 0x79, 0x34, 
    0xD7, 0x7B, 0x35, 0xD8, 0x7B, 0x36, 0xD9, 0x7D, 0x38, 0xD9, 0x7E, 0x39, 
    0xDA, 0x7F, 0x39, 0xDA, 0x7F, 0x3A, 0xDA, 0x80, 0x3B, 0xDC, 0x83, 0x3E, 
    0xDE, 0x85, 0x3F, 0xDE, 0x86, 0x3F, 0xDF, 0x86, 0x3F, 0xE3, 0x89, 0x41, 
    0xE3, 0x8B, 0x43, 0xE4, 0x8B, 0x43, 0xE5, 0x8D, 0x44, 0xE6, 0x8E, 0x46, 
    0xE6, 0x8D, 0x44, 0xE5, 0x8C, 0x44, 0xE5, 0x8B, 0x43, 0xE3, 0x87, 0x3F, 
    0xE3, 0x8A, 0x45, 0xFB, 0xED, 0xE3, 0xFF, 0xFF, 0xFF, 0xFF, 0xFE, 0xFF, 
    0xF5, 0xF8, 0xF5, 0xF5, 0xF8, 0xF4, 0xFD, 0xFD, 0xFD, 0xFE, 0xFE, 0xFE, 
    0xFE, 0xFE, 0xFE, 0xFE, 0xFE, 0xFE, 0xFE, 0xFE, 0xFE, 0xFE, 0xFE, 0xFE, 
    0xFE, 0xFE, 0xFE, 0xFE, 0xFE, 0xFE, 0xFE, 0xFE, 0xFE, 0xFE, 0xFE, 0xFE, 
    0xFE, 0xFE, 0xFE, 0xFE, 0xFE, 0xFE, 0xFE, 0xFE, 0xFE, 0xFE, 0xFE, 0xFE, 
    0xFE, 0xFE, 0xFE, 0xFE, 0xFE, 0xFE, 0xFE, 0xFE, 0xFE, 0xFE, 0xFE, 0xFE, 
    0xFE, 0xFE, 0xFE, 0xFE, 0xFE, 0xFE, 0xFE, 0xFE, 0xFE, 0xFE, 0xFE, 0xFE, 
    0xFE, 0xFE, 0xFE, 0xFE, 0xFE, 0xFE, 0xFE, 0xFE, 0xFE, 0xFE, 0xFE, 0xFE, 
    0xFE, 0xFE, 0xFE, 0xFE, 0xFE, 0xFE, 0xFE, 0xFE, 0xFE, 0xFE, 0xFE, 0xFE, 
    0xFE, 0xFE, 0xFE, 0xFE, 0xFE, 0xFE, 0xFE, 0xFE, 0xFE, 0xFE, 0xFE, 0xFE, 
    0xFE, 0xFE, 0xFE, 0xFE, 0xFE, 0xFE, 0xFE, 0xFE, 0xFE, 0xFE, 0xFE, 0xFE, 
    0xFE, 0xFE, 0xFE, 0xFE, 0xFE, 0xFE, 0xFE, 0xFE, 0xFE, 0xFE, 0xFE, 0xFE, 
    0xFE, 0xFE, 0xFE, 0xFE, 0xFE, 0xFE, 0xFE, 0xFE, 0xFE, 0xFE, 0xFE, 0xFE, 
    0xFE, 0xFE, 0xFE, 0xFE, 0xFE, 0xFE, 0xFE, 0xFE, 0xFE, 0xFE, 0xFE, 0xFE, 
    0xFE, 0xFE, 0xFE, 0xFE, 0xFE, 0xFE, 0xFE, 0xFE, 0xFE, 0xFE, 0xFE, 0xFE, 
    0xFE, 0xFE, 0xFE, 0xFE, 0xFE, 0xFE, 0xFE, 0xFE, 0xFE, 0xFE, 0xFE, 0xFE, 
    0xFE, 0xFE, 0xFE, 0xFE, 0xFE, 0xFE, 0xFE, 0xFE, 0xFE, 0xFE, 0xFE, 0xFE, 
    0xFE, 0xFE, 0xFE, 0xFE, 0xFE, 0xFE, 0xFE, 0xFE, 0xFE, 0xFE, 0xFE, 0xFE, 
    0xFE, 0xFD, 0xFD, 0xD4, 0x78, 0x39, 0xC9, 0x53, 0x00, 0xCB, 0x59, 0x05, 
    0xCC, 0x5B, 0x07, 0xCE, 0x5C, 0x08, 0xCF, 0x5D, 0x09, 0xCF, 0x5F, 0x0A, 
    0xD1, 0x61, 0x0D, 0xD3, 0x63, 0x0D, 0xD3, 0x65, 0x0F, 0xD3, 0x66, 0x11, 
    0xD4, 0x67, 0x12, 0xD5, 0x68, 0x14, 0xD6, 0x6A, 0x15, 0xD7, 0x6C, 0x17, 
    0xD9, 0x6E, 0x18, 0xDC, 0x70, 0x1A, 0xDE, 0x72, 0x1B, 0xE0, 0x74, 0x1B, 
    0xE1, 0x76, 0x1D, 0xE2, 0x77, 0x1D, 0xE3, 0x78, 0x1F, 0xE2, 0x77, 0x1E, 
    0xE2, 0x77, 0x1E, 0xE2, 0x76, 0x1D, 0xE0, 0x73, 0x1A, 0xDF, 0x70, 0x17, 
    0xE0, 0x76, 0x21, 0xFA, 0xEA, 0xDD, 0xFF, 0xFF, 0xFF, 0xF9, 0xFB, 0xF9, 
    0xD6, 0xE3, 0xD5, 0xC0, 0xD3, 0xBD, 0xFA, 0xFB, 0xFA, 0xFE, 0xFE, 0xFE, 
    0xFE, 0xFE, 0xFE, 0xFE, 0xFE, 0xFE, 0xFE, 0xFE, 0xFE, 0xFE, 0xFE, 0xFE, 
    0xFE, 0xFE, 0xFE, 0xFE, 0xFE, 0xFE, 0xFE, 0xFE, 0xFE, 0xFE, 0xFE, 0xFE, 
    0xFE, 0xFE, 0xFE, 0xFE, 0xFE, 0xFE, 0xFE, 0xFE, 0xFE, 0xFE, 0xFE, 0xFE, 
    0xFE, 0xFE, 0xFE, 0xFE, 0xFE, 0xFE, 0xFE, 0xFE, 0xFE, 0xFE, 0xFE, 0xFE, 
    0xFE, 0xFE, 0xFE, 0xFE, 0xFE, 0xFE, 0xFE, 0xFE, 0xFE, 0xFE, 0xFE, 0xFE, 
    0xFE, 0xFE, 0xFE, 0xFE, 0xFE, 0xFE, 0xFE, 0xFE, 0xFE, 0xFE, 0xFE, 0xFE, 
    0xFE, 0xFE, 0xFE, 0xFE, 0xFE, 0xFE, 0xFE, 0xFE, 0xFE, 0xFE, 0xFE, 0xFE, 
    0xFE, 0xFE, 0xFE, 0xFE, 0xFE, 0xFE, 0xFE, 0xFE, 0xFE, 0xFE, 0xFE, 0xFE, 
    0xFE, 0xFE, 0xFE, 0xFE, 0xFE, 0xFE, 0xFE, 0xFE, 0xFE, 0xFE, 0xFE, 0xFE, 
    0xFE, 0xFE, 0xFE, 0xFE, 0xFE, 0xFE, 0xFE, 0xFE, 0xFE, 0xFE, 0xFE, 0xFE, 
    0xFE, 0xFE, 0xFE, 0xFE, 0xFE, 0xFE, 0xFE, 0xFE, 0xFE, 0xFE, 0xFE, 0xFE, 
    0xFE, 0xFE, 0xFE, 0xFE, 0xFE, 0xFE, 0xFE, 0xFE, 0xFE, 0xFE, 0xFE, 0xFE, 
    0xFE, 0xFE, 0xFE, 0xFE, 0xFE, 0xFE, 0xFE, 0xFE, 0xFE, 0xFE, 0xFE, 0xFE, 
    0xFE, 0xFE, 0xFE, 0xFE, 0xFE, 0xFE, 0xFE, 0xFE, 0xFE, 0xFE, 0xFE, 0xFE, 
    0xFE, 0xFE, 0xFE, 0xFE, 0xFE, 0xFE, 0xFE, 0xFE, 0xFE, 0xFE, 0xFE, 0xFE, 
    0xFE, 0xFE, 0xFE, 0xFE, 0xFE, 0xFE, 0xFE, 0xFE, 0xFE, 0xFE, 0xFE, 0xFE, 
    0xFE, 0xFD, 0xFD, 0xD9, 0x7F, 0x40, 0xCD, 0x5B, 0x07, 0xD0, 0x61, 0x0D, 
    0xD1, 0x62, 0x0E, 0xD2, 0x65, 0x0F, 0xD4, 0x66, 0x11, 0xD5, 0x68, 0x12, 
    0xD6, 0x6A, 0x15, 0xD7, 0x6B, 0x16, 0xD9, 0x6E, 0x19, 0xD9, 0x70, 0x19, 
    0xDA, 0x71, 0x1A, 0xDB, 0x72, 0x1C, 0xDC, 0x73, 0x1D, 0xDE, 0x76, 0x1F, 
    0xE1, 0x79, 0x21, 0xE3, 0x7C, 0x23, 0xE4, 0x7C, 0x23, 0xE5, 0x7E, 0x23, 
    0xE7, 0x7F, 0x24, 0xE7, 0x7F, 0x24, 0xE7, 0x7F, 0x24, 0xE7, 0x7D, 0x23, 
    0xE6, 0x7C, 0x24, 0xE5, 0x79, 0x1F, 0xE4, 0x79, 0x20, 0xE3, 0x77, 0x1D, 
    0xE4, 0x7C, 0x26, 0xFB, 0xEB, 0xDF, 0xFF, 0xFF, 0xFF, 0xF7, 0xF9, 0xF6, 
    0xF4, 0xF7, 0xF3, 0xF9, 0xFB, 0xF8, 0xFE, 0xFE, 0xFF, 0xFF, 0xFF, 0xFF, 
    0xFF, 0xFF, 0xFF, 0xFF, 0xFF, 0xFF, 0xFF, 0xFF, 0xFF, 0xFF, 0xFF, 0xFF, 
    0xFF, 0xFF, 0xFF, 0xFF, 0xFF, 0xFF, 0xFF, 0xFF, 0xFF, 0xFE, 0xFE, 0xFE, 
    0xFF, 0xFF, 0xFF, 0xFF, 0xFF, 0xFF, 0xFF, 0xFF, 0xFF, 0xFF, 0xFE, 0xFF, 
    0xFF, 0xFF, 0xFF, 0xFE, 0xFE, 0xFE, 0xFF, 0xFE, 0xFF, 0xFF, 0xFF, 0xFF, 
    0xFF, 0xFF, 0xFF, 0xFE, 0xFE, 0xFE, 0xFF, 0xFF, 0xFF, 0xFF, 0xFF, 0xFF, 
    0xFF, 0xFF, 0xFF, 0xFF, 0xFF, 0xFF, 0xFF, 0xFF, 0xFF, 0xFF, 0xFF, 0xFF, 
    0xFF, 0xFF, 0xFF, 0xFF, 0xFE, 0xFF, 0xFF, 0xFF, 0xFF, 0xFF, 0xFF, 0xFF, 
    0xFF, 0xFF, 0xFF, 0xFF, 0xFF, 0xFF, 0xFF, 0xFF, 0xFF, 0xFF, 0xFF, 0xFF, 
    0xFE, 0xFE, 0xFE, 0xFF, 0xFF, 0xFF, 0xFF, 0xFF, 0xFF, 0xFF, 0xFF, 0xFF, 
    0xFF, 0xFF, 0xFF, 0xFF, 0xFF, 0xFF, 0xFF, 0xFF, 0xFF, 0xFF, 0xFF, 0xFF, 
    0xFF, 0xFF, 0xFF, 0xFF, 0xFF, 0xFF, 0xFE, 0xFE, 0xFE, 0xFF, 0xFF, 0xFF, 
    0xFF, 0xFF, 0xFF, 0xFF, 0xFF, 0xFF, 0xFF, 0xFE, 0xFF, 0xFE, 0xFE, 0xFE, 
    0xFF, 0xFF, 0xFF, 0xFF, 0xFF, 0xFF, 0xFF, 0xFE, 0xFF, 0xFF, 0xFF, 0xFF, 
    0xFF, 0xFF, 0xFF, 0xFF, 0xFF, 0xFF, 0xFE, 0xFE, 0xFE, 0xFE, 0xFE, 0xFE, 
    0xFE, 0xFE, 0xFE, 0xFE, 0xFE, 0xFE, 0xFE, 0xFE, 0xFE, 0xFE, 0xFE, 0xFE, 
    0xFE, 0xFE, 0xFE, 0xFE, 0xFE, 0xFE, 0xFE, 0xFE, 0xFE, 0xFE, 0xFE, 0xFE, 
    0xFE, 0xFD, 0xFD, 0xDC, 0x84, 0x41, 0xD3, 0x61, 0x0A, 0xD6, 0x67, 0x11, 
    0xD6, 0x68, 0x11, 0xD7, 0x6B, 0x12, 0xD9, 0x6D, 0x14, 0xDB, 0x6E, 0x16, 
    0xDA, 0x6E, 0x14, 0xDC, 0x70, 0x16, 0xDF, 0x75, 0x1C, 0xDF, 0x76, 0x1D, 
    0xE0, 0x78, 0x1F, 0xE1, 0x79, 0x1F, 0xE4, 0x7C, 0x21, 0xE6, 0x7F, 0x24, 
    0xE7, 0x81, 0x26, 0xE9, 0x83, 0x26, 0xEA, 0x84, 0x28, 0xEB, 0x85, 0x28, 
    0xEB, 0x85, 0x27, 0xEB, 0x85, 0x25, 0xEC, 0x84, 0x27, 0xEB, 0x88, 0x32, 
    0xE6, 0xAE, 0x86, 0xE7, 0xA1, 0x6F, 0xEA, 0x85, 0x32, 0xE7, 0x7C, 0x22, 
    0xE6, 0x7E, 0x25, 0xFB, 0xEC, 0xDF, 0xFE, 0xFF, 0xFF, 0xFF, 0xFF, 0xFF, 
    0xFC, 0xFC, 0xFC, 0xE0, 0xE8, 0xDF, 0xFE, 0xFE, 0xFE, 0xEB, 0xF0, 0xEA, 
    0xE3, 0xEB, 0xE3, 0xDC, 0xE6, 0xDB, 0xEE, 0xF3, 0xEE, 0xEF, 0xF3, 0xEF, 
    0xE7, 0xED, 0xE6, 0xDD, 0xE7, 0xDD, 0xE2, 0xEA, 0xE2, 0xFE, 0xFE, 0xFE, 
    0xED, 0xF2, 0xED, 0xF7, 0xF9, 0xF7, 0xF9, 0xFA, 0xF9, 0xFA, 0xFB, 0xFA, 
    0xF7, 0xF9, 0xF7, 0xFC, 0xFD, 0xFD, 0xF9, 0xFA, 0xF9, 0xF0, 0xF4, 0xEF, 
    0xF9, 0xFA, 0xF9, 0xFB, 0xFC, 0xFB, 0xDC, 0xE6, 0xDC, 0xE2, 0xEA, 0xE2, 
    0xD7, 0xE2, 0xD7, 0xDF, 0xE9, 0xDF, 0xDE, 0xE7, 0xDE, 0xDB, 0xE4, 0xDB, 
    0xED, 0xF2, 0xED, 0xF8, 0xFA, 0xF8, 0xDF, 0xE8, 0xDE, 0xF8, 0xFA, 0xF8, 
    0xF5, 0xF7, 0xF5, 0xF7, 0xF9, 0xF7, 0xF9, 0xFA, 0xF9, 0xEC, 0xF1, 0xEC, 
    0xFD, 0xFD, 0xFD, 0xF4, 0xF6, 0xF3, 0xE8, 0xEF, 0xE8, 0xF0, 0xF4, 0xF0, 
    0xF3, 0xF6, 0xF3, 0xF2, 0xF5, 0xF1, 0xF7, 0xF9, 0xF7, 0xEC, 0xF0, 0xEB, 
    0xFA, 0xFB, 0xFA, 0xF9, 0xFA, 0xF9, 0xFE, 0xFE, 0xFE, 0xFA, 0xFB, 0xFA, 
    0xF9, 0xFB, 0xF9, 0xF7, 0xF9, 0xF7, 0xF9, 0xFA, 0xF9, 0xFD, 0xFD, 0xFD, 
    0xF5, 0xF8, 0xF5, 0xF0, 0xF4, 0xF0, 0xFB, 0xFC, 0xFB, 0xF8, 0xFA, 0xF8, 
    0xE5, 0xEC, 0xE4, 0xEB, 0xF1, 0xEB, 0xFC, 0xFC, 0xFC, 0xFE, 0xFE, 0xFE, 
    0xFE, 0xFE, 0xFE, 0xFE, 0xFE, 0xFE, 0xFE, 0xFE, 0xFE, 0xFE, 0xFE, 0xFE, 
    0xFE, 0xFE, 0xFE, 0xFE, 0xFE, 0xFE, 0xFE, 0xFE, 0xFE, 0xFE, 0xFE, 0xFE, 
    0xFE, 0xFD, 0xFD, 0xE2, 0x88, 0x44, 0xDB, 0x69, 0x0F, 0xDB, 0x6E, 0x15, 
    0xDC, 0x70, 0x16, 0xDE, 0x72, 0x18, 0xE0, 0x73, 0x17, 0xDE, 0x74, 0x1B, 
    0xDF, 0x90, 0x52, 0xE3, 0x96, 0x5B, 0xE5, 0x7A, 0x1D, 0xE6, 0x7B, 0x1D, 
    0xE6, 0x7F, 0x22, 0xE7, 0x81, 0x24, 0xE8, 0x83, 0x27, 0xEA, 0x86, 0x28, 
    0xEB, 0x87, 0x29, 0xED, 0x89, 0x2B, 0xEF, 0x8A, 0x2A, 0xF0, 0x8B, 0x29, 
    0xF0, 0x8B, 0x28, 0xF0, 0x8A, 0x27, 0xF0, 0x8B, 0x2A, 0xEE, 0x8D, 0x33, 
    0xEA, 0x9B, 0x57, 0xED, 0x96, 0x4A, 0xEF, 0x87, 0x29, 0xEB, 0x7E, 0x1F, 
    0xEA, 0x81, 0x27, 0xFC, 0xEC, 0xDF, 0xFE, 0xFF, 0xFF, 0xFE, 0xFE, 0xFE, 
    0xFA, 0xFB, 0xFA, 0xD6, 0xE1, 0xD4, 0xFF, 0xFE, 0xFF, 0xBE, 0xCF, 0xBE, 
    0x9A, 0xB7, 0x98, 0x8A, 0xAC, 0x8A, 0xA7, 0xC1, 0xA7, 0xBD, 0xCE, 0xBD, 
    0xA7, 0xBF, 0xA6, 0x8B, 0xAC, 0x8A, 0xA5, 0xBE, 0xA5, 0xFC, 0xFD, 0xFC, 
    0xB7, 0xC9, 0xB6, 0x9D, 0xB9, 0x9D, 0xA2, 0xBE, 0xA1, 0x9A, 0xB8, 0x9B, 
    0x97, 0xB3, 0x96, 0xDE, 0xE6, 0xDD, 0xE8, 0xEF, 0xE8, 0xB4, 0xC9, 0xB2, 
    0xC8, 0xD8, 0xC7, 0xEF, 0xF4, 0xEF, 0x90, 0xB0, 0x8F, 0x9F, 0xBB, 0x9F, 
    0x9B, 0xB9, 0x9B, 0x9C, 0xBB, 0x9C, 0x95, 0xB3, 0x95, 0x91, 0xB2, 0x91, 
    0xCD, 0xDC, 0xCC, 0xE6, 0xEC, 0xE6, 0xB2, 0xC8, 0xB0, 0xAD, 0xC5, 0xAD, 
    0xBA, 0xCE, 0xBA, 0x9A, 0xBA, 0x9A, 0x9E, 0xBA, 0x9E, 0xAC, 0xC2, 0xAB, 
    0xF7, 0xF9, 0xF6, 0xDA, 0xE5, 0xDA, 0xCF, 0xDC, 0xCF, 0xD0, 0xDC, 0xD0, 
    0xDF, 0xE8, 0xDE, 0xA6, 0xBF, 0xA4, 0xB7, 0xCA, 0xB6, 0xB1, 0xC6, 0xB0, 
    0xAC, 0xC4, 0xAC, 0xB4, 0xC8, 0xB3, 0xF6, 0xF8, 0xF6, 0xBC, 0xCE, 0xBB, 
    0xA3, 0xBE, 0xA3, 0xAE, 0xC5, 0xAD, 0xE5, 0xEB, 0xE4, 0xDE, 0xE7, 0xDD, 
    0xAD, 0xC4, 0xAC, 0xBF, 0xD0, 0xBE, 0xB3, 0xC9, 0xB2, 0xAA, 0xC1, 0xA9, 
    0xC2, 0xD1, 0xC1, 0xD1, 0xDD, 0xD0, 0xF2, 0xF6, 0xF2, 0xFF, 0xFF, 0xFF, 
    0xFE, 0xFE, 0xFE, 0xFE, 0xFE, 0xFE, 0xFE, 0xFE, 0xFE, 0xFE, 0xFE, 0xFE, 
    0xFE, 0xFE, 0xFE, 0xFE, 0xFE, 0xFE, 0xFE, 0xFE, 0xFE, 0xFE, 0xFE, 0xFE, 
    0xFE, 0xFD, 0xFC, 0xE7, 0x8E, 0x48, 0xE0, 0x6F, 0x12, 0xE1, 0x73, 0x15, 
    0xE2, 0x77, 0x1A, 0xE4, 0x7A, 0x1D, 0xE2, 0x81, 0x31, 0xDF, 0x8A, 0x46, 
    0xDB, 0xB0, 0x97, 0xE0, 0xCE, 0xCC, 0xE4, 0xA9, 0x7E, 0xE5, 0xA1, 0x6D, 
    0xEA, 0x8B, 0x35, 0xEC, 0x88, 0x29, 0xEC, 0x8A, 0x2B, 0xED, 0x8C, 0x2C, 
    0xEF, 0x8D, 0x2C, 0xF1, 0x90, 0x2D, 0xF2, 0x90, 0x2D, 0xF2, 0x8F, 0x2C, 
    0xF3, 0x90, 0x2B, 0xF4, 0x90, 0x2A, 0xF3, 0x8E, 0x28, 0xF3, 0x8C, 0x27, 
    0xF3, 0x8A, 0x25, 0xF3, 0x89, 0x23, 0xF1, 0x87, 0x23, 0xEE, 0x82, 0x1E, 
    0xEF, 0x86, 0x27, 0xFC, 0xED, 0xDE, 0xFE, 0xFF, 0xFF, 0xFE, 0xFE, 0xFE, 
    0xFF, 0xFF, 0xFF, 0xFF, 0xFF, 0xFF, 0xFE, 0xFE, 0xFE, 0xF0, 0xF3, 0xEF, 
    0xEF, 0xF2, 0xEE, 0xF1, 0xF4, 0xF1, 0xF2, 0xF5, 0xF2, 0xF0, 0xF4, 0xF0, 
    0xED, 0xF1, 0xEC, 0xF2, 0xF5, 0xF1, 0xF6, 0xF8, 0xF5, 0xFE, 0xFD, 0xFE, 
    0xED, 0xF1, 0xEC, 0xEE, 0xF2, 0xEE, 0xED, 0xF2, 0xED, 0xCC, 0xDA, 0xCC, 
    0xDE, 0xE6, 0xDD, 0xFA, 0xFB, 0xFA, 0xF8, 0xF9, 0xF8, 0xEC, 0xF1, 0xEC, 
    0xFA, 0xFB, 0xFA, 0xFC, 0xFC, 0xFC, 0xEE, 0xF2, 0xEE, 0xED, 0xF2, 0xED, 
    0xF6, 0xF8, 0xF5, 0xED, 0xF2, 0xED, 0xF0, 0xF4, 0xF0, 0xF1, 0xF5, 0xF1, 
    0xFB, 0xFC, 0xFB, 0xFF, 0xFE, 0xFF, 0xF8, 0xFA, 0xF8, 0xF0, 0xF4, 0xF0, 
    0xFC, 0xFC, 0xFC, 0xF2, 0xF6, 0xF2, 0xE9, 0xEF, 0xE9, 0xF4, 0xF7, 0xF3, 
    0xFD, 0xFD, 0xFD, 0xF2, 0xF6, 0xF2, 0xEA, 0xEF, 0xEA, 0xF8, 0xF9, 0xF8, 
    0xF9, 0xFA, 0xF9, 0xE5, 0xEC, 0xE5, 0xE6, 0xED, 0xE6, 0xF4, 0xF7, 0xF3, 
    0xEE, 0xF2, 0xEE, 0xEF, 0xF3, 0xEF, 0xFC, 0xFC, 0xFC, 0xE0, 0xE8, 0xE0, 
    0xEE, 0xF3, 0xEE, 0xF2, 0xF6, 0xF2, 0xFF, 0xFF, 0xFF, 0xEB, 0xF1, 0xEB, 
    0xE6, 0xED, 0xE6, 0xEC, 0xF0, 0xEB, 0xF0, 0xF4, 0xF0, 0xEE, 0xF2, 0xED, 
    0xEE, 0xF2, 0xED, 0xE9, 0xEF, 0xE9, 0xFC, 0xFD, 0xFC, 0xFE, 0xFE, 0xFE, 
    0xFE, 0xFE, 0xFE, 0xFE, 0xFE, 0xFE, 0xFE, 0xFE, 0xFE, 0xFE, 0xFE, 0xFE, 
    0xFE, 0xFE, 0xFE, 0xFE, 0xFE, 0xFE, 0xFE, 0xFE, 0xFE, 0xFE, 0xFE, 0xFE, 
    0xFE, 0xFD, 0xFD, 0xEC, 0x93, 0x4A, 0xE6, 0x7B, 0x22, 0xE6, 0x95, 0x56, 
    0xE9, 0x84, 0x2C, 0xE9, 0x7C, 0x19, 0xE8, 0x85, 0x2B, 0xE5, 0x8E, 0x41, 
    0xE3, 0x93, 0x4D, 0xE0, 0xA9, 0x7E, 0xE3, 0xAF, 0x86, 0xE8, 0xA6, 0x6C, 
    0xEC, 0x95, 0x41, 0xEB, 0x8F, 0x34, 0xF1, 0x90, 0x2D, 0xF0, 0x91, 0x30, 
    0xF2, 0x94, 0x31, 0xF4, 0x96, 0x31, 0xF3, 0x97, 0x36, 0xF4, 0x97, 0x36, 
    0xF6, 0x96, 0x2E, 0xF6, 0x96, 0x2E, 0xF6, 0x95, 0x2C, 0xF5, 0x92, 0x2B, 
    0xF5, 0x91, 0x2B, 0xF6, 0x90, 0x2A, 0xF4, 0x8C, 0x25, 0xF0, 0x8A, 0x2C, 
    0xEF, 0x95, 0x46, 0xFC, 0xF1, 0xE6, 0xFE, 0xFF, 0xFF, 0xFE, 0xFE, 0xFE, 
    0xFC, 0xFC, 0xFC, 0xE2, 0xEA, 0xE1, 0xFE, 0xFE, 0xFE, 0xEA, 0xF1, 0xEA, 
    0xF5, 0xF8, 0xF5, 0xFA, 0xFC, 0xFA, 0xFB, 0xFC, 0xFB, 0xF9, 0xFA, 0xF9, 
    0xFA, 0xFB, 0xFA, 0xF5, 0xF7, 0xF5, 0xF1, 0xF5, 0xF1, 0xFA, 0xFB, 0xFA, 
    0xF1, 0xF6, 0xF1, 0xFC, 0xFC, 0xFC, 0xE7, 0xED, 0xE7, 0xEF, 0xF2, 0xEF, 
    0xFB, 0xFC, 0xFB, 0xF7, 0xF9, 0xF7, 0xFB, 0xFC, 0xFB, 0xFC, 0xFD, 0xFC, 
    0xF0, 0xF3, 0xEF, 0xF7, 0xF8, 0xF7, 0xFB, 0xFC, 0xFC, 0xFB, 0xFC, 0xFC, 
    0xFA, 0xFB, 0xFA, 0xFF, 0xFF, 0xFF, 0xF0, 0xF4, 0xF0, 0xE7, 0xEE, 0xE7, 
    0xDE, 0xE8, 0xDF, 0xE9, 0xEF, 0xE9, 0xF4, 0xF7, 0xF4, 0xEA, 0xF0, 0xEA, 
    0xDF, 0xE8, 0xDF, 0xE2, 0xEA, 0xE1, 0xFF, 0xFF, 0xFF, 0xFA, 0xFB, 0xFA, 
    0xF7, 0xF9, 0xF7, 0xF9, 0xFA, 0xF9, 0xFD, 0xFD, 0xFD, 0xFF, 0xFF, 0xFF, 
    0xFF, 0xFF, 0xFF, 0xFF, 0xFF, 0xFF, 0xFF, 0xFF, 0xFF, 0xFF, 0xFF, 0xFF, 
    0xFF, 0xFF, 0xFF, 0xFF, 0xFF, 0xFF, 0xFE, 0xFE, 0xFE, 0xFF, 0xFF, 0xFF, 
    0xFF, 0xFF, 0xFF, 0xFF, 0xFF, 0xFF, 0xFE, 0xFE, 0xFE, 0xFF, 0xFF, 0xFF, 
    0xFF, 0xFF, 0xFF, 0xFF, 0xFF, 0xFF, 0xFF, 0xFF, 0xFF, 0xFF, 0xFF, 0xFF, 
    0xFF, 0xFF, 0xFF, 0xFF, 0xFF, 0xFF, 0xFE, 0xFE, 0xFE, 0xFE, 0xFE, 0xFE, 
    0xFE, 0xFE, 0xFE, 0xFE, 0xFE, 0xFE, 0xFE, 0xFE, 0xFE, 0xFE, 0xFE, 0xFE, 
    0xFE, 0xFE, 0xFE, 0xFE, 0xFE, 0xFE, 0xFE, 0xFE, 0xFE, 0xFE, 0xFE, 0xFE, 
    0xFE, 0xFD, 0xFB, 0xEB, 0x9E, 0x62, 0xE1, 0x8E, 0x51, 0xDE, 0xB2, 0x9B, 
    0xE2, 0xAB, 0x88, 0xE9, 0x95, 0x51, 0xEF, 0x8A, 0x29, 0xF0, 0x8A, 0x23, 
    0xF0, 0x8C, 0x26, 0xEF, 0x8E, 0x2A, 0xF0, 0x90, 0x2C, 0xF3, 0x93, 0x2C, 
    0xE1, 0x87, 0x2C, 0xC2, 0x91, 0x6D, 0xD6, 0x9A, 0x64, 0xF3, 0x9C, 0x3C, 
    0xF6, 0x9C, 0x35, 0xF5, 0x9C, 0x37, 0xF6, 0x9E, 0x38, 0xF9, 0x9E, 0x35, 
    0xF8, 0x9D, 0x33, 0xF7, 0x9C, 0x33, 0xF8, 0x9B, 0x32, 0xF8, 0x99, 0x2F, 
    0xF7, 0x97, 0x2E, 0xF8, 0x96, 0x2D, 0xF6, 0x93, 0x2F, 0xF0, 0x98, 0x45, 
    0xEE, 0x9F, 0x5A, 0xFC, 0xF0, 0xE4, 0xFE, 0xFF, 0xFF, 0xFE, 0xFE, 0xFE, 
    0xFB, 0xFB, 0xFB, 0xD7, 0xE2, 0xD6, 0xF9, 0xFA, 0xF9, 0xAF, 0xC6, 0xAF, 
    0xA1, 0xBC, 0xA1, 0xB1, 0xC7, 0xB0, 0xA8, 0xC0, 0xA8, 0xB3, 0xC7, 0xB2, 
    0xBD, 0xD0, 0xBC, 0xA8, 0xC1, 0xA7, 0xB3, 0xCA, 0xB3, 0xA9, 0xC1, 0xA8, 
    0xAB, 0xC3, 0xAB, 0xF6, 0xF8, 0xF6, 0xBE, 0xD0, 0xBD, 0xBF, 0xD1, 0xBE, 
    0xB7, 0xCC, 0xB6, 0x98, 0xB7, 0x97, 0xCB, 0xDA, 0xCA, 0xED, 0xF1, 0xED, 
    0xAE, 0xC4, 0xAC, 0x9C, 0xBA, 0x9C, 0xA6, 0xC2, 0xA6, 0x9F, 0xBB, 0x9E, 
    0xAC, 0xC4, 0xAA, 0xF6, 0xF8, 0xF6, 0xC6, 0xD5, 0xC5, 0xA0, 0xBE, 0x9F, 
    0x8B, 0xAE, 0x8A, 0xA1, 0xBC, 0xA1, 0xBB, 0xCE, 0xBA, 0xAB, 0xC3, 0xA9, 
    0x8B, 0xAE, 0x8B, 0x9F, 0xBB, 0x9F, 0xE6, 0xED, 0xE5, 0xAA, 0xC2, 0xA9, 
    0xAE, 0xC6, 0xAE, 0xA1, 0xBC, 0xA0, 0xE7, 0xED, 0xE7, 0xFF, 0xFF, 0xFF, 
    0xFE, 0xFE, 0xFE, 0xFE, 0xFE, 0xFE, 0xFE, 0xFE, 0xFE, 0xFE, 0xFE, 0xFE, 
    0xFE, 0xFE, 0xFE, 0xFE, 0xFE, 0xFE, 0xFE, 0xFE, 0xFE, 0xFE, 0xFE, 0xFE, 
    0xFE, 0xFE, 0xFE, 0xFE, 0xFE, 0xFE, 0xFE, 0xFE, 0xFE, 0xFE, 0xFE, 0xFE, 
    0xFE, 0xFE, 0xFE, 0xFE, 0xFE, 0xFE, 0xFE, 0xFE, 0xFE, 0xFE, 0xFE, 0xFE, 
    0xFE, 0xFE, 0xFE, 0xFE, 0xFE, 0xFE, 0xFE, 0xFE, 0xFE, 0xFE, 0xFE, 0xFE, 
    0xFE, 0xFE, 0xFE, 0xFE, 0xFE, 0xFE, 0xFE, 0xFE, 0xFE, 0xFE, 0xFE, 0xFE, 
    0xFE, 0xFE, 0xFE, 0xFE, 0xFE, 0xFE, 0xFE, 0xFE, 0xFE, 0xFE, 0xFE, 0xFE, 
    0xFE, 0xFD, 0xFC, 0xF1, 0x9D, 0x52, 0xEB, 0x84, 0x24, 0xEA, 0x8C, 0x36, 
    0xE9, 0x93, 0x46, 0xED, 0x94, 0x40, 0xF0, 0x91, 0x31, 0xF2, 0x91, 0x2D, 
    0xF3, 0x94, 0x2F, 0xF4, 0x97, 0x31, 0xF6, 0x9B, 0x35, 0xE7, 0x91, 0x38, 
    0xBB, 0x6A, 0x2B, 0xB7, 0x8E, 0x75, 0xB7, 0x9B, 0x94, 0xC4, 0x96, 0x73, 
    0xEA, 0xA2, 0x4F, 0xF9, 0xA5, 0x3C, 0xF9, 0xA4, 0x3D, 0xE7, 0x99, 0x47, 
    0xF0, 0xA2, 0x4A, 0xFA, 0xA2, 0x37, 0xF9, 0xA1, 0x38, 0xF9, 0x9F, 0x36, 
    0xF9, 0x9C, 0x31, 0xF8, 0x9A, 0x2E, 0xF7, 0x98, 0x2E, 0xF6, 0x93, 0x28, 
    0xF6, 0x95, 0x2E, 0xFD, 0xEF, 0xDF, 0xFE, 0xFF, 0xFF, 0xFE, 0xFE, 0xFE, 
    0xFF, 0xFE, 0xFF, 0xFF, 0xFF, 0xFF, 0xFF, 0xFF, 0xFF, 0xEF, 0xF3, 0xEF, 
    0xEB, 0xF1, 0xEB, 0xF3, 0xF6, 0xF3, 0xEE, 0xF3, 0xEE, 0xF3, 0xF6, 0xF3, 
    0xF4, 0xF7, 0xF4, 0xEF, 0xF4, 0xEF, 0xF0, 0xF4, 0xF0, 0xED, 0xF2, 0xED, 
    0xEE, 0xF2, 0xED, 0xFE, 0xFE, 0xFE, 0xF9, 0xFA, 0xF9, 0xFA, 0xFB, 0xF9, 
    0xF0, 0xF4, 0xF0, 0xED, 0xF2, 0xED, 0xF7, 0xF9, 0xF7, 0xFA, 0xFB, 0xFA, 
    0xEC, 0xF1, 0xEB, 0xEF, 0xF4, 0xF0, 0xE2, 0xEA, 0xE1, 0xCF, 0xDB, 0xCD, 
    0xEC, 0xF1, 0xEB, 0xDB, 0xE4, 0xDB, 0xE7, 0xED, 0xE7, 0xEF, 0xF4, 0xEF, 
    0xEF, 0xF3, 0xEF, 0xF0, 0xF4, 0xF0, 0xEF, 0xF3, 0xEE, 0xEB, 0xF0, 0xEB, 
    0xEF, 0xF3, 0xEF, 0xF3, 0xF6, 0xF3, 0xED, 0xF1, 0xEC, 0xE3, 0xEA, 0xE2, 
    0xF2, 0xF6, 0xF2, 0xCD, 0xDB, 0xCC, 0xF8, 0xFA, 0xF8, 0xFE, 0xFE, 0xFE, 
    0xFE, 0xFE, 0xFE, 0xFE, 0xFE, 0xFE, 0xFE, 0xFE, 0xFE, 0xFE, 0xFE, 0xFE, 
    0xFE, 0xFE, 0xFE, 0xFE, 0xFE, 0xFE, 0xFE, 0xFE, 0xFE, 0xFE, 0xFE, 0xFE, 
    0xFE, 0xFE, 0xFE, 0xFE, 0xFE, 0xFE, 0xFE, 0xFE, 0xFE, 0xFE, 0xFE, 0xFE, 
    0xFE, 0xFE, 0xFE, 0xFE, 0xFE, 0xFE, 0xFE, 0xFE, 0xFE, 0xFE, 0xFE, 0xFE, 
    0xFE, 0xFE, 0xFE, 0xFE, 0xFE, 0xFE, 0xFE, 0xFE, 0xFE, 0xFE, 0xFE, 0xFE, 
    0xFE, 0xFE, 0xFE, 0xFE, 0xFE, 0xFE, 0xFE, 0xFE, 0xFE, 0xFE, 0xFE, 0xFE, 
    0xFE, 0xFE, 0xFE, 0xFE, 0xFE, 0xFE, 0xFE, 0xFE, 0xFE, 0xFE, 0xFE, 0xFE, 
    0xFE, 0xFD, 0xFD, 0xF5, 0xA2, 0x56, 0xF1, 0x88, 0x22, 0xF2, 0x8C, 0x25, 
    0xF3, 0x8E, 0x27, 0xF3, 0x91, 0x2B, 0xF3, 0x95, 0x30, 0xF5, 0x9A, 0x35, 
    0xF3, 0x9E, 0x3B, 0xF3, 0xA0, 0x40, 0xEF, 0x9B, 0x3A, 0xB9, 0x6B, 0x30, 
    0xAC, 0x5F, 0x27, 0xAD, 0x71, 0x49, 0xBD, 0xA9, 0xA3, 0xA7, 0x88, 0x80, 
    0xB9, 0x9A, 0x8C, 0xE4, 0xA7, 0x64, 0xD5, 0x8C, 0x49, 0xC7, 0x7D, 0x47, 
    0xCD, 0x9D, 0x7C, 0xEC, 0xA2, 0x4E, 0xF8, 0xA6, 0x3D, 0xF9, 0xA5, 0x3B, 
    0xF7, 0xA4, 0x43, 0xF7, 0xA3, 0x45, 0xF8, 0x9C, 0x36, 0xF7, 0x98, 0x2E, 
    0xF7, 0x9A, 0x35, 0xFD, 0xEF, 0xE0, 0xFE, 0xFF, 0xFF, 0xFE, 0xFE, 0xFE, 
    0xFB, 0xFC, 0xFB, 0xE3, 0xEB, 0xE2, 0xF1, 0xF4, 0xF0, 0xFC, 0xFC, 0xFC, 
    0xFF, 0xFF, 0xFF, 0xFF, 0xFF, 0xFF, 0xFF, 0xFF, 0xFF, 0xFF, 0xFF, 0xFF, 
    0xFF, 0xFF, 0xFF, 0xFF, 0xFF, 0xFF, 0xFF, 0xFF, 0xFF, 0xFF, 0xFF, 0xFF, 
    0xFF, 0xFF, 0xFF, 0xFE, 0xFE, 0xFE, 0xFF, 0xFF, 0xFF, 0xFF, 0xFF, 0xFF, 
    0xFF, 0xFF, 0xFF, 0xFF, 0xFF, 0xFF, 0xFF, 0xFF, 0xFF, 0xFF, 0xFE, 0xFF, 
    0xFF, 0xFF, 0xFF, 0xFF, 0xFF, 0xFF, 0xFF, 0xFF, 0xFF, 0xFF, 0xFF, 0xFF, 
    0xFF, 0xFF, 0xFF, 0xFF, 0xFF, 0xFF, 0xFF, 0xFF, 0xFF, 0xFF, 0xFF, 0xFF, 
    0xFF, 0xFF, 0xFF, 0xFF, 0xFF, 0xFF, 0xFF, 0xFF, 0xFF, 0xFF, 0xFF, 0xFF, 
    0xFF, 0xFF, 0xFF, 0xFF, 0xFF, 0xFF, 0xFF, 0xFF, 0xFF, 0xFF, 0xFF, 0xFF, 
    0xFF, 0xFF, 0xFF, 0xFF, 0xFF, 0xFF, 0xFF, 0xFE, 0xFF, 0xFE, 0xFE, 0xFE, 
    0xFE, 0xFE, 0xFE, 0xFE, 0xFE, 0xFE, 0xFE, 0xFE, 0xFE, 0xFE, 0xFE, 0xFE, 
    0xFE, 0xFE, 0xFE, 0xFE, 0xFE, 0xFE, 0xFE, 0xFE, 0xFE, 0xFE, 0xFE, 0xFE, 
    0xFE, 0xFE, 0xFE, 0xFE, 0xFE, 0xFE, 0xFE, 0xFE, 0xFE, 0xFE, 0xFE, 0xFE, 
    0xFE, 0xFE, 0xFE, 0xFE, 0xFE, 0xFE, 0xFE, 0xFE, 0xFE, 0xFE, 0xFE, 0xFE, 
    0xFE, 0xFE, 0xFE, 0xFE, 0xFE, 0xFE, 0xFE, 0xFE, 0xFE, 0xFE, 0xFE, 0xFE, 
    0xFE, 0xFE, 0xFE, 0xFE, 0xFE, 0xFE, 0xFE, 0xFE, 0xFE, 0xFE, 0xFE, 0xFE, 
    0xFE, 0xFE, 0xFE, 0xFE, 0xFE, 0xFE, 0xFE, 0xFE, 0xFE, 0xFE, 0xFE, 0xFE, 
    0xFE, 0xFD, 0xFD, 0xF5, 0xA6, 0x5A, 0xF1, 0x8F, 0x2E, 0xF3, 0x94, 0x33, 
    0xF3, 0x95, 0x30, 0xF5, 0x9A, 0x34, 0xF8, 0xA0, 0x3A, 0xF7, 0x9E, 0x34, 
    0xCF, 0x87, 0x43, 0xC2, 0x90, 0x6F, 0xB7, 0x6C, 0x2F, 0xAC, 0x5F, 0x28, 
    0xAC, 0x5D, 0x21, 0xB5, 0x77, 0x4C, 0xBA, 0xAA, 0xA8, 0xB9, 0xAA, 0xA9, 
    0xC4, 0xB5, 0xB5, 0xBF, 0x97, 0x84, 0xBD, 0x74, 0x45, 0xC4, 0x77, 0x40, 
    0xC1, 0x92, 0x79, 0xC4, 0x98, 0x80, 0xD9, 0x9F, 0x6C, 0xF4, 0xAB, 0x54, 
    0xF6, 0xB3, 0x63, 0xF6, 0xB0, 0x5F, 0xF6, 0xA2, 0x40, 0xF8, 0x9E, 0x34, 
    0xF8, 0xA1, 0x3C, 0xFD, 0xF0, 0xE1, 0xFE, 0xFF, 0xFF, 0xFE, 0xFE, 0xFE, 
    0xFB, 0xFC, 0xFB, 0xD7, 0xE1, 0xD5, 0xD9, 0xE4, 0xD8, 0xFD, 0xFD, 0xFD, 
    0xFE, 0xFE, 0xFE, 0xFE, 0xFE, 0xFE, 0xFE, 0xFE, 0xFE, 0xFE, 0xFE, 0xFE, 
    0xFE, 0xFE, 0xFE, 0xFE, 0xFE, 0xFE, 0xFE, 0xFE, 0xFE, 0xFE, 0xFE, 0xFE, 
    0xFE, 0xFE, 0xFE, 0xFE, 0xFE, 0xFE, 0xFE, 0xFE, 0xFE, 0xFE, 0xFE, 0xFE, 
    0xFE, 0xFE, 0xFE, 0xFE, 0xFE, 0xFE, 0xFE, 0xFE, 0xFE, 0xFE, 0xFE, 0xFE, 
    0xFE, 0xFE, 0xFE, 0xFE, 0xFE, 0xFE, 0xFE, 0xFE, 0xFE, 0xFE, 0xFE, 0xFE, 
    0xFE, 0xFE, 0xFE, 0xFE, 0xFE, 0xFE, 0xFE, 0xFE, 0xFE, 0xFE, 0xFE, 0xFE, 
    0xFE, 0xFE, 0xFE, 0xFE, 0xFE, 0xFE, 0xFE, 0xFE, 0xFE, 0xFE, 0xFE, 0xFE, 
    0xFE, 0xFE, 0xFE, 0xFE, 0xFE, 0xFE, 0xFE, 0xFE, 0xFE, 0xFE, 0xFE, 0xFE, 
    0xFE, 0xFE, 0xFE, 0xFE, 0xFE, 0xFE, 0xFE, 0xFE, 0xFE, 0xFE, 0xFE, 0xFE, 
    0xFE, 0xFE, 0xFE, 0xFE, 0xFE, 0xFE, 0xFE, 0xFE, 0xFE, 0xFE, 0xFE, 0xFE, 
    0xFE, 0xFE, 0xFE, 0xFE, 0xFE, 0xFE, 0xFE, 0xFE, 0xFE, 0xFE, 0xFE, 0xFE, 
    0xFE, 0xFE, 0xFE, 0xFE, 0xFE, 0xFE, 0xFE, 0xFE, 0xFE, 0xFE, 0xFE, 0xFE, 
    0xFE, 0xFE, 0xFE, 0xFE, 0xFE, 0xFE, 0xFE, 0xFE, 0xFE, 0xFE, 0xFE, 0xFE, 
    0xFE, 0xFE, 0xFE, 0xFE, 0xFE, 0xFE, 0xFE, 0xFE, 0xFE, 0xFE, 0xFE, 0xFE, 
    0xFE, 0xFE, 0xFE, 0xFE, 0xFE, 0xFE, 0xFE, 0xFE, 0xFE, 0xFE, 0xFE, 0xFE, 
    0xFE, 0xFE, 0xFE, 0xFE, 0xFE, 0xFE, 0xFE, 0xFE, 0xFE, 0xFE, 0xFE, 0xFE, 
    0xFE, 0xFD, 0xFD, 0xF5, 0xAA, 0x5D, 0xF3, 0x94, 0x2E, 0xF6, 0x9B, 0x37, 
    0xF9, 0xA2, 0x3B, 0xEF, 0x99, 0x35, 0xC5, 0x83, 0x4A, 0xD1, 0x96, 0x61, 
    0xC3, 0x84, 0x5B, 0xB7, 0x72, 0x44, 0xA7, 0x58, 0x20, 0xA6, 0x5B, 0x24, 
    0xB1, 0x66, 0x2B, 0xAA, 0x67, 0x33, 0xA2, 0x73, 0x50, 0xB8, 0xA6, 0xA1, 
    0xC7, 0xB3, 0xAD, 0xB6, 0x93, 0x84, 0xC1, 0x7A, 0x47, 0xC2, 0x77, 0x41, 
    0xBD, 0x8A, 0x6B, 0xC8, 0xA9, 0x9E, 0xCD, 0xAA, 0x9C, 0xDF, 0xB0, 0x87, 
    0xE5, 0x99, 0x4C, 0xE6, 0x9F, 0x54, 0xF8, 0xA9, 0x42, 0xF7, 0xA7, 0x47, 
    0xF6, 0xA8, 0x4C, 0xFD, 0xF2, 0xE4, 0xFE, 0xFF, 0xFF, 0xFE, 0xFE, 0xFE, 
    0xFF, 0xFE, 0xFF, 0xFE, 0xFE, 0xFE, 0xF5, 0xF8, 0xF5, 0xFE, 0xFE, 0xFE, 
    0xFE, 0xFE, 0xFE, 0xFE, 0xFE, 0xFE, 0xFE, 0xFE, 0xFE, 0xFE, 0xFE, 0xFE, 
    0xFE, 0xFE, 0xFE, 0xFE, 0xFE, 0xFE, 0xFE, 0xFE, 0xFE, 0xFE, 0xFE, 0xFE, 
    0xFE, 0xFE, 0xFE, 0xFE, 0xFE, 0xFE, 0xFE, 0xFE, 0xFE, 0xFE, 0xFE, 0xFE, 
    0xFE, 0xFE, 0xFE, 0xFE, 0xFE, 0xFE, 0xFE, 0xFE, 0xFE, 0xFE, 0xFE, 0xFE, 
    0xFE, 0xFE, 0xFE, 0xFE, 0xFE, 0xFE, 0xFE, 0xFE, 0xFE, 0xFE, 0xFE, 0xFE, 
    0xFE, 0xFE, 0xFE, 0xFE, 0xFE, 0xFE, 0xFE, 0xFE, 0xFE, 0xFE, 0xFE, 0xFE, 
    0xFE, 0xFE, 0xFE, 0xFE, 0xFE, 0xFE, 0xFE, 0xFE, 0xFE, 0xFE, 0xFE, 0xFE, 
    0xFE, 0xFE, 0xFE, 0xFE, 0xFE, 0xFE, 0xFE, 0xFE, 0xFE, 0xFE, 0xFE, 0xFE, 
    0xFE, 0xFE, 0xFE, 0xFE, 0xFE, 0xFE, 0xFE, 0xFE, 0xFE, 0xFE, 0xFE, 0xFE, 
    0xFE, 0xFE, 0xFE, 0xFE, 0xFE, 0xFE, 0xFE, 0xFE, 0xFE, 0xFE, 0xFE, 0xFE, 
    0xFE, 0xFE, 0xFE, 0xFE, 0xFE, 0xFE, 0xFE, 0xFE, 0xFE, 0xFE, 0xFE, 0xFE, 
    0xFE, 0xFE, 0xFE, 0xFE, 0xFE, 0xFE, 0xFE, 0xFE, 0xFE, 0xFE, 0xFE, 0xFE, 
    0xFE, 0xFE, 0xFE, 0xFE, 0xFE, 0xFE, 0xFE, 0xFE, 0xFE, 0xFE, 0xFE, 0xFE, 
    0xFE, 0xFE, 0xFE, 0xFE, 0xFE, 0xFE, 0xFE, 0xFE, 0xFE, 0xFE, 0xFE, 0xFE, 
    0xFE, 0xFE, 0xFE, 0xFE, 0xFE, 0xFE, 0xFE, 0xFE, 0xFE, 0xFE, 0xFE, 0xFE, 
    0xFE, 0xFE, 0xFE, 0xFE, 0xFE, 0xFE, 0xFE, 0xFE, 0xFE, 0xFE, 0xFE, 0xFE, 
    0xFE, 0xFD, 0xFC, 0xF9, 0xB2, 0x62, 0xEF, 0x95, 0x31, 0xD1, 0x90, 0x5B, 
    0xDC, 0x9B, 0x5F, 0xC5, 0x72, 0x2A, 0xAB, 0x68, 0x3C, 0xB1, 0x8C, 0x7F, 
    0xC1, 0x90, 0x74, 0xAE, 0x5F, 0x25, 0xB3, 0x62, 0x24, 0xAC, 0x5E, 0x23, 
    0xA5, 0x5E, 0x29, 0x9C, 0x56, 0x1E, 0xA5, 0x77, 0x56, 0xA1, 0x8B, 0x83, 
    0xA3, 0x7A, 0x62, 0xA8, 0x8C, 0x83, 0xCC, 0xA6, 0x8E, 0xC9, 0x89, 0x5B, 
    0xB7, 0x86, 0x6A, 0xBD, 0x92, 0x7A, 0xCB, 0x98, 0x74, 0xBD, 0x8C, 0x6F, 
    0xCA, 0x8D, 0x65, 0xD2, 0x90, 0x66, 0xDF, 0xA0, 0x6C, 0xF0, 0xA5, 0x53, 
    0xF7, 0xAC, 0x51, 0xFE, 0xF2, 0xE4, 0xFE, 0xFF, 0xFF, 0xFE, 0xFE, 0xFE, 
    0xFE, 0xFE, 0xFE, 0xFE, 0xFE, 0xFE, 0xFF, 0xFF, 0xFF, 0xFE, 0xFE, 0xFE, 
    0xFE, 0xFE, 0xFE, 0xFE, 0xFE, 0xFE, 0xFE, 0xFE, 0xFE, 0xFE, 0xFE, 0xFE, 
    0xFE, 0xFE, 0xFE, 0xFE, 0xFE, 0xFE, 0xFE, 0xFE, 0xFE, 0xFE, 0xFE, 0xFE, 
    0xFE, 0xFE, 0xFE, 0xFE, 0xFE, 0xFE, 0xFE, 0xFE, 0xFE, 0xFE, 0xFE, 0xFE, 
    0xFE, 0xFE, 0xFE, 0xFE, 0xFE, 0xFE, 0xFE, 0xFE, 0xFE, 0xFE, 0xFE, 0xFE, 
    0xFE, 0xFE, 0xFE, 0xFE, 0xFE, 0xFE, 0xFE, 0xFE, 0xFE, 0xFE, 0xFE, 0xFE, 
    0xFE, 0xFE, 0xFE, 0xFE, 0xFE, 0xFE, 0xFE, 0xFE, 0xFE, 0xFE, 0xFE, 0xFE, 
    0xFE, 0xFE, 0xFE, 0xFE, 0xFE, 0xFE, 0xFE, 0xFE, 0xFE, 0xFE, 0xFE, 0xFE, 
    0xFE, 0xFE, 0xFE, 0xFE, 0xFE, 0xFE, 0xFE, 0xFE, 0xFE, 0xFE, 0xFE, 0xFE, 
    0xFE, 0xFE, 0xFE, 0xFE, 0xFE, 0xFE, 0xFE, 0xFE, 0xFE, 0xFE, 0xFE, 0xFE, 
    0xFE, 0xFE, 0xFE, 0xFE, 0xFE, 0xFE, 0xFE, 0xFE, 0xFE, 0xFE, 0xFE, 0xFE, 
    0xFE, 0xFE, 0xFE, 0xFE, 0xFE, 0xFE, 0xFE, 0xFE, 0xFE, 0xFE, 0xFE, 0xFE, 
    0xFE, 0xFE, 0xFE, 0xFE, 0xFE, 0xFE, 0xFE, 0xFE, 0xFE, 0xFE, 0xFE, 0xFE, 
    0xFE, 0xFE, 0xFE, 0xFE, 0xFE, 0xFE, 0xFE, 0xFE, 0xFE, 0xFE, 0xFE, 0xFE, 
    0xFE, 0xFE, 0xFE, 0xFE, 0xFE, 0xFE, 0xFE, 0xFE, 0xFE, 0xFE, 0xFE, 0xFE, 
    0xFE, 0xFE, 0xFE, 0xFE, 0xFE, 0xFE, 0xFE, 0xFE, 0xFE, 0xFE, 0xFE, 0xFE, 
    0xFE, 0xFE, 0xFE, 0xFE, 0xFE, 0xFE, 0xFE, 0xFE, 0xFE, 0xFE, 0xFE, 0xFE, 
    0xFD, 0xFE, 0xFE, 0xD4, 0x9F, 0x65, 0xC5, 0x74, 0x31, 0x85, 0x73, 0x5B, 
    0xB8, 0x75, 0x4C, 0xB0, 0x5C, 0x20, 0xB4, 0x6A, 0x36, 0xAB, 0x84, 0x74, 
    0xA7, 0x6F, 0x4E, 0xC1, 0x6F, 0x2F, 0xCC, 0x7D, 0x3B, 0xB1, 0x64, 0x28, 
    0x9D, 0x54, 0x1F, 0xA1, 0x5A, 0x25, 0xA1, 0x69, 0x3F, 0xA3, 0x97, 0x96, 
    0xA3, 0x88, 0x7D, 0xAA, 0x88, 0x7A, 0xC4, 0xB3, 0xB0, 0xE3, 0xD3, 0xCD, 
    0xCB, 0xA9, 0x98, 0xCF, 0xA2, 0x86, 0xC9, 0x79, 0x3C, 0xB2, 0x6C, 0x3C, 
    0xAB, 0x7E, 0x68, 0xC7, 0x8D, 0x69, 0xC5, 0x9D, 0x86, 0xCD, 0x8A, 0x5D, 
    0xE6, 0xA6, 0x69, 0xFD, 0xF2, 0xE6, 0xFE, 0xFF, 0xFF, 0xFE, 0xFE, 0xFE, 
    0xFE, 0xFE, 0xFE, 0xFE, 0xFE, 0xFE, 0xFE, 0xFE, 0xFE, 0xFE, 0xFE, 0xFE, 
    0xFE, 0xFE, 0xFE, 0xFE, 0xFE, 0xFE, 0xFE, 0xFE, 0xFE, 0xFE, 0xFE, 0xFE, 
    0xFE, 0xFE, 0xFE, 0xFE, 0xFE, 0xFE, 0xFE, 0xFE, 0xFE, 0xFE, 0xFE, 0xFE, 
    0xFE, 0xFE, 0xFE, 0xFE, 0xFE, 0xFE, 0xFE, 0xFE, 0xFE, 0xFE, 0xFE, 0xFE, 
    0xFE, 0xFE, 0xFE, 0xFE, 0xFE, 0xFE, 0xFE, 0xFE, 0xFE, 0xFE, 0xFE, 0xFE, 
    0xFE, 0xFE, 0xFE, 0xFE, 0xFE, 0xFE, 0xFE, 0xFE, 0xFE, 0xFE, 0xFE, 0xFE, 
    0xFE, 0xFE, 0xFE, 0xFE, 0xFE, 0xFE, 0xFE, 0xFE, 0xFE, 0xFE, 0xFE, 0xFE, 
    0xFE, 0xFE, 0xFE, 0xFE, 0xFE, 0xFE, 0xFE, 0xFE, 0xFE, 0xFE, 0xFE, 0xFE, 
    0xFE, 0xFE, 0xFE, 0xFE, 0xFE, 0xFE, 0xFE, 0xFE, 0xFE, 0xFE, 0xFE, 0xFE, 
    0xFE, 0xFE, 0xFE, 0xFE, 0xFE, 0xFE, 0xFE, 0xFE, 0xFE, 0xFE, 0xFE, 0xFE, 
    0xFE, 0xFE, 0xFE, 0xFE, 0xFE, 0xFE, 0xFE, 0xFE, 0xFE, 0xFE, 0xFE, 0xFE, 
    0xFE, 0xFE, 0xFE, 0xFE, 0xFE, 0xFE, 0xFE, 0xFE, 0xFE, 0xFE, 0xFE, 0xFE, 
    0xFE, 0xFE, 0xFE, 0xFE, 0xFE, 0xFE, 0xFE, 0xFE, 0xFE, 0xFE, 0xFE, 0xFE, 
    0xFE, 0xFE, 0xFE, 0xFE, 0xFE, 0xFE, 0xFE, 0xFE, 0xFE, 0xFE, 0xFE, 0xFE, 
    0xFE, 0xFE, 0xFE, 0xFE, 0xFE, 0xFE, 0xFE, 0xFE, 0xFE, 0xFE, 0xFE, 0xFE, 
    0xFE, 0xFE, 0xFE, 0xFE, 0xFE, 0xFE, 0xFE, 0xFE, 0xFE, 0xFE, 0xFE, 0xFE, 
    0xFE, 0xFE, 0xFE, 0xFE, 0xFE, 0xFE, 0xFE, 0xFE, 0xFE, 0xFE, 0xFE, 0xFE, 
    0xFB, 0xFD, 0xFE, 0x6F, 0x6F, 0x55, 0x67, 0x48, 0x1D, 0x2B, 0x42, 0x2E, 
    0x93, 0x5D, 0x26, 0xA8, 0x5F, 0x21, 0x90, 0x59, 0x2B, 0x8F, 0x7B, 0x6F, 
    0xB9, 0x95, 0x84, 0xC6, 0x8E, 0x6A, 0xD1, 0x85, 0x49, 0xBE, 0x6F, 0x30, 
    0xA2, 0x57, 0x1F, 0x9C, 0x56, 0x22, 0xA4, 0x5C, 0x26, 0x9C, 0x7E, 0x6C, 
    0xA0, 0x8B, 0x7C, 0xC0, 0xB5, 0xAF, 0xD5, 0xC9, 0xCC, 0xD8, 0xC9, 0xC9, 
    0xD6, 0xC3, 0xBF, 0xD5, 0xB7, 0xA8, 0x92, 0x71, 0x4A, 0xB0, 0x69, 0x33, 
    0xB2, 0x83, 0x6B, 0xB6, 0x82, 0x62, 0x6B, 0x62, 0x4E, 0xB4, 0x87, 0x66, 
    0xA4, 0x82, 0x62, 0xED, 0xE8, 0xE2, 0xFF, 0xFF, 0xFF, 0xFE, 0xFF, 0xFF, 
    0xFE, 0xFF, 0xFF, 0xFE, 0xFF, 0xFF, 0xFE, 0xFF, 0xFF, 0xFE, 0xFF, 0xFF, 
    0xFE, 0xFF, 0xFF, 0xFE, 0xFF, 0xFF, 0xFE, 0xFF, 0xFF, 0xFE, 0xFF, 0xFF, 
    0xFF, 0xFF, 0xFF, 0xFF, 0xFF, 0xFF, 0xFF, 0xFF, 0xFF, 0xFF, 0xFF, 0xFF, 
    0xFF, 0xFF, 0xFF, 0xFF, 0xFF, 0xFF, 0xFE, 0xFE, 0xFE, 0xFF, 0xFF, 0xFF, 
    0xFF, 0xFF, 0xFF, 0xFF, 0xFF, 0xFF, 0xFF, 0xFF, 0xFF, 0xFF, 0xFF, 0xFF, 
    0xFF, 0xFF, 0xFF, 0xFF, 0xFF, 0xFF, 0xFF, 0xFF, 0xFF, 0xFE, 0xFE, 0xFE, 
    0xFF, 0xFF, 0xFF, 0xFF, 0xFF, 0xFF, 0xFF, 0xFF, 0xFF, 0xFF, 0xFF, 0xFF, 
    0xFF, 0xFF, 0xFF, 0xFF, 0xFF, 0xFF, 0xFF, 0xFF, 0xFF, 0xFF, 0xFF, 0xFF, 
    0xFF, 0xFF, 0xFF, 0xFE, 0xFE, 0xFE, 0xFE, 0xFE, 0xFE, 0xFE, 0xFE, 0xFE, 
    0xFE, 0xFE, 0xFE, 0xFE, 0xFE, 0xFE, 0xFE, 0xFE, 0xFE, 0xFE, 0xFE, 0xFE, 
    0xFE, 0xFE, 0xFE, 0xFE, 0xFE, 0xFE, 0xFE, 0xFE, 0xFE, 0xFE, 0xFE, 0xFE, 
    0xFE, 0xFE, 0xFE, 0xFE, 0xFE, 0xFE, 0xFE, 0xFE, 0xFE, 0xFE, 0xFE, 0xFE, 
    0xFE, 0xFE, 0xFE, 0xFE, 0xFE, 0xFE, 0xFE, 0xFE, 0xFE, 0xFE, 0xFE, 0xFE, 
    0xFE, 0xFE, 0xFE, 0xFE, 0xFE, 0xFE, 0xFE, 0xFE, 0xFE, 0xFE, 0xFE, 0xFE, 
    0xFE, 0xFE, 0xFE, 0xFE, 0xFE, 0xFE, 0xFE, 0xFE, 0xFE, 0xFE, 0xFE, 0xFE, 
    0xFE, 0xFE, 0xFE, 0xFE, 0xFE, 0xFE, 0xFE, 0xFE, 0xFE, 0xFE, 0xFE, 0xFE, 
    0xFE, 0xFE, 0xFE, 0xFE, 0xFE, 0xFE, 0xFE, 0xFE, 0xFE, 0xFE, 0xFE, 0xFE, 
    0xFC, 0xFC, 0xFC, 0x4D, 0x6A, 0x5B, 0x20, 0x2E, 0x17, 0x0E, 0x34, 0x27, 
    0x42, 0x4F, 0x2F, 0x57, 0x4E, 0x27, 0x52, 0x4D, 0x28, 0x49, 0x5E, 0x47, 
    0x87, 0x6D, 0x48, 0xA4, 0x84, 0x64, 0xA8, 0x67, 0x2E, 0xB3, 0x6F, 0x35, 
    0xAE, 0x69, 0x2B, 0xA5, 0x5D, 0x1E, 0xA0, 0x57, 0x22, 0x98, 0x70, 0x53, 
    0x9B, 0x80, 0x6B, 0x9D, 0x7C, 0x57, 0xA9, 0x9C, 0x85, 0xB3, 0xA2, 0x8F, 
    0xB8, 0x93, 0x78, 0xAF, 0x80, 0x54, 0x40, 0x55, 0x44, 0x9E, 0x81, 0x59, 
    0xB0, 0x82, 0x5A, 0x95, 0x73, 0x54, 0x31, 0x3D, 0x28, 0x53, 0x4F, 0x2B, 
    0x42, 0x48, 0x28, 0xE0, 0xE3, 0xE0, 0xFF, 0xFF, 0xFF, 0xFD, 0xF9, 0xF8, 
    0xFB, 0xE2, 0xE2, 0xFC, 0xEE, 0xEE, 0xFC, 0xE2, 0xE2, 0xFD, 0xF5, 0xF5, 
    0xFC, 0xF2, 0xF2, 0xFD, 0xF1, 0xF1, 0xFC, 0xEC, 0xEC, 0xFD, 0xEA, 0xEB, 
    0xF3, 0xF4, 0xF4, 0xD9, 0xD9, 0xD9, 0xDE, 0xDE, 0xDE, 0xE7, 0xE7, 0xE7, 
    0xE3, 0xE3, 0xE3, 0xDC, 0xDC, 0xDC, 0xFC, 0xFC, 0xFC, 0xEB, 0xEB, 0xEB, 
    0xE3, 0xE3, 0xE3, 0xDC, 0xDC, 0xDC, 0xDE, 0xDE, 0xDE, 0xE2, 0xE2, 0xE2, 
    0xE6, 0xE6, 0xE6, 0xDC, 0xDB, 0xDB, 0xDF, 0xDF, 0xDF, 0xFB, 0xFB, 0xFB, 
    0xDC, 0xDC, 0xDC, 0xE3, 0xE3, 0xE3, 0xDA, 0xDA, 0xDA, 0xDD, 0xDD, 0xDD, 
    0xDC, 0xDC, 0xDC, 0xDA, 0xDA, 0xDA, 0xE7, 0xE7, 0xE7, 0xF9, 0xF9, 0xF9, 
    0xE7, 0xE7, 0xE8, 0xFC, 0xFC, 0xFC, 0xFE, 0xFE, 0xFE, 0xFE, 0xFE, 0xFE, 
    0xFE, 0xFE, 0xFE, 0xFE, 0xFE, 0xFE, 0xFE, 0xFE, 0xFE, 0xFE, 0xFE, 0xFE, 
    0xFE, 0xFE, 0xFE, 0xFE, 0xFE, 0xFE, 0xFE, 0xFE, 0xFE, 0xFE, 0xFE, 0xFE, 
    0xFE, 0xFE, 0xFE, 0xFE, 0xFE, 0xFE, 0xFE, 0xFE, 0xFE, 0xFE, 0xFE, 0xFE, 
    0xFE, 0xFE, 0xFE, 0xFE, 0xFE, 0xFE, 0xFE, 0xFE, 0xFE, 0xFE, 0xFE, 0xFE, 
    0xFE, 0xFE, 0xFE, 0xFE, 0xFE, 0xFE, 0xFE, 0xFE, 0xFE, 0xFE, 0xFE, 0xFE, 
    0xFE, 0xFE, 0xFE, 0xFE, 0xFE, 0xFE, 0xFE, 0xFE, 0xFE, 0xFE, 0xFE, 0xFE, 
    0xFE, 0xFE, 0xFE, 0xFE, 0xFE, 0xFE, 0xFE, 0xFE, 0xFE, 0xFE, 0xFE, 0xFE, 
    0xFE, 0xFE, 0xFE, 0xFE, 0xFE, 0xFE, 0xFE, 0xFE, 0xFE, 0xFE, 0xFE, 0xFE, 
    0xFE, 0xFD, 0xFD, 0x45, 0x60, 0x55, 0x0E, 0x24, 0x12, 0x0F, 0x2D, 0x20, 
    0x19, 0x45, 0x34, 0x25, 0x49, 0x33, 0x27, 0x36, 0x1F, 0x20, 0x45, 0x32, 
    0x53, 0x56, 0x2C, 0x5D, 0x56, 0x27, 0x6F, 0x5E, 0x29, 0x77, 0x65, 0x35, 
    0x8E, 0x72, 0x37, 0x99, 0x73, 0x3B, 0x94, 0x69, 0x36, 0x99, 0x6E, 0x39, 
    0x9C, 0x90, 0x78, 0x9E, 0x88, 0x60, 0x76, 0x6C, 0x3A, 0x81, 0x7B, 0x4C, 
    0x89, 0x7D, 0x4E, 0x82, 0x68, 0x31, 0x22, 0x42, 0x30, 0x6B, 0x6B, 0x40, 
    0x5C, 0x52, 0x28, 0x41, 0x47, 0x22, 0x1F, 0x31, 0x18, 0x1C, 0x3D, 0x28, 
    0x2B, 0x36, 0x21, 0xDD, 0xE3, 0xE2, 0xFF, 0xFF, 0xFF, 0xF9, 0xDF, 0xDE, 
    0xED, 0x8D, 0x8D, 0xF5, 0xB8, 0xB8, 0xF6, 0xB1, 0xB1, 0xF5, 0xB9, 0xB8, 
    0xF1, 0xA4, 0xA4, 0xF1, 0x94, 0x95, 0xF5, 0xAD, 0xAD, 0xFD, 0xE4, 0xE4, 
    0xE5, 0xE8, 0xE8, 0xA0, 0xA0, 0xA0, 0x97, 0x97, 0x97, 0x90, 0x90, 0x90, 
    0x9D, 0x9D, 0x9D, 0xA1, 0xA1, 0xA1, 0xF8, 0xF8, 0xF8, 0xC1, 0xC1, 0xC1, 
    0x96, 0x96, 0x95, 0x85, 0x85, 0x85, 0x92, 0x92, 0x92, 0xAB, 0xAB, 0xAB, 
    0xA3, 0xA3, 0xA3, 0x85, 0x85, 0x84, 0x93, 0x93, 0x93, 0xF0, 0xF0, 0xF0, 
    0x92, 0x92, 0x92, 0x9A, 0x9A, 0x9A, 0x92, 0x91, 0x91, 0x93, 0x93, 0x93, 
    0x8D, 0x8D, 0x8D, 0x8C, 0x8B, 0x8B, 0xB0, 0xB0, 0xB0, 0xE6, 0xE6, 0xE6, 
    0xA3, 0xA3, 0xA3, 0xF3, 0xF3, 0xF3, 0xFF, 0xFF, 0xFF, 0xFE, 0xFE, 0xFE, 
    0xFE, 0xFE, 0xFE, 0xFE, 0xFE, 0xFE, 0xFE, 0xFE, 0xFE, 0xFE, 0xFE, 0xFE, 
    0xFE, 0xFE, 0xFE, 0xFE, 0xFE, 0xFE, 0xFE, 0xFE, 0xFE, 0xFE, 0xFE, 0xFE, 
    0xFE, 0xFE, 0xFE, 0xFE, 0xFE, 0xFE, 0xFE, 0xFE, 0xFE, 0xFE, 0xFE, 0xFE, 
    0xFE, 0xFE, 0xFE, 0xFE, 0xFE, 0xFE, 0xFE, 0xFE, 0xFE, 0xFE, 0xFE, 0xFE, 
    0xFE, 0xFE, 0xFE, 0xFE, 0xFE, 0xFE, 0xFE, 0xFE, 0xFE, 0xFE, 0xFE, 0xFE, 
    0xFE, 0xFE, 0xFE, 0xFE, 0xFE, 0xFE, 0xFE, 0xFE, 0xFE, 0xFE, 0xFE, 0xFE, 
    0xFE, 0xFE, 0xFE, 0xFE, 0xFE, 0xFE, 0xFE, 0xFE, 0xFE, 0xFE, 0xFE, 0xFE, 
    0xFE, 0xFE, 0xFE, 0xFE, 0xFE, 0xFE, 0xFE, 0xFE, 0xFE, 0xFE, 0xFE, 0xFE, 
    0xFD, 0xFD, 0xFD, 0x46, 0x5D, 0x50, 0x0E, 0x1B, 0x09, 0x0E, 0x2B, 0x1D, 
    0x12, 0x43, 0x34, 0x15, 0x3E, 0x2D, 0x16, 0x26, 0x13, 0x16, 0x45, 0x36, 
    0x27, 0x49, 0x31, 0x3A, 0x4E, 0x2E, 0x50, 0x52, 0x28, 0x59, 0x5A, 0x2C, 
    0x63, 0x5E, 0x2E, 0x68, 0x5E, 0x2C, 0x76, 0x68, 0x33, 0x88, 0x73, 0x36, 
    0x8A, 0x77, 0x38, 0x94, 0x74, 0x2C, 0x52, 0x54, 0x27, 0x56, 0x5F, 0x39, 
    0x4B, 0x57, 0x34, 0x40, 0x41, 0x1D, 0x12, 0x2D, 0x1E, 0x24, 0x4B, 0x35, 
    0x21, 0x3A, 0x24, 0x22, 0x33, 0x19, 0x18, 0x22, 0x0D, 0x15, 0x3A, 0x29, 
    0x2B, 0x30, 0x1B, 0xDE, 0xE0, 0xDD, 0xFF, 0xFF, 0xFF, 0xFE, 0xFB, 0xFC, 
    0xFC, 0xF4, 0xF4, 0xFB, 0xED, 0xEC, 0xFD, 0xF8, 0xF8, 0xFD, 0xF7, 0xF7, 
    0xFA, 0xEC, 0xEC, 0xFA, 0xEA, 0xEA, 0xFC, 0xF4, 0xF4, 0xFF, 0xFF, 0xFF, 
    0xF8, 0xF8, 0xF8, 0xEE, 0xED, 0xEE, 0xF6, 0xF6, 0xF6, 0xF1, 0xF1, 0xF1, 
    0xED, 0xED, 0xED, 0xEC, 0xEC, 0xEC, 0xD9, 0xD9, 0xD9, 0xE5, 0xE5, 0xE5, 
    0xEE, 0xEE, 0xEE, 0xF3, 0xF3, 0xF2, 0xF1, 0xF1, 0xF1, 0xF3, 0xF3, 0xF3, 
    0xEB, 0xEB, 0xEB, 0xF2, 0xF2, 0xF2, 0xED, 0xED, 0xED, 0xD8, 0xD8, 0xD8, 
    0xE9, 0xE8, 0xE9, 0xEF, 0xEF, 0xEF, 0xF2, 0xF2, 0xF2, 0xF1, 0xF0, 0xF0, 
    0xF0, 0xF0, 0xF0, 0xF1, 0xF0, 0xF1, 0xE3, 0xE3, 0xE3, 0xD8, 0xD8, 0xD8, 
    0xF0, 0xEF, 0xEF, 0xD5, 0xD5, 0xD5, 0xF9, 0xF9, 0xFA, 0xFE, 0xFE, 0xFE, 
    0xFE, 0xFE, 0xFE, 0xFE, 0xFE, 0xFE, 0xFE, 0xFE, 0xFE, 0xFE, 0xFE, 0xFE, 
    0xFE, 0xFE, 0xFE, 0xFE, 0xFE, 0xFE, 0xFE, 0xFE, 0xFE, 0xFE, 0xFE, 0xFE, 
    0xFE, 0xFE, 0xFE, 0xFE, 0xFE, 0xFE, 0xFE, 0xFE, 0xFE, 0xFE, 0xFE, 0xFE, 
    0xFE, 0xFE, 0xFE, 0xFE, 0xFE, 0xFE, 0xFE, 0xFE, 0xFE, 0xFE, 0xFE, 0xFE, 
    0xFE, 0xFE, 0xFE, 0xFE, 0xFE, 0xFE, 0xFE, 0xFE, 0xFE, 0xFE, 0xFE, 0xFE, 
    0xFE, 0xFE, 0xFE, 0xFE, 0xFE, 0xFE, 0xFE, 0xFE, 0xFE, 0xFE, 0xFE, 0xFE, 
    0xFE, 0xFE, 0xFE, 0xFE, 0xFE, 0xFE, 0xFE, 0xFE, 0xFE, 0xFE, 0xFE, 0xFE, 
    0xFE, 0xFE, 0xFE, 0xFE, 0xFE, 0xFE, 0xFE, 0xFE, 0xFE, 0xFE, 0xFE, 0xFE, 
    0xFD, 0xFC, 0xFD, 0x46, 0x59, 0x4B, 0x0E, 0x17, 0x04, 0x0F, 0x28, 0x1B, 
    0x0D, 0x3B, 0x2E, 0x15, 0x39, 0x27, 0x1B, 0x27, 0x12, 0x14, 0x40, 0x30, 
    0x19, 0x38, 0x24, 0x24, 0x4A, 0x34, 0x31, 0x42, 0x25, 0x38, 0x4E, 0x2C, 
    0x3E, 0x4A, 0x2A, 0x44, 0x4E, 0x2A, 0x52, 0x58, 0x2C, 0x58, 0x57, 0x2B, 
    0x46, 0x4F, 0x2C, 0x65, 0x60, 0x2D, 0x34, 0x3A, 0x19, 0x1C, 0x41, 0x2E, 
    0x1A, 0x45, 0x33, 0x24, 0x35, 0x1B, 0x19, 0x2C, 0x21, 0x18, 0x48, 0x39, 
    0x1D, 0x3A, 0x27, 0x1D, 0x2B, 0x11, 0x15, 0x17, 0x06, 0x0F, 0x34, 0x27, 
    0x27, 0x35, 0x1E, 0xE0, 0xDE, 0xDB, 0xFF, 0xFF, 0xFF, 0xFD, 0xFA, 0xFA, 
    0xFB, 0xEA, 0xEA, 0xFD, 0xF0, 0xF0, 0xFE, 0xFB, 0xFB, 0xFA, 0xE4, 0xE4, 
    0xFB, 0xEC, 0xEC, 0xFE, 0xFC, 0xFC, 0xFE, 0xFD, 0xFD, 0xFE, 0xFD, 0xFD, 
    0xF4, 0xF5, 0xF4, 0xE0, 0xE0, 0xE0, 0xE4, 0xE4, 0xE4, 0xEC, 0xEC, 0xEC, 
    0xEB, 0xEB, 0xEA, 0xE4, 0xE4, 0xE4, 0xFD, 0xFD, 0xFD, 0xEF, 0xEF, 0xEF, 
    0xE9, 0xE9, 0xE9, 0xE4, 0xE3, 0xE3, 0xE5, 0xE5, 0xE5, 0xE7, 0xE6, 0xE6, 
    0xEC, 0xEC, 0xEC, 0xE4, 0xE4, 0xE4, 0xE6, 0xE5, 0xE5, 0xFD, 0xFD, 0xFD, 
    0xE3, 0xE3, 0xE3, 0xE8, 0xE7, 0xE7, 0xE3, 0xE3, 0xE3, 0xE4, 0xE4, 0xE4, 
    0xE3, 0xE3, 0xE3, 0xE3, 0xE3, 0xE3, 0xEB, 0xEB, 0xEB, 0xFC, 0xFB, 0xFB, 
    0xEE, 0xED, 0xED, 0xFD, 0xFD, 0xFD, 0xFE, 0xFE, 0xFE, 0xFE, 0xFE, 0xFE, 
    0xFE, 0xFE, 0xFE, 0xFE, 0xFE, 0xFE, 0xFE, 0xFE, 0xFE, 0xFE, 0xFE, 0xFE, 
    0xFE, 0xFE, 0xFE, 0xFE, 0xFE, 0xFE, 0xFE, 0xFE, 0xFE, 0xFE, 0xFE, 0xFE, 
    0xFE, 0xFE, 0xFE, 0xFE, 0xFE, 0xFE, 0xFE, 0xFE, 0xFE, 0xFE, 0xFE, 0xFE, 
    0xFE, 0xFE, 0xFE, 0xFE, 0xFE, 0xFE, 0xFE, 0xFE, 0xFE, 0xFE, 0xFE, 0xFE, 
    0xFE, 0xFE, 0xFE, 0xFE, 0xFE, 0xFE, 0xFE, 0xFE, 0xFE, 0xFE, 0xFE, 0xFE, 
    0xFE, 0xFE, 0xFE, 0xFE, 0xFE, 0xFE, 0xFE, 0xFE, 0xFE, 0xFE, 0xFE, 0xFE, 
    0xFE, 0xFE, 0xFE, 0xFE, 0xFE, 0xFE, 0xFE, 0xFE, 0xFE, 0xFE, 0xFE, 0xFE, 
    0xFE, 0xFE, 0xFE, 0xFE, 0xFE, 0xFE, 0xFE, 0xFE, 0xFE, 0xFE, 0xFE, 0xFE, 
    0xFE, 0xFE, 0xFE, 0x45, 0x5E, 0x50, 0x0A, 0x1E, 0x0C, 0x13, 0x2C, 0x20, 
    0x0F, 0x41, 0x31, 0x17, 0x36, 0x22, 0x1A, 0x22, 0x0F, 0x18, 0x3D, 0x2C, 
    0x20, 0x3B, 0x22, 0x20, 0x45, 0x31, 0x33, 0x40, 0x1C, 0x2C, 0x42, 0x26, 
    0x36, 0x3F, 0x1C, 0x38, 0x4A, 0x28, 0x3D, 0x46, 0x22, 0x39, 0x45, 0x24, 
    0x25, 0x43, 0x2B, 0x2F, 0x4C, 0x2D, 0x26, 0x2B, 0x0F, 0x1C, 0x32, 0x1A, 
    0x17, 0x3C, 0x2B, 0x15, 0x27, 0x26, 0x37, 0x4B, 0x6A, 0x4A, 0x6F, 0x9C, 
    0x4A, 0x68, 0x8F, 0x3F, 0x51, 0x64, 0x20, 0x21, 0x14, 0x0F, 0x31, 0x20, 
    0x1F, 0x42, 0x2F, 0xDF, 0xDE, 0xDB, 0xFF, 0xFF, 0xFF, 0xF9, 0xE0, 0xE0, 
    0xEE, 0x88, 0x88, 0xF3, 0xA0, 0x9F, 0xF0, 0x9D, 0x9D, 0xF6, 0xB0, 0xAF, 
    0xF3, 0xBE, 0xBE, 0xF4, 0xB2, 0xB2, 0xF2, 0xA2, 0xA3, 0xF9, 0xD6, 0xD7, 
    0xE4, 0xE7, 0xE7, 0x9F, 0x9F, 0x9F, 0x98, 0x97, 0x97, 0x91, 0x91, 0x91, 
    0x9E, 0x9D, 0x9D, 0xA3, 0xA3, 0xA3, 0xFA, 0xFA, 0xFA, 0xC1, 0xC1, 0xC1, 
    0x96, 0x96, 0x96, 0x86, 0x85, 0x85, 0x92, 0x91, 0x91, 0xAC, 0xAB, 0xAB, 
    0xA1, 0xA1, 0xA1, 0x84, 0x84, 0x84, 0x91, 0x91, 0x91, 0xF1, 0xF1, 0xF1, 
    0x95, 0x95, 0x94, 0x9C, 0x9C, 0x9B, 0x92, 0x92, 0x92, 0x95, 0x94, 0x94, 
    0x8D, 0x8D, 0x8D, 0x8B, 0x8B, 0x8B, 0xB1, 0xB1, 0xB1, 0xE7, 0xE7, 0xE7, 
    0xA3, 0xA3, 0xA3, 0xF5, 0xF5, 0xF5, 0xFF, 0xFF, 0xFF, 0xFE, 0xFE, 0xFE, 
    0xFE, 0xFE, 0xFE, 0xFE, 0xFE, 0xFE, 0xFE, 0xFE, 0xFE, 0xFE, 0xFE, 0xFE, 
    0xFE, 0xFE, 0xFE, 0xFE, 0xFE, 0xFE, 0xFE, 0xFE, 0xFE, 0xFE, 0xFE, 0xFE, 
    0xFE, 0xFE, 0xFE, 0xFE, 0xFE, 0xFE, 0xFE, 0xFE, 0xFE, 0xFE, 0xFE, 0xFE, 
    0xFE, 0xFE, 0xFE, 0xFE, 0xFE, 0xFE, 0xFE, 0xFE, 0xFE, 0xFE, 0xFE, 0xFE, 
    0xFE, 0xFE, 0xFE, 0xFE, 0xFE, 0xFE, 0xFE, 0xFE, 0xFE, 0xFE, 0xFE, 0xFE, 
    0xFE, 0xFE, 0xFE, 0xFE, 0xFE, 0xFE, 0xFE, 0xFE, 0xFE, 0xFE, 0xFE, 0xFE, 
    0xFE, 0xFE, 0xFE, 0xFE, 0xFE, 0xFE, 0xFE, 0xFE, 0xFE, 0xFE, 0xFE, 0xFE, 
    0xFE, 0xFE, 0xFE, 0xFE, 0xFE, 0xFE, 0xFE, 0xFE, 0xFE, 0xFE, 0xFE, 0xFE, 
    0xFE, 0xFE, 0xFE, 0x42, 0x5E, 0x4D, 0x07, 0x36, 0x21, 0x0D, 0x31, 0x29, 
    0x0E, 0x4D, 0x41, 0x11, 0x5C, 0x47, 0x14, 0x5C, 0x4C, 0x1A, 0x5B, 0x52, 
    0x1B, 0x59, 0x43, 0x1F, 0x5B, 0x46, 0x2F, 0x54, 0x36, 0x2B, 0x54, 0x3D, 
    0x35, 0x5B, 0x3D, 0x33, 0x59, 0x3C, 0x36, 0x4A, 0x2C, 0x3E, 0x51, 0x2C, 
    0x23, 0x3B, 0x21, 0x26, 0x4C, 0x34, 0x23, 0x2D, 0x12, 0x1E, 0x29, 0x0F, 
    0x15, 0x23, 0x19, 0x1C, 0x26, 0x32, 0x20, 0x2A, 0x38, 0x2D, 0x44, 0x68, 
    0x31, 0x4C, 0x77, 0x32, 0x49, 0x71, 0x24, 0x37, 0x3E, 0x0F, 0x2F, 0x18, 
    0x18, 0x4D, 0x3E, 0xDE, 0xE6, 0xE4, 0xFF, 0xFF, 0xFF, 0xFD, 0xFA, 0xFA, 
    0xFC, 0xEE, 0xEE, 0xFB, 0xE8, 0xE8, 0xFB, 0xE7, 0xE7, 0xFE, 0xF7, 0xF7, 
    0xFA, 0xEA, 0xEA, 0xFB, 0xEB, 0xEB, 0xFB, 0xE8, 0xE9, 0xFE, 0xF5, 0xF5, 
    0xF4, 0xF5, 0xF5, 0xE8, 0xE8, 0xE8, 0xF3, 0xF3, 0xF3, 0xEC, 0xEC, 0xEC, 
    0xE5, 0xE5, 0xE5, 0xE6, 0xE6, 0xE6, 0xDA, 0xDA, 0xDA, 0xE0, 0xE0, 0xE0, 
    0xE8, 0xE8, 0xE8, 0xEB, 0xEB, 0xEB, 0xEB, 0xEB, 0xEB, 0xEC, 0xEC, 0xEC, 
    0xE4, 0xE4, 0xE4, 0xEB, 0xEB, 0xEB, 0xE6, 0xE6, 0xE6, 0xD9, 0xD9, 0xD9, 
    0xE4, 0xE4, 0xE4, 0xE9, 0xE9, 0xE9, 0xEC, 0xEC, 0xEC, 0xEA, 0xEA, 0xEA, 
    0xE9, 0xE9, 0xE9, 0xE8, 0xE8, 0xE8, 0xE2, 0xE2, 0xE1, 0xD9, 0xD9, 0xD9, 
    0xEB, 0xEB, 0xEA, 0xD6, 0xD6, 0xD6, 0xFA, 0xFA, 0xFA, 0xFE, 0xFE, 0xFE, 
    0xFE, 0xFE, 0xFE, 0xFE, 0xFE, 0xFE, 0xFE, 0xFE, 0xFE, 0xFE, 0xFE, 0xFE, 
    0xFE, 0xFE, 0xFE, 0xFE, 0xFE, 0xFE, 0xFE, 0xFE, 0xFE, 0xFE, 0xFE, 0xFE, 
    0xFE, 0xFE, 0xFE, 0xFE, 0xFE, 0xFE, 0xFE, 0xFE, 0xFE, 0xFE, 0xFE, 0xFE, 
    0xFE, 0xFE, 0xFE, 0xFE, 0xFE, 0xFE, 0xFE, 0xFE, 0xFE, 0xFE, 0xFE, 0xFE, 
    0xFE, 0xFE, 0xFE, 0xFE, 0xFE, 0xFE, 0xFE, 0xFE, 0xFE, 0xFE, 0xFE, 0xFE, 
    0xFE, 0xFE, 0xFE, 0xFE, 0xFE, 0xFE, 0xFE, 0xFE, 0xFE, 0xFE, 0xFE, 0xFE, 
    0xFE, 0xFE, 0xFE, 0xFE, 0xFE, 0xFE, 0xFE, 0xFE, 0xFE, 0xFE, 0xFE, 0xFE, 
    0xFE, 0xFE, 0xFE, 0xFE, 0xFE, 0xFE, 0xFE, 0xFE, 0xFE, 0xFE, 0xFE, 0xFE, 
    0xFE, 0xFE, 0xFE, 0x42, 0x8F, 0x8A, 0x09, 0x67, 0x64, 0x18, 0x68, 0x69, 
    0x13, 0x57, 0x53, 0x15, 0x62, 0x60, 0x28, 0x8D, 0x99, 0x23, 0x85, 0x8A, 
    0x25, 0x86, 0x8B, 0x21, 0x89, 0x83, 0x29, 0x80, 0x71, 0x31, 0x82, 0x69, 
    0x36, 0x7A, 0x5A, 0x3E, 0x71, 0x4B, 0x44, 0x71, 0x4E, 0x30, 0x67, 0x54, 
    0x1D, 0x51, 0x3F, 0x17, 0x64, 0x53, 0x13, 0x51, 0x41, 0x15, 0x47, 0x35, 
    0x1C, 0x3F, 0x2C, 0x2D, 0x28, 0x21, 0x1B, 0x20, 0x1F, 0x29, 0x4D, 0x6E, 
    0x28, 0x57, 0x7E, 0x27, 0x5E, 0x80, 0x19, 0x4A, 0x4A, 0x0C, 0x24, 0x12, 
    0x17, 0x4B, 0x3C, 0xDD, 0xEA, 0xE8, 0xFF, 0xFF, 0xFF, 0xFE, 0xFE, 0xFF, 
    0xFE, 0xFF, 0xFF, 0xFE, 0xFF, 0xFF, 0xFE, 0xFF, 0xFF, 0xFE, 0xFF, 0xFF, 
    0xFE, 0xFF, 0xFF, 0xFE, 0xFF, 0xFF, 0xFE, 0xFF, 0xFF, 0xFE, 0xFF, 0xFF, 
    0xFF, 0xFF, 0xFF, 0xFF, 0xFF, 0xFF, 0xFF, 0xFF, 0xFF, 0xFF, 0xFF, 0xFF, 
    0xFF, 0xFF, 0xFF, 0xFF, 0xFF, 0xFF, 0xFF, 0xFF, 0xFF, 0xFF, 0xFF, 0xFF, 
    0xFF, 0xFF, 0xFF, 0xFF, 0xFF, 0xFF, 0xFF, 0xFF, 0xFF, 0xFF, 0xFF, 0xFF, 
    0xFF, 0xFF, 0xFF, 0xFF, 0xFF, 0xFF, 0xFF, 0xFF, 0xFF, 0xFE, 0xFE, 0xFE, 
    0xFF, 0xFF, 0xFF, 0xFF, 0xFF, 0xFF, 0xFF, 0xFF, 0xFF, 0xFF, 0xFF, 0xFF, 
    0xFF, 0xFF, 0xFF, 0xFF, 0xFF, 0xFF, 0xFF, 0xFF, 0xFF, 0xFF, 0xFF, 0xFF, 
    0xFF, 0xFF, 0xFF, 0xFF, 0xFF, 0xFF, 0xFE, 0xFE, 0xFE, 0xFE, 0xFE, 0xFE, 
    0xFE, 0xFE, 0xFE, 0xFE, 0xFE, 0xFE, 0xFE, 0xFE, 0xFE, 0xFE, 0xFE, 0xFE, 
    0xFE, 0xFE, 0xFE, 0xFE, 0xFE, 0xFE, 0xFE, 0xFE, 0xFE, 0xFE, 0xFE, 0xFE, 
    0xFE, 0xFE, 0xFE, 0xFE, 0xFE, 0xFE, 0xFE, 0xFE, 0xFE, 0xFE, 0xFE, 0xFE, 
    0xFE, 0xFE, 0xFE, 0xFE, 0xFE, 0xFE, 0xFE, 0xFE, 0xFE, 0xFE, 0xFE, 0xFE, 
    0xFE, 0xFE, 0xFE, 0xFE, 0xFE, 0xFE, 0xFE, 0xFE, 0xFE, 0xFE, 0xFE, 0xFE, 
    0xFE, 0xFE, 0xFE, 0xFE, 0xFE, 0xFE, 0xFE, 0xFE, 0xFE, 0xFE, 0xFE, 0xFE, 
    0xFE, 0xFE, 0xFE, 0xFE, 0xFE, 0xFE, 0xFE, 0xFE, 0xFE, 0xFE, 0xFE, 0xFE, 
    0xFE, 0xFE, 0xFE, 0xFE, 0xFE, 0xFE, 0xFE, 0xFE, 0xFE, 0xFE, 0xFE, 0xFE, 
    0xFE, 0xFE, 0xFE, 0x57, 0x85, 0x86, 0x17, 0x5E, 0x54, 0x27, 0x64, 0x60, 
    0x20, 0x5A, 0x44, 0x19, 0x5B, 0x41, 0x26, 0x65, 0x49, 0x29, 0x68, 0x40, 
    0x31, 0x61, 0x2C, 0x32, 0x62, 0x18, 0x43, 0x57, 0x0B, 0x40, 0x54, 0x0C, 
    0x46, 0x4D, 0x05, 0x48, 0x52, 0x0C, 0x43, 0x52, 0x15, 0x34, 0x4B, 0x1C, 
    0x2C, 0x40, 0x2B, 0x2F, 0x62, 0x5F, 0x1B, 0x69, 0x68, 0x16, 0x60, 0x53, 
    0x1B, 0x59, 0x4B, 0x19, 0x63, 0x5C, 0x12, 0x77, 0x73, 0x1A, 0x84, 0x85, 
    0x25, 0x7D, 0x7E, 0x17, 0x6D, 0x61, 0x0F, 0x47, 0x36, 0x0D, 0x25, 0x11, 
    0x16, 0x41, 0x2C, 0xDC, 0xE3, 0xE0, 0xFF, 0xFF, 0xFF, 0xFE, 0xFE, 0xFE, 
    0xFE, 0xFE, 0xFE, 0xFE, 0xFE, 0xFE, 0xFE, 0xFE, 0xFE, 0xFE, 0xFE, 0xFE, 
    0xFE, 0xFE, 0xFE, 0xFE, 0xFE, 0xFE, 0xFE, 0xFE, 0xFE, 0xFE, 0xFE, 0xFE, 
    0xFE, 0xFE, 0xFE, 0xFE, 0xFE, 0xFE, 0xFE, 0xFE, 0xFE, 0xFE, 0xFE, 0xFE, 
    0xFE, 0xFE, 0xFE, 0xFE, 0xFE, 0xFE, 0xFE, 0xFE, 0xFE, 0xFE, 0xFE, 0xFE, 
    0xFE, 0xFE, 0xFE, 0xFE, 0xFE, 0xFE, 0xFE, 0xFE, 0xFE, 0xFE, 0xFE, 0xFE, 
    0xFE, 0xFE, 0xFE, 0xFE, 0xFE, 0xFE, 0xFE, 0xFE, 0xFE, 0xFE, 0xFE, 0xFE, 
    0xFE, 0xFE, 0xFE, 0xFE, 0xFE, 0xFE, 0xFE, 0xFE, 0xFE, 0xFE, 0xFE, 0xFE, 
    0xFE, 0xFE, 0xFE, 0xFE, 0xFE, 0xFE, 0xFE, 0xFE, 0xFE, 0xFE, 0xFE, 0xFE, 
    0xFE, 0xFE, 0xFE, 0xFE, 0xFE, 0xFE, 0xFE, 0xFE, 0xFE, 0xFE, 0xFE, 0xFE, 
    0xFE, 0xFE, 0xFE, 0xFE, 0xFE, 0xFE, 0xFE, 0xFE, 0xFE, 0xFE, 0xFE, 0xFE, 
    0xFE, 0xFE, 0xFE, 0xFE, 0xFE, 0xFE, 0xFE, 0xFE, 0xFE, 0xFE, 0xFE, 0xFE, 
    0xFE, 0xFE, 0xFE, 0xFE, 0xFE, 0xFE, 0xFE, 0xFE, 0xFE, 0xFE, 0xFE, 0xFE, 
    0xFE, 0xFE, 0xFE, 0xFE, 0xFE, 0xFE, 0xFE, 0xFE, 0xFE, 0xFE, 0xFE, 0xFE, 
    0xFE, 0xFE, 0xFE, 0xFE, 0xFE, 0xFE, 0xFE, 0xFE, 0xFE, 0xFE, 0xFE, 0xFE, 
    0xFE, 0xFE, 0xFE, 0xFE, 0xFE, 0xFE, 0xFE, 0xFE, 0xFE, 0xFE, 0xFE, 0xFE, 
    0xFE, 0xFE, 0xFE, 0xFE, 0xFE, 0xFE, 0xFE, 0xFE, 0xFE, 0xFE, 0xFE, 0xFE, 
    0xFE, 0xFE, 0xFE, 0xFE, 0xFE, 0xFE, 0xFE, 0xFE, 0xFE, 0xFE, 0xFE, 0xFE, 
    0xFD, 0xFD, 0xFD, 0x50, 0x73, 0x48, 0x21, 0x3B, 0x07, 0x26, 0x38, 0x09, 
    0x24, 0x4A, 0x07, 0x2B, 0x4F, 0x0C, 0x35, 0x36, 0x00, 0x34, 0x42, 0x04, 
    0x3B, 0x42, 0x00, 0x3B, 0x55, 0x07, 0x51, 0x51, 0x03, 0x4F, 0x5A, 0x08, 
    0x56, 0x59, 0x06, 0x5A, 0x5A, 0x06, 0x65, 0x61, 0x04, 0x6A, 0x5F, 0x02, 
    0x40, 0x45, 0x07, 0x47, 0x55, 0x13, 0x35, 0x46, 0x1E, 0x22, 0x3F, 0x23, 
    0x27, 0x56, 0x4A, 0x23, 0x62, 0x6A, 0x13, 0x58, 0x57, 0x10, 0x5E, 0x5C, 
    0x09, 0x63, 0x5B, 0x1B, 0x62, 0x5D, 0x11, 0x69, 0x61, 0x0C, 0x70, 0x65, 
    0x15, 0x6C, 0x64, 0xDD, 0xE9, 0xE8, 0xFF, 0xFF, 0xFF, 0xFE, 0xFE, 0xFE, 
    0xFE, 0xFF, 0xFF, 0xFE, 0xFF, 0xFF, 0xFE, 0xFE, 0xFE, 0xFE, 0xFF, 0xFF, 
    0xFE, 0xFF, 0xFF, 0xFE, 0xFE, 0xFF, 0xFE, 0xFE, 0xFE, 0xFE, 0xFE, 0xFE, 
    0xFF, 0xFF, 0xFF, 0xFF, 0xFF, 0xFF, 0xFF, 0xFF, 0xFF, 0xFF, 0xFF, 0xFF, 
    0xFF, 0xFF, 0xFF, 0xFF, 0xFF, 0xFF, 0xFE, 0xFE, 0xFE, 0xFF, 0xFF, 0xFF, 
    0xFF, 0xFF, 0xFF, 0xFF, 0xFF, 0xFF, 0xFF, 0xFF, 0xFF, 0xFF, 0xFF, 0xFF, 
    0xFF, 0xFF, 0xFF, 0xFF, 0xFF, 0xFF, 0xFF, 0xFF, 0xFF, 0xFE, 0xFE, 0xFE, 
    0xFF, 0xFF, 0xFF, 0xFF, 0xFF, 0xFF, 0xFF, 0xFF, 0xFF, 0xFF, 0xFF, 0xFF, 
    0xFF, 0xFF, 0xFF, 0xFF, 0xFF, 0xFF, 0xFE, 0xFE, 0xFE, 0xFE, 0xFE, 0xFE, 
    0xFE, 0xFE, 0xFE, 0xFE, 0xFE, 0xFE, 0xFE, 0xFE, 0xFF, 0xFF, 0xFF, 0xFF, 
    0xFF, 0xFF, 0xFF, 0xFF, 0xFF, 0xFF, 0xFE, 0xFE, 0xFE, 0xFE, 0xFE, 0xFE, 
    0xFE, 0xFE, 0xFE, 0xFE, 0xFE, 0xFE, 0xFE, 0xFE, 0xFE, 0xFE, 0xFE, 0xFE, 
    0xFE, 0xFE, 0xFE, 0xFE, 0xFE, 0xFE, 0xFE, 0xFE, 0xFE, 0xFE, 0xFE, 0xFE, 
    0xFE, 0xFE, 0xFE, 0xFE, 0xFE, 0xFE, 0xFE, 0xFE, 0xFE, 0xFE, 0xFE, 0xFE, 
    0xFE, 0xFE, 0xFE, 0xFE, 0xFE, 0xFE, 0xFE, 0xFE, 0xFE, 0xFE, 0xFE, 0xFE, 
    0xFE, 0xFE, 0xFE, 0xFE, 0xFE, 0xFE, 0xFE, 0xFE, 0xFE, 0xFE, 0xFE, 0xFE, 
    0xFE, 0xFE, 0xFE, 0xFE, 0xFE, 0xFE, 0xFE, 0xFE, 0xFE, 0xFE, 0xFE, 0xFE, 
    0xFE, 0xFE, 0xFE, 0xFE, 0xFE, 0xFE, 0xFE, 0xFE, 0xFE, 0xFE, 0xFE, 0xFE, 
    0xFD, 0xFD, 0xFD, 0x4B, 0x71, 0x59, 0x18, 0x3A, 0x17, 0x1F, 0x42, 0x18, 
    0x26, 0x4D, 0x10, 0x33, 0x4B, 0x08, 0x3D, 0x3A, 0x01, 0x3A, 0x4F, 0x04, 
    0x45, 0x4F, 0x04, 0x54, 0x57, 0x04, 0x74, 0x5E, 0x01, 0x77, 0x64, 0x02, 
    0x7E, 0x66, 0x03, 0x88, 0x6B, 0x03, 0x99, 0x76, 0x02, 0xA5, 0x7C, 0x05, 
    0x65, 0x62, 0x0E, 0x7E, 0x69, 0x07, 0x47, 0x38, 0x00, 0x32, 0x34, 0x00, 
    0x2C, 0x2E, 0x03, 0x2F, 0x2E, 0x10, 0x28, 0x31, 0x13, 0x21, 0x4A, 0x4B, 
    0x1D, 0x54, 0x55, 0x35, 0x4C, 0x52, 0x2A, 0x5A, 0x65, 0x19, 0x54, 0x57, 
    0x19, 0x72, 0x72, 0xDE, 0xEC, 0xEB, 0xFF, 0xFF, 0xFF, 0xFD, 0xFB, 0xFB, 
    0xFC, 0xEF, 0xEF, 0xFE, 0xF4, 0xF5, 0xFE, 0xFE, 0xFF, 0xFC, 0xEB, 0xEC, 
    0xFC, 0xEE, 0xEE, 0xFE, 0xFC, 0xFD, 0xFF, 0xFF, 0xFF, 0xFE, 0xFF, 0xFF, 
    0xF6, 0xF6, 0xF6, 0xE6, 0xE6, 0xE6, 0xEB, 0xEB, 0xEB, 0xF1, 0xF1, 0xF1, 
    0xEE, 0xEE, 0xEE, 0xE8, 0xE8, 0xE8, 0xFC, 0xFC, 0xFD, 0xF1, 0xF1, 0xF1, 
    0xEF, 0xEF, 0xEF, 0xEA, 0xEA, 0xEA, 0xEC, 0xEC, 0xEC, 0xEC, 0xEC, 0xEC, 
    0xF0, 0xF0, 0xF0, 0xEB, 0xEB, 0xEB, 0xEB, 0xEB, 0xEB, 0xFB, 0xFB, 0xFB, 
    0xF7, 0xF7, 0xF7, 0xE7, 0xE7, 0xE8, 0xE6, 0xE6, 0xE6, 0xE7, 0xE7, 0xE7, 
    0xE9, 0xE9, 0xE9, 0xF6, 0xF6, 0xF6, 0xFE, 0xFE, 0xFE, 0xFE, 0xFE, 0xFE, 
    0xFE, 0xFE, 0xFE, 0xFE, 0xFE, 0xFE, 0xFA, 0xFA, 0xF8, 0xF4, 0xF5, 0xF0, 
    0xF1, 0xF2, 0xEC, 0xF1, 0xF3, 0xEC, 0xFE, 0xFE, 0xFD, 0xFE, 0xFE, 0xFE, 
    0xFE, 0xFE, 0xFE, 0xFE, 0xFE, 0xFE, 0xFE, 0xFE, 0xFE, 0xFE, 0xFE, 0xFE, 
    0xFE, 0xFE, 0xFE, 0xFE, 0xFE, 0xFE, 0xFE, 0xFE, 0xFE, 0xFE, 0xFE, 0xFE, 
    0xFE, 0xFE, 0xFE, 0xFE, 0xFE, 0xFE, 0xFE, 0xFE, 0xFE, 0xFE, 0xFE, 0xFE, 
    0xFE, 0xFE, 0xFE, 0xFE, 0xFE, 0xFE, 0xFE, 0xFE, 0xFE, 0xFE, 0xFE, 0xFE, 
    0xFE, 0xFE, 0xFE, 0xFE, 0xFE, 0xFE, 0xFE, 0xFE, 0xFE, 0xFE, 0xFE, 0xFE, 
    0xFE, 0xFE, 0xFE, 0xFE, 0xFE, 0xFE, 0xFE, 0xFE, 0xFE, 0xFE, 0xFE, 0xFE, 
    0xFE, 0xFE, 0xFE, 0xFE, 0xFE, 0xFE, 0xFE, 0xFE, 0xFE, 0xFE, 0xFE, 0xFE, 
    0xFD, 0xFE, 0xFE, 0x4D, 0x82, 0x85, 0x18, 0x4E, 0x52, 0x12, 0x44, 0x42, 
    0x10, 0x50, 0x38, 0x2D, 0x5C, 0x1F, 0x2F, 0x52, 0x0C, 0x2D, 0x56, 0x0F, 
    0x5A, 0x62, 0x06, 0x70, 0x69, 0x03, 0x8C, 0x66, 0x03, 0x9C, 0x6C, 0x02, 
    0xAB, 0x71, 0x02, 0xB7, 0x78, 0x05, 0xB5, 0x79, 0x02, 0xB4, 0x80, 0x16, 
    0xA9, 0x8E, 0x38, 0xB3, 0x87, 0x1D, 0x5E, 0x4F, 0x03, 0x4F, 0x54, 0x06, 
    0x38, 0x41, 0x03, 0x39, 0x2B, 0x00, 0x2F, 0x28, 0x00, 0x2D, 0x38, 0x2F, 
    0x2E, 0x3C, 0x39, 0x46, 0x59, 0x5E, 0x1C, 0x56, 0x50, 0x12, 0x6A, 0x68, 
    0x13, 0x72, 0x6E, 0xDC, 0xE8, 0xE8, 0xFF, 0xFF, 0xFF, 0xF9, 0xDF, 0xDF, 
    0xEC, 0x84, 0x84, 0xF5, 0xA4, 0xA5, 0xF4, 0xA4, 0xA4, 0xF6, 0xAF, 0xAF, 
    0xF5, 0xBF, 0xC0, 0xF6, 0xB4, 0xB4, 0xF2, 0xA3, 0xA3, 0xF9, 0xD8, 0xD8, 
    0xE8, 0xEB, 0xEB, 0xA2, 0xA1, 0xA2, 0x92, 0x92, 0x92, 0x95, 0x95, 0x95, 
    0xA1, 0xA1, 0xA1, 0xA2, 0xA1, 0xA1, 0xFB, 0xFB, 0xFB, 0xC4, 0xC4, 0xC4, 
    0x97, 0x97, 0x97, 0x86, 0x86, 0x86, 0x93, 0x93, 0x93, 0xAC, 0xAC, 0xAC, 
    0xA7, 0xA7, 0xA7, 0x84, 0x84, 0x84, 0x95, 0x95, 0x95, 0xEF, 0xEF, 0xEF, 
    0x9F, 0x9F, 0x9F, 0xA7, 0xA7, 0xA7, 0xA8, 0xA8, 0xA8, 0xAE, 0xAE, 0xAE, 
    0xA5, 0xA5, 0xA5, 0xBC, 0xBB, 0xBC, 0xFF, 0xFF, 0xFF, 0xFE, 0xFE, 0xFE, 
    0xFE, 0xFE, 0xFE, 0xFF, 0xFF, 0xFF, 0xEF, 0xF0, 0xE8, 0xC1, 0xC7, 0xA7, 
    0xAB, 0xB4, 0x8A, 0xB0, 0xB8, 0x90, 0xFA, 0xFA, 0xF7, 0xFF, 0xFF, 0xFF, 
    0xFE, 0xFE, 0xFE, 0xFE, 0xFE, 0xFE, 0xFE, 0xFE, 0xFE, 0xFE, 0xFE, 0xFE, 
    0xFE, 0xFE, 0xFE, 0xFE, 0xFE, 0xFE, 0xFE, 0xFE, 0xFE, 0xFE, 0xFE, 0xFE, 
    0xFE, 0xFE, 0xFE, 0xFE, 0xFE, 0xFE, 0xFE, 0xFE, 0xFE, 0xFE, 0xFE, 0xFE, 
    0xFE, 0xFE, 0xFE, 0xFE, 0xFE, 0xFE, 0xFE, 0xFE, 0xFE, 0xFE, 0xFE, 0xFE, 
    0xFE, 0xFE, 0xFE, 0xFE, 0xFE, 0xFE, 0xFE, 0xFE, 0xFE, 0xFE, 0xFE, 0xFE, 
    0xFE, 0xFE, 0xFE, 0xFE, 0xFE, 0xFE, 0xFE, 0xFE, 0xFE, 0xFE, 0xFE, 0xFE, 
    0xFE, 0xFE, 0xFE, 0xFE, 0xFE, 0xFE, 0xFE, 0xFE, 0xFE, 0xFE, 0xFE, 0xFE, 
    0xFC, 0xFD, 0xFD, 0x3C, 0x8E, 0x85, 0x09, 0x62, 0x5F, 0x27, 0x5E, 0x6C, 
    0x24, 0x64, 0x65, 0x40, 0x5E, 0x3E, 0x32, 0x51, 0x2A, 0x29, 0x58, 0x2D, 
    0x72, 0x71, 0x1B, 0x87, 0x7E, 0x2B, 0xB3, 0x7E, 0x0E, 0xB3, 0x72, 0x01, 
    0xA7, 0x68, 0x04, 0xA6, 0x68, 0x03, 0xB0, 0x75, 0x06, 0xBD, 0x8D, 0x2C, 
    0xBD, 0x91, 0x2E, 0xCD, 0xA1, 0x3C, 0x7A, 0x74, 0x22, 0x7B, 0x73, 0x1D, 
    0x5D, 0x6D, 0x2D, 0x6C, 0x72, 0x60, 0x49, 0x5C, 0x54, 0x37, 0x4E, 0x26, 
    0x33, 0x37, 0x1C, 0x3C, 0x4D, 0x57, 0x20, 0x4A, 0x56, 0x1B, 0x48, 0x4D, 
    0x16, 0x3D, 0x36, 0xDD, 0xE1, 0xDF, 0xFF, 0xFF, 0xFF, 0xFD, 0xF8, 0xF8, 
    0xFB, 0xE6, 0xE6, 0xF9, 0xDE, 0xDE, 0xFA, 0xDE, 0xDD, 0xFD, 0xF4, 0xF4, 
    0xFA, 0xE7, 0xE7, 0xFA, 0xE2, 0xE2, 0xF9, 0xDD, 0xDD, 0xFD, 0xF1, 0xF1, 
    0xF3, 0xF4, 0xF4, 0xE3, 0xE3, 0xE3, 0xEC, 0xEC, 0xEC, 0xE3, 0xE3, 0xE3, 
    0xDE, 0xDE, 0xDE, 0xE0, 0xE0, 0xE0, 0xD8, 0xD8, 0xD8, 0xDC, 0xDC, 0xDC, 
    0xE1, 0xE0, 0xE0, 0xE4, 0xE4, 0xE4, 0xE3, 0xE3, 0xE3, 0xE7, 0xE7, 0xE7, 
    0xDD, 0xDD, 0xDD, 0xE2, 0xE2, 0xE2, 0xE1, 0xE1, 0xE1, 0xD6, 0xD6, 0xD6, 
    0xDA, 0xD9, 0xD9, 0xE0, 0xE0, 0xE0, 0xE0, 0xE0, 0xE0, 0xF0, 0xF0, 0xF0, 
    0xED, 0xED, 0xED, 0xF2, 0xF2, 0xF2, 0xFF, 0xFF, 0xFF, 0xFE, 0xFE, 0xFE, 
    0xFE, 0xFE, 0xFE, 0xFE, 0xFE, 0xFE, 0xF7, 0xF7, 0xF4, 0xE8, 0xEA, 0xDF, 
    0xEB, 0xED, 0xE4, 0xEB, 0xED, 0xE4, 0xFE, 0xFE, 0xFE, 0xFE, 0xFE, 0xFE, 
    0xFE, 0xFE, 0xFE, 0xFE, 0xFE, 0xFE, 0xFE, 0xFE, 0xFE, 0xFE, 0xFE, 0xFE, 
    0xFE, 0xFE, 0xFE, 0xFE, 0xFE, 0xFE, 0xFE, 0xFE, 0xFE, 0xFE, 0xFE, 0xFE, 
    0xFE, 0xFE, 0xFE, 0xFE, 0xFE, 0xFE, 0xFE, 0xFE, 0xFE, 0xFE, 0xFE, 0xFE, 
    0xFE, 0xFE, 0xFE, 0xFE, 0xFE, 0xFE, 0xFE, 0xFE, 0xFE, 0xFE, 0xFE, 0xFE, 
    0xFE, 0xFE, 0xFE, 0xFE, 0xFE, 0xFE, 0xFE, 0xFE, 0xFE, 0xFE, 0xFE, 0xFE, 
    0xFE, 0xFE, 0xFE, 0xFE, 0xFE, 0xFE, 0xFE, 0xFE, 0xFE, 0xFE, 0xFE, 0xFE, 
    0xFE, 0xFE, 0xFE, 0xFE, 0xFE, 0xFE, 0xFE, 0xFE, 0xFE, 0xFE, 0xFE, 0xFE, 
    0xFE, 0xFE, 0xFE, 0x3D, 0x7F, 0x70, 0x04, 0x61, 0x4E, 0x16, 0x74, 0x6F, 
    0x19, 0x71, 0x72, 0x35, 0x64, 0x5C, 0x55, 0x6C, 0x64, 0x4F, 0x62, 0x49, 
    0x75, 0x69, 0x38, 0x82, 0x73, 0x2C, 0x97, 0x76, 0x09, 0x96, 0x73, 0x01, 
    0x81, 0x69, 0x03, 0x78, 0x60, 0x03, 0x86, 0x75, 0x19, 0xA3, 0x8A, 0x29, 
    0xA5, 0x8C, 0x19, 0x9F, 0x90, 0x49, 0x7A, 0x7C, 0x47, 0x6D, 0x61, 0x2E, 
    0x47, 0x3F, 0x3C, 0x62, 0x76, 0x91, 0x62, 0x82, 0xA3, 0x53, 0x6B, 0x4F, 
    0x36, 0x4F, 0x1B, 0x3E, 0x58, 0x20, 0x17, 0x3A, 0x26, 0x14, 0x3D, 0x34, 
    0x18, 0x40, 0x42, 0xDD, 0xE2, 0xE2, 0xFF, 0xFF, 0xFF, 0xFE, 0xFF, 0xFF, 
    0xFE, 0xFE, 0xFE, 0xFE, 0xFE, 0xFE, 0xFF, 0xFF, 0xFF, 0xFD, 0xF7, 0xF7, 
    0xFE, 0xF9, 0xF9, 0xFF, 0xFF, 0xFF, 0xFF, 0xFF, 0xFF, 0xFE, 0xFF, 0xFF, 
    0xFA, 0xF9, 0xF9, 0xF3, 0xF3, 0xF3, 0xF9, 0xF9, 0xF8, 0xFD, 0xFD, 0xFD, 
    0xFA, 0xFA, 0xFA, 0xF6, 0xF5, 0xF6, 0xFB, 0xFB, 0xFB, 0xFA, 0xFA, 0xFA, 
    0xFC, 0xFC, 0xFC, 0xF9, 0xF9, 0xF9, 0xFA, 0xFA, 0xFA, 0xF8, 0xF8, 0xF8, 
    0xFC, 0xFC, 0xFC, 0xFA, 0xFA, 0xFA, 0xF9, 0xF9, 0xF9, 0xFD, 0xFD, 0xFD, 
    0xFE, 0xFE, 0xFE, 0xF6, 0xF5, 0xF6, 0xF4, 0xF4, 0xF4, 0xF7, 0xF7, 0xF7, 
    0xF9, 0xF8, 0xF8, 0xF6, 0xF6, 0xF6, 0xF2, 0xF2, 0xF3, 0xFE, 0xFE, 0xFE, 
    0xFE, 0xFE, 0xFE, 0xFE, 0xFE, 0xFE, 0xFD, 0xFD, 0xFC, 0xFC, 0xFC, 0xFB, 
    0xFB, 0xFB, 0xFA, 0xFB, 0xFB, 0xFA, 0xFE, 0xFE, 0xFE, 0xFE, 0xFE, 0xFE, 
    0xFE, 0xFE, 0xFE, 0xFE, 0xFE, 0xFE, 0xFE, 0xFE, 0xFE, 0xFE, 0xFE, 0xFE, 
    0xFE, 0xFE, 0xFE, 0xFE, 0xFE, 0xFE, 0xFE, 0xFE, 0xFE, 0xFE, 0xFE, 0xFE, 
    0xFE, 0xFE, 0xFE, 0xFE, 0xFE, 0xFE, 0xFE, 0xFE, 0xFE, 0xFE, 0xFE, 0xFE, 
    0xFE, 0xFE, 0xFE, 0xFE, 0xFE, 0xFE, 0xFE, 0xFE, 0xFE, 0xFE, 0xFE, 0xFE, 
    0xFE, 0xFE, 0xFE, 0xFE, 0xFE, 0xFE, 0xFE, 0xFE, 0xFE, 0xFE, 0xFE, 0xFE, 
    0xFE, 0xFE, 0xFE, 0xFE, 0xFE, 0xFE, 0xFE, 0xFE, 0xFE, 0xFE, 0xFE, 0xFE, 
    0xFE, 0xFE, 0xFE, 0xFE, 0xFE, 0xFE, 0xFE, 0xFE, 0xFE, 0xFE, 0xFE, 0xFE, 
    0xFD, 0xFD, 0xFD, 0x3D, 0x57, 0x49, 0x02, 0x3E, 0x29, 0x06, 0x5B, 0x47, 
    0x0C, 0x6B, 0x65, 0x23, 0x75, 0x7A, 0x48, 0x83, 0x9B, 0x37, 0x71, 0x73, 
    0x32, 0x72, 0x61, 0x38, 0x6E, 0x53, 0x58, 0x70, 0x39, 0x60, 0x70, 0x18, 
    0x62, 0x77, 0x0E, 0x5B, 0x6C, 0x0A, 0x5D, 0x6C, 0x2E, 0x7E, 0x87, 0x45, 
    0x81, 0x88, 0x43, 0x6D, 0x6C, 0x3A, 0x60, 0x60, 0x53, 0x37, 0x3C, 0x2D, 
    0x16, 0x29, 0x27, 0x1E, 0x43, 0x52, 0x1A, 0x4A, 0x59, 0x38, 0x58, 0x4D, 
    0x1D, 0x47, 0x2F, 0x4E, 0x57, 0x21, 0x25, 0x42, 0x2C, 0x3D, 0x4D, 0x2F, 
    0x2F, 0x47, 0x36, 0xE1, 0xE3, 0xE0, 0xFF, 0xFF, 0xFF, 0xF9, 0xE2, 0xE1, 
    0xEE, 0x90, 0x91, 0xF7, 0xAB, 0xAC, 0xF6, 0xB0, 0xB0, 0xF5, 0xAB, 0xAC, 
    0xF8, 0xC4, 0xC5, 0xF7, 0xC0, 0xC0, 0xF5, 0xB4, 0xB4, 0xFB, 0xDD, 0xDF, 
    0xE5, 0xE8, 0xE8, 0xA1, 0xA1, 0xA1, 0x97, 0x97, 0x97, 0x98, 0x98, 0x98, 
    0xA6, 0xA5, 0xA5, 0xA6, 0xA6, 0xA6, 0xFC, 0xFC, 0xFC, 0xC8, 0xC8, 0xC7, 
    0xA3, 0xA3, 0xA3, 0x8B, 0x8B, 0x8B, 0x98, 0x98, 0x98, 0xAD, 0xAD, 0xAD, 
    0xAE, 0xAE, 0xAE, 0x8D, 0x8D, 0x8C, 0x98, 0x98, 0x98, 0xF2, 0xF2, 0xF2, 
    0xAD, 0xAD, 0xAD, 0x9C, 0x9B, 0x9B, 0xBE, 0xBE, 0xBE, 0xAD, 0xAC, 0xAC, 
    0x9E, 0x9E, 0x9E, 0xA4, 0xA3, 0xA4, 0xCD, 0xCD, 0xCD, 0xFF, 0xFF, 0xFF, 
    0xFE, 0xFE, 0xFE, 0xFF, 0xFF, 0xFF, 0xEE, 0xF0, 0xE8, 0xC4, 0xCA, 0xAC, 
    0xB1, 0xB9, 0x90, 0xB6, 0xBE, 0x97, 0xF9, 0xFA, 0xF7, 0xFF, 0xFF, 0xFF, 
    0xFE, 0xFE, 0xFE, 0xFE, 0xFE, 0xFE, 0xFE, 0xFE, 0xFE, 0xFE, 0xFE, 0xFE, 
    0xFE, 0xFE, 0xFE, 0xFE, 0xFE, 0xFE, 0xFE, 0xFE, 0xFE, 0xFE, 0xFE, 0xFE, 
    0xFE, 0xFE, 0xFE, 0xFE, 0xFE, 0xFE, 0xFE, 0xFE, 0xFE, 0xFE, 0xFE, 0xFE, 
    0xFE, 0xFE, 0xFE, 0xFE, 0xFE, 0xFE, 0xFE, 0xFE, 0xFE, 0xFE, 0xFE, 0xFE, 
    0xFE, 0xFE, 0xFE, 0xFE, 0xFE, 0xFE, 0xFE, 0xFE, 0xFE, 0xFE, 0xFE, 0xFE, 
    0xFE, 0xFE, 0xFE, 0xFE, 0xFE, 0xFE, 0xFE, 0xFE, 0xFE, 0xFE, 0xFE, 0xFE, 
    0xFE, 0xFE, 0xFE, 0xFE, 0xFE, 0xFE, 0xFE, 0xFE, 0xFE, 0xFE, 0xFE, 0xFE, 
    0xFD, 0xFD, 0xFD, 0x3D, 0x76, 0x6B, 0x0E, 0x4A, 0x44, 0x14, 0x4F, 0x45, 
    0x38, 0x45, 0x44, 0x52, 0x5D, 0x6E, 0x71, 0x8B, 0xA8, 0x62, 0x91, 0xAD, 
    0x26, 0x72, 0x78, 0x07, 0x62, 0x63, 0x1B, 0x62, 0x63, 0x47, 0x61, 0x51, 
    0x41, 0x6B, 0x52, 0x38, 0x65, 0x38, 0x4C, 0x76, 0x4A, 0x5D, 0x84, 0x4B, 
    0x68, 0x7E, 0x4D, 0x73, 0x73, 0x30, 0x78, 0x65, 0x20, 0x85, 0x6F, 0x26, 
    0x64, 0x5B, 0x1A, 0x3E, 0x55, 0x41, 0x4C, 0x61, 0x44, 0x7D, 0x62, 0x1B, 
    0x45, 0x4E, 0x20, 0x6D, 0x5E, 0x23, 0x41, 0x53, 0x3B, 0x48, 0x5B, 0x41, 
    0x2F, 0x59, 0x49, 0xDE, 0xE7, 0xE5, 0xFF, 0xFF, 0xFF, 0xFC, 0xF2, 0xF3, 
    0xF8, 0xD1, 0xD1, 0xFA, 0xD2, 0xD2, 0xF9, 0xCB, 0xCB, 0xFC, 0xE7, 0xE8, 
    0xFA, 0xDB, 0xDB, 0xF9, 0xD6, 0xD6, 0xF9, 0xCE, 0xCE, 0xFD, 0xE9, 0xEA, 
    0xEE, 0xF0, 0xF0, 0xD3, 0xD2, 0xD3, 0xDB, 0xDB, 0xDB, 0xCF, 0xCF, 0xCF, 
    0xCC, 0xCB, 0xCB, 0xCF, 0xCF, 0xCF, 0xDC, 0xDC, 0xDC, 0xD1, 0xD1, 0xD1, 
    0xCF, 0xCF, 0xCF, 0xD0, 0xD0, 0xCF, 0xD0, 0xD0, 0xD0, 0xD8, 0xD8, 0xD8, 
    0xCC, 0xCC, 0xCC, 0xD0, 0xD0, 0xD0, 0xCE, 0xCE, 0xCE, 0xD7, 0xD7, 0xD7, 
    0xD9, 0xD9, 0xD9, 0xD3, 0xD3, 0xD3, 0xD8, 0xD7, 0xD7, 0xD3, 0xD3, 0xD3, 
    0xD0, 0xD0, 0xD0, 0xE0, 0xE0, 0xE0, 0xF1, 0xF1, 0xF1, 0xFE, 0xFE, 0xFE, 
    0xFE, 0xFE, 0xFE, 0xFE, 0xFE, 0xFE, 0xF4, 0xF5, 0xF0, 0xDC, 0xE0, 0xCE, 
    0xDB, 0xDE, 0xCC, 0xE1, 0xE4, 0xD3, 0xFD, 0xFD, 0xFD, 0xFE, 0xFE, 0xFE, 
    0xFE, 0xFE, 0xFE, 0xFE, 0xFE, 0xFE, 0xFE, 0xFE, 0xFE, 0xFE, 0xFE, 0xFE, 
    0xFE, 0xFE, 0xFE, 0xFE, 0xFE, 0xFE, 0xFE, 0xFE, 0xFE, 0xFE, 0xFE, 0xFE, 
    0xFE, 0xFE, 0xFE, 0xFE, 0xFE, 0xFE, 0xFE, 0xFE, 0xFE, 0xFE, 0xFE, 0xFE, 
    0xFE, 0xFE, 0xFE, 0xFE, 0xFE, 0xFE, 0xFE, 0xFE, 0xFE, 0xFE, 0xFE, 0xFE, 
    0xFE, 0xFE, 0xFE, 0xFE, 0xFE, 0xFE, 0xFE, 0xFE, 0xFE, 0xFE, 0xFE, 0xFE, 
    0xFE, 0xFE, 0xFE, 0xFE, 0xFE, 0xFE, 0xFE, 0xFE, 0xFE, 0xFE, 0xFE, 0xFE, 
    0xFE, 0xFE, 0xFE, 0xFE, 0xFE, 0xFE, 0xFE, 0xFE, 0xFE, 0xFE, 0xFE, 0xFE, 
    0xFE, 0xFF, 0xFF, 0x3B, 0x79, 0x73, 0x16, 0x4F, 0x50, 0x1E, 0x3A, 0x3A, 
    0x21, 0x26, 0x25, 0x26, 0x2E, 0x31, 0x52, 0x68, 0x80, 0x57, 0x72, 0x8F, 
    0x4D, 0x70, 0x8B, 0x1D, 0x62, 0x74, 0x37, 0x5B, 0x68, 0x45, 0x46, 0x43, 
    0x33, 0x4C, 0x48, 0x35, 0x5E, 0x57, 0x4C, 0x6D, 0x59, 0x53, 0x66, 0x47, 
    0x58, 0x6C, 0x57, 0x71, 0x6A, 0x33, 0x84, 0x66, 0x12, 0x90, 0x68, 0x13, 
    0x95, 0x67, 0x15, 0x94, 0x65, 0x15, 0x8D, 0x65, 0x20, 0x7E, 0x63, 0x28, 
    0x56, 0x60, 0x3C, 0x3C, 0x67, 0x4E, 0x1D, 0x5A, 0x4C, 0x10, 0x59, 0x50, 
    0x0F, 0x53, 0x4B, 0xDB, 0xE4, 0xE2, 0xFF, 0xFF, 0xFF, 0xFE, 0xFF, 0xFF, 
    0xFF, 0xFF, 0xFF, 0xFF, 0xFF, 0xFF, 0xFF, 0xFF, 0xFF, 0xFF, 0xFF, 0xFF, 
    0xFE, 0xFF, 0xFF, 0xFF, 0xFF, 0xFF, 0xFF, 0xFF, 0xFF, 0xFE, 0xFF, 0xFF, 
    0xFF, 0xFF, 0xFF, 0xFF, 0xFF, 0xFF, 0xFF, 0xFF, 0xFF, 0xFF, 0xFF, 0xFF, 
    0xFF, 0xFF, 0xFF, 0xFF, 0xFF, 0xFF, 0xF8, 0xF8, 0xF8, 0xFF, 0xFF, 0xFF, 
    0xFF, 0xFF, 0xFF, 0xFF, 0xFF, 0xFF, 0xFF, 0xFF, 0xFF, 0xFF, 0xFF, 0xFF, 
    0xFF, 0xFF, 0xFF, 0xFF, 0xFF, 0xFF, 0xFF, 0xFF, 0xFF, 0xF8, 0xF8, 0xF8, 
    0xFF, 0xFF, 0xFF, 0xFF, 0xFF, 0xFF, 0xFF, 0xFF, 0xFF, 0xFF, 0xFF, 0xFF, 
    0xFF, 0xFF, 0xFF, 0xFF, 0xFF, 0xFF, 0xFF, 0xFF, 0xFF, 0xFE, 0xFE, 0xFE, 
    0xFE, 0xFE, 0xFE, 0xFE, 0xFE, 0xFE, 0xFF, 0xFF, 0xFF, 0xFF, 0xFF, 0xFF, 
    0xFF, 0xFF, 0xFF, 0xFF, 0xFF, 0xFF, 0xFE, 0xFE, 0xFE, 0xFE, 0xFE, 0xFE, 
    0xFE, 0xFE, 0xFE, 0xFE, 0xFE, 0xFE, 0xFE, 0xFE, 0xFE, 0xFE, 0xFE, 0xFE, 
    0xFE, 0xFE, 0xFE, 0xFE, 0xFE, 0xFE, 0xFE, 0xFE, 0xFE, 0xFE, 0xFE, 0xFE, 
    0xFE, 0xFE, 0xFE, 0xFE, 0xFE, 0xFE, 0xFE, 0xFE, 0xFE, 0xFE, 0xFE, 0xFE, 
    0xFE, 0xFE, 0xFE, 0xFE, 0xFE, 0xFE, 0xFE, 0xFE, 0xFE, 0xFE, 0xFE, 0xFE, 
    0xFE, 0xFE, 0xFE, 0xFE, 0xFE, 0xFE, 0xFE, 0xFE, 0xFE, 0xFE, 0xFE, 0xFE, 
    0xFE, 0xFE, 0xFE, 0xFE, 0xFE, 0xFE, 0xFE, 0xFE, 0xFE, 0xFE, 0xFE, 0xFE, 
    0xFE, 0xFE, 0xFE, 0xFE, 0xFE, 0xFE, 0xFE, 0xFE, 0xFE, 0xFE, 0xFE, 0xFE, 
    0xFD, 0xFD, 0xFD, 0x3A, 0x7A, 0x73, 0x00, 0x4E, 0x4A, 0x0C, 0x4C, 0x4C, 
    0x08, 0x3A, 0x36, 0x09, 0x3A, 0x35, 0x20, 0x48, 0x50, 0x1D, 0x47, 0x56, 
    0x1D, 0x42, 0x53, 0x28, 0x35, 0x34, 0x43, 0x52, 0x64, 0x5C, 0x52, 0x43, 
    0x57, 0x46, 0x24, 0x49, 0x57, 0x53, 0x57, 0x5B, 0x47, 0x5B, 0x5B, 0x43, 
    0x6A, 0x62, 0x3F, 0x77, 0x5E, 0x26, 0x79, 0x56, 0x1E, 0x76, 0x54, 0x22, 
    0x63, 0x51, 0x32, 0x47, 0x3E, 0x2F, 0x3E, 0x50, 0x5C, 0x2E, 0x63, 0x58, 
    0x11, 0x59, 0x4E, 0x06, 0x46, 0x3D, 0x05, 0x42, 0x37, 0x08, 0x4C, 0x3F, 
    0x14, 0x4D, 0x41, 0xDC, 0xE2, 0xE1, 0xFF, 0xFF, 0xFF, 0xFC, 0xEE, 0xEE, 
    0xF5, 0xC1, 0xC1, 0xFA, 0xD0, 0xD0, 0xFA, 0xE0, 0xE0, 0xF6, 0xC5, 0xC5, 
    0xF8, 0xD6, 0xD6, 0xFB, 0xE2, 0xE2, 0xFA, 0xE1, 0xE2, 0xFD, 0xF1, 0xF1, 
    0xEB, 0xEC, 0xED, 0xBE, 0xBE, 0xBE, 0xBD, 0xBD, 0xBD, 0xC8, 0xC8, 0xC8, 
    0xC8, 0xC8, 0xC7, 0xC4, 0xC4, 0xC4, 0xFC, 0xFC, 0xFC, 0xDB, 0xDB, 0xDB, 
    0xC5, 0xC5, 0xC5, 0xB7, 0xB6, 0xB6, 0xBF, 0xBF, 0xBF, 0xC9, 0xC8, 0xC8, 
    0xCE, 0xCE, 0xCE, 0xB6, 0xB6, 0xB6, 0xC0, 0xC0, 0xC0, 0xFA, 0xFA, 0xFA, 
    0xBB, 0xBB, 0xBB, 0xB7, 0xB7, 0xB7, 0xB5, 0xB5, 0xB5, 0xE5, 0xE5, 0xE5, 
    0xFF, 0xFF, 0xFF, 0xFE, 0xFE, 0xFE, 0xFE, 0xFE, 0xFE, 0xFE, 0xFE, 0xFE, 
    0xFE, 0xFE, 0xFE, 0xFE, 0xFE, 0xFE, 0xFD, 0xFD, 0xFC, 0xDC, 0xE0, 0xCF, 
    0xFB, 0xFB, 0xFA, 0xFF, 0xFF, 0xFF, 0xFE, 0xFE, 0xFE, 0xFE, 0xFE, 0xFE, 
    0xFE, 0xFE, 0xFE, 0xFE, 0xFE, 0xFE, 0xFE, 0xFE, 0xFE, 0xFE, 0xFE, 0xFE, 
    0xFE, 0xFE, 0xFE, 0xFE, 0xFE, 0xFE, 0xFE, 0xFE, 0xFE, 0xFE, 0xFE, 0xFE, 
    0xFE, 0xFE, 0xFE, 0xFE, 0xFE, 0xFE, 0xFE, 0xFE, 0xFE, 0xFE, 0xFE, 0xFE, 
    0xFE, 0xFE, 0xFE, 0xFE, 0xFE, 0xFE, 0xFE, 0xFE, 0xFE, 0xFE, 0xFE, 0xFE, 
    0xFE, 0xFE, 0xFE, 0xFE, 0xFE, 0xFE, 0xFE, 0xFE, 0xFE, 0xFE, 0xFE, 0xFE, 
    0xFE, 0xFE, 0xFE, 0xFE, 0xFE, 0xFE, 0xFE, 0xFE, 0xFE, 0xFE, 0xFE, 0xFE, 
    0xFE, 0xFE, 0xFE, 0xFE, 0xFE, 0xFE, 0xFE, 0xFE, 0xFE, 0xFE, 0xFE, 0xFE, 
    0xFD, 0xFD, 0xFD, 0x3A, 0x6E, 0x63, 0x00, 0x4D, 0x41, 0x0B, 0x56, 0x55, 
    0x08, 0x61, 0x5D, 0x04, 0x57, 0x51, 0x08, 0x44, 0x4B, 0x18, 0x49, 0x51, 
    0x35, 0x43, 0x3E, 0x60, 0x45, 0x29, 0x60, 0x45, 0x2A, 0x5C, 0x47, 0x30, 
    0x61, 0x4C, 0x32, 0x56, 0x50, 0x48, 0x56, 0x4D, 0x3C, 0x67, 0x4C, 0x29, 
    0x6B, 0x4E, 0x25, 0x67, 0x4E, 0x2B, 0x62, 0x49, 0x30, 0x60, 0x4A, 0x37, 
    0x57, 0x48, 0x36, 0x2F, 0x39, 0x2E, 0x08, 0x37, 0x36, 0x04, 0x38, 0x2E, 
    0x05, 0x33, 0x25, 0x05, 0x3E, 0x31, 0x0A, 0x51, 0x44, 0x0A, 0x4D, 0x3E, 
    0x11, 0x46, 0x36, 0xDC, 0xE1, 0xDF, 0xFF, 0xFF, 0xFF, 0xFA, 0xE6, 0xE6, 
    0xEF, 0x9B, 0x9B, 0xF3, 0xAC, 0xAC, 0xF2, 0xA5, 0xA5, 0xF6, 0xC6, 0xC5, 
    0xF5, 0xC6, 0xC6, 0xF7, 0xBA, 0xB9, 0xF1, 0xA1, 0xA1, 0xFA, 0xD8, 0xD9, 
    0xE7, 0xEA, 0xEB, 0xB1, 0xB1, 0xB1, 0xB0, 0xB0, 0xB0, 0xA0, 0xA0, 0xA0, 
    0xA7, 0xA7, 0xA7, 0xB0, 0xB0, 0xB0, 0xED, 0xEC, 0xED, 0xC5, 0xC4, 0xC4, 
    0xA5, 0xA4, 0xA4, 0x9C, 0x9B, 0x9B, 0xA7, 0xA7, 0xA7, 0xB9, 0xB9, 0xB9, 
    0xAC, 0xAC, 0xAC, 0x9C, 0x9B, 0x9B, 0xA4, 0xA4, 0xA4, 0xE7, 0xE7, 0xE7, 
    0xA0, 0xA0, 0xA0, 0xB2, 0xB2, 0xB2, 0xBE, 0xBD, 0xBE, 0xEF, 0xEF, 0xEF, 
    0xFE, 0xFE, 0xFE, 0xFE, 0xFE, 0xFE, 0xFE, 0xFE, 0xFE, 0xFE, 0xFE, 0xFE, 
    0xFE, 0xFE, 0xFE, 0xFE, 0xFE, 0xFE, 0xFC, 0xFC, 0xFB, 0xD2, 0xD6, 0xBF, 
    0xF8, 0xF8, 0xF5, 0xFF, 0xFE, 0xFF, 0xFE, 0xFE, 0xFE, 0xFE, 0xFE, 0xFE, 
    0xFE, 0xFE, 0xFE, 0xFE, 0xFE, 0xFE, 0xFE, 0xFE, 0xFE, 0xFE, 0xFE, 0xFE, 
    0xFE, 0xFE, 0xFE, 0xFE, 0xFE, 0xFE, 0xFE, 0xFE, 0xFE, 0xFE, 0xFE, 0xFE, 
    0xFE, 0xFE, 0xFE, 0xFE, 0xFE, 0xFE, 0xFE, 0xFE, 0xFE, 0xFE, 0xFE, 0xFE, 
    0xFE, 0xFE, 0xFE, 0xFE, 0xFE, 0xFE, 0xFE, 0xFE, 0xFE, 0xFE, 0xFE, 0xFE, 
    0xFE, 0xFE, 0xFE, 0xFE, 0xFE, 0xFE, 0xFE, 0xFE, 0xFE, 0xFE, 0xFE, 0xFE, 
    0xFE, 0xFE, 0xFE, 0xFE, 0xFE, 0xFE, 0xFE, 0xFE, 0xFE, 0xFE, 0xFE, 0xFE, 
    0xFE, 0xFE, 0xFE, 0xFE, 0xFE, 0xFE, 0xFE, 0xFE, 0xFE, 0xFE, 0xFE, 0xFE, 
    0xFE, 0xFE, 0xFE, 0xD5, 0xDD, 0xDB, 0xC9, 0xD7, 0xD4, 0xC8, 0xD8, 0xD5, 
    0xC8, 0xDA, 0xD8, 0xC9, 0xD9, 0xD8, 0xCC, 0xDC, 0xDC, 0xCF, 0xDB, 0xDA, 
    0xD9, 0xD7, 0xD4, 0xDD, 0xD7, 0xD2, 0xDB, 0xD5, 0xD0, 0xDD, 0xD8, 0xD3, 
    0xDC, 0xD8, 0xD6, 0xDA, 0xD8, 0xD6, 0xDD, 0xD7, 0xD1, 0xDE, 0xD7, 0xCF, 
    0xDE, 0xD7, 0xD2, 0xDC, 0xD7, 0xD2, 0xD8, 0xD5, 0xD4, 0xD9, 0xD7, 0xD6, 
    0xD9, 0xDA, 0xD8, 0xD0, 0xDA, 0xD8, 0xCA, 0xD3, 0xD1, 0xC9, 0xCB, 0xC9, 
    0xC9, 0xCF, 0xCD, 0xC9, 0xD7, 0xD4, 0xC9, 0xD8, 0xD5, 0xC7, 0xD2, 0xCF, 
    0xCB, 0xD6, 0xD3, 0xF7, 0xF8, 0xF8, 0xFE, 0xFE, 0xFE, 0xFE, 0xFF, 0xFF, 
    0xFF, 0xFF, 0xFF, 0xFE, 0xFF, 0xFF, 0xFE, 0xFF, 0xFF, 0xFF, 0xFF, 0xFF, 
    0xFE, 0xFE, 0xFE, 0xFE, 0xFF, 0xFF, 0xFE, 0xFF, 0xFE, 0xFE, 0xFF, 0xFF, 
    0xFE, 0xFE, 0xFE, 0xFF, 0xFF, 0xFF, 0xFF, 0xFF, 0xFF, 0xFF, 0xFF, 0xFF, 
    0xFF, 0xFF, 0xFF, 0xFF, 0xFF, 0xFF, 0xE4, 0xE4, 0xE4, 0xF6, 0xF6, 0xF6, 
    0xFF, 0xFF, 0xFF, 0xFF, 0xFF, 0xFF, 0xFF, 0xFF, 0xFF, 0xFF, 0xFF, 0xFF, 
    0xFE, 0xFE, 0xFE, 0xFF, 0xFF, 0xFF, 0xFF, 0xFE, 0xFE, 0xE4, 0xE4, 0xE4, 
    0xFC, 0xFB, 0xFB, 0xFF, 0xFF, 0xFF, 0xFF, 0xFF, 0xFF, 0xFF, 0xFF, 0xFF, 
    0xFF, 0xFF, 0xFF, 0xFE, 0xFE, 0xFE, 0xFE, 0xFE, 0xFE, 0xFE, 0xFE, 0xFE, 
    0xFE, 0xFE, 0xFE, 0xFE, 0xFE, 0xFE, 0xFE, 0xFE, 0xFE, 0xFF, 0xFE, 0xFE, 
    0xFF, 0xFF, 0xFF, 0xFF, 0xFF, 0xFF, 0xFF, 0xFF, 0xFF, 0xFF, 0xFF, 0xFF, 
    0xFF, 0xFF, 0xFF, 0xFE, 0xFE, 0xFE, 0xFF, 0xFF, 0xFF, 0xFF, 0xFF, 0xFF, 
    0xFF, 0xFF, 0xFF, 0xFF, 0xFF, 0xFF, 0xFF, 0xFF, 0xFF, 0xFF, 0xFF, 0xFF, 
    0xFF, 0xFF, 0xFF, 0xFF, 0xFF, 0xFF, 0xFF, 0xFF, 0xFF, 0xFF, 0xFF, 0xFF, 
    0xFF, 0xFF, 0xFF, 0xFF, 0xFF, 0xFF, 0xFF, 0xFF, 0xFF, 0xFF, 0xFF, 0xFF, 
    0xFF, 0xFF, 0xFF, 0xFF, 0xFF, 0xFF, 0xFF, 0xFF, 0xFF, 0xFE, 0xFE, 0xFE, 
    0xFE, 0xFE, 0xFE, 0xFE, 0xFE, 0xFE, 0xFE, 0xFE, 0xFE, 0xFE, 0xFE, 0xFE, 
    0xFE, 0xFE, 0xFE, 0xFE, 0xFE, 0xFE, 0xFE, 0xFE, 0xFE, 0xFE, 0xFE, 0xFE, 
    0xFE, 0xFE, 0xFE, 0xFF, 0xFF, 0xFF, 0xFF, 0xFF, 0xFF, 0xFF, 0xFF, 0xFF, 
    0xFF, 0xFF, 0xFF, 0xFF, 0xFF, 0xFF, 0xFD, 0xFB, 0xFB, 0xF9, 0xF7, 0xF7, 
    0xF6, 0xF6, 0xF6, 0xFC, 0xFC, 0xFD, 0xFF, 0xFF, 0xFF, 0xF7, 0xF8, 0xF8, 
    0xF4, 0xF4, 0xF5, 0xFA, 0xFA, 0xFB, 0xF5, 0xF6, 0xF7, 0xF6, 0xF7, 0xF8, 
    0xFB, 0xFB, 0xFC, 0xF6, 0xF7, 0xF7, 0xFF, 0xFF, 0xFF, 0xFF, 0xFF, 0xFF, 
    0xFF, 0xFF, 0xFF, 0xFF, 0xFF, 0xFF, 0xFF, 0xFF, 0xFF, 0xFF, 0xFF, 0xFF, 
    0xFF, 0xFF, 0xFF, 0xFF, 0xFF, 0xFF, 0xFF, 0xFF, 0xFF, 0xFF, 0xFF, 0xFF, 
    0xFF, 0xFF, 0xFF, 0xFF, 0xFF, 0xFF, 0xFE, 0xFE, 0xFE, 0xFD, 0xF5, 0xF5, 
    0xF9, 0xDB, 0xDB, 0xFB, 0xE2, 0xE2, 0xFC, 0xF1, 0xF1, 0xF8, 0xD6, 0xD6, 
    0xF9, 0xE1, 0xE1, 0xFC, 0xF0, 0xF0, 0xFC, 0xF3, 0xF4, 0xFE, 0xFA, 0xFA, 
    0xF0, 0xF1, 0xF1, 0xCF, 0xCF, 0xCF, 0xD2, 0xD2, 0xD2, 0xDE, 0xDE, 0xDE, 
    0xDB, 0xDB, 0xDA, 0xD2, 0xD2, 0xD2, 0xFE, 0xFE, 0xFE, 0xE5, 0xE5, 0xE5, 
    0xDA, 0xDA, 0xDA, 0xD0, 0xD0, 0xD0, 0xD3, 0xD3, 0xD3, 0xD9, 0xD9, 0xD9, 
    0xE0, 0xE0, 0xE0, 0xD1, 0xD1, 0xD1, 0xD6, 0xD5, 0xD6, 0xFE, 0xFD, 0xFE, 
    0xDF, 0xDF, 0xDF, 0xDA, 0xDA, 0xDA, 0xDD, 0xDD, 0xDD, 0xCF, 0xCF, 0xCF, 
    0xEE, 0xED, 0xED, 0xFE, 0xFE, 0xFE, 0xFE, 0xFE, 0xFE, 0xFE, 0xFE, 0xFE, 
    0xFE, 0xFE, 0xFE, 0xFE, 0xFE, 0xFE, 0xF7, 0xF7, 0xF7, 0xE3, 0xE2, 0xE3, 
    0xD5, 0xD5, 0xD5, 0xD3, 0xD2, 0xD3, 0xDC, 0xDC, 0xDC, 0xDD, 0xDD, 0xDD, 
    0xD5, 0xD5, 0xD5, 0xFB, 0xFB, 0xFB, 0xEA, 0xE9, 0xEA, 0xD9, 0xD9, 0xD9, 
    0xD0, 0xD0, 0xCF, 0xD4, 0xD4, 0xD4, 0xDB, 0xDB, 0xDB, 0xDF, 0xDF, 0xDF, 
    0xD2, 0xD2, 0xD2, 0xD6, 0xD6, 0xD6, 0xF7, 0xF6, 0xF7, 0xE6, 0xE6, 0xE6, 
    0xD3, 0xD3, 0xD3, 0xD5, 0xD5, 0xD5, 0xD1, 0xD1, 0xD1, 0xD6, 0xD6, 0xD6, 
    0xEF, 0xEF, 0xEF, 0xEC, 0xEC, 0xEC, 0xE3, 0xE2, 0xE2, 0xFE, 0xFE, 0xFE, 
    0xFE, 0xFE, 0xFE, 0xFE, 0xFE, 0xFE, 0xFE, 0xFE, 0xFE, 0xFE, 0xFE, 0xFE, 
    0xFE, 0xFE, 0xFE, 0xFE, 0xFE, 0xFE, 0xFE, 0xFE, 0xFE, 0xFE, 0xFE, 0xFE, 
    0xFE, 0xFE, 0xFE, 0xFE, 0xFE, 0xFE, 0xFE, 0xFE, 0xFE, 0xFE, 0xFE, 0xFE, 
    0xFE, 0xFE, 0xFE, 0xFF, 0xFF, 0xFF, 0xE0, 0xE0, 0xE0, 0xB5, 0xB4, 0xB4, 
    0xA5, 0xA5, 0xA5, 0xB0, 0xAF, 0xAF, 0xC3, 0xC3, 0xC3, 0xB8, 0xB8, 0xB8, 
    0xA1, 0xA1, 0xA1, 0xC6, 0xC6, 0xC6, 0xB7, 0xB7, 0xB7, 0xA7, 0xA7, 0xA7, 
    0xA9, 0xA8, 0xA9, 0xC0, 0xC0, 0xC0, 0xD3, 0xD2, 0xD3, 0xB5, 0xB5, 0xB5, 
    0xBB, 0xBB, 0xBB, 0xB4, 0xB4, 0xB4, 0xB1, 0xB0, 0xB0, 0xC2, 0xC2, 0xC1, 
    0xFE, 0xFE, 0xFE, 0xFE, 0xFE, 0xFE, 0xFE, 0xFE, 0xFE, 0xFE, 0xFE, 0xFE, 
    0xFE, 0xFE, 0xFE, 0xFE, 0xFE, 0xFE, 0xFF, 0xFF, 0xFF, 0xF9, 0xE1, 0xE1, 
    0xED, 0x8A, 0x8A, 0xF2, 0xA1, 0xA2, 0xF0, 0x9B, 0x9C, 0xF4, 0xB7, 0xB7, 
    0xF3, 0xBD, 0xBD, 0xF4, 0xB0, 0xAF, 0xF1, 0x9D, 0x9E, 0xFB, 0xD5, 0xD6, 
    0xE5, 0xE8, 0xE8, 0xA4, 0xA4, 0xA4, 0x9E, 0x9E, 0x9E, 0x93, 0x93, 0x93, 
    0xA0, 0xA0, 0xA0, 0xA5, 0xA5, 0xA5, 0xF4, 0xF4, 0xF4, 0xC2, 0xC2, 0xC2, 
    0x99, 0x98, 0x99, 0x88, 0x88, 0x88, 0x99, 0x99, 0x99, 0xAF, 0xAF, 0xAF, 
    0xA6, 0xA6, 0xA6, 0x8B, 0x8B, 0x8B, 0x98, 0x98, 0x97, 0xF1, 0xF1, 0xF1, 
    0xB9, 0xB9, 0xB9, 0xB6, 0xB6, 0xB6, 0xBF, 0xBE, 0xBF, 0xA5, 0xA5, 0xA5, 
    0xDE, 0xDE, 0xDE, 0xFF, 0xFF, 0xFF, 0xFE, 0xFE, 0xFE, 0xFE, 0xFE, 0xFE, 
    0xFE, 0xFE, 0xFE, 0xFF, 0xFF, 0xFF, 0xE5, 0xE5, 0xE5, 0xD1, 0xD1, 0xD0, 
    0xAD, 0xAD, 0xAD, 0xA1, 0xA1, 0xA1, 0x97, 0x97, 0x97, 0xA2, 0xA2, 0xA2, 
    0xA3, 0xA3, 0xA4, 0xF1, 0xF1, 0xF1, 0xCB, 0xCB, 0xCC, 0x9D, 0x9D, 0x9D, 
    0x8C, 0x8C, 0x8C, 0x9B, 0x9B, 0x9B, 0xB1, 0xB1, 0xB1, 0xAA, 0xA9, 0xA9, 
    0x8F, 0x8E, 0x8F, 0x9A, 0x9A, 0x9A, 0xE7, 0xE7, 0xE7, 0x99, 0x99, 0x99, 
    0xAF, 0xAE, 0xAF, 0xAC, 0xAC, 0xAC, 0xBC, 0xBC, 0xBC, 0xAE, 0xAE, 0xAE, 
    0xD1, 0xD1, 0xD1, 0xEF, 0xEF, 0xEF, 0xE5, 0xE4, 0xE5, 0xFE, 0xFE, 0xFE, 
    0xFE, 0xFE, 0xFE, 0xFE, 0xFE, 0xFE, 0xFE, 0xFE, 0xFE, 0xFE, 0xFE, 0xFE, 
    0xFE, 0xFE, 0xFE, 0xFE, 0xFE, 0xFE, 0xFE, 0xFE, 0xFE, 0xFE, 0xFE, 0xFE, 
    0xFE, 0xFE, 0xFE, 0xFE, 0xFE, 0xFE, 0xFE, 0xFE, 0xFE, 0xFE, 0xFE, 0xFE, 
    0xFE, 0xFE, 0xFE, 0xFE, 0xFE, 0xFE, 0xF7, 0xF7, 0xF7, 0xE3, 0xE3, 0xE3, 
    0xDE, 0xDE, 0xDE, 0xDD, 0xDD, 0xDD, 0xE8, 0xE8, 0xE8, 0xE6, 0xE6, 0xE6, 
    0xDE, 0xDE, 0xDE, 0xE9, 0xE9, 0xE9, 0xF0, 0xF0, 0xF0, 0xED, 0xED, 0xED, 
    0xDF, 0xDE, 0xDF, 0xE0, 0xE0, 0xE0, 0xEE, 0xEE, 0xEE, 0xE4, 0xE4, 0xE4, 
    0xE0, 0xE0, 0xE0, 0xC7, 0xC7, 0xC7, 0xB8, 0xB8, 0xB8, 0xE3, 0xE3, 0xE2, 
    0xFE, 0xFE, 0xFE, 0xFE, 0xFE, 0xFE, 0xFE, 0xFE, 0xFE, 0xFE, 0xFE, 0xFE, 
    0xFE, 0xFE, 0xFE, 0xFE, 0xFE, 0xFE, 0xFE, 0xFE, 0xFE, 0xFE, 0xFD, 0xFD, 
    0xFD, 0xF8, 0xF8, 0xFC, 0xF2, 0xF2, 0xFD, 0xF3, 0xF3, 0xFD, 0xFB, 0xFB, 
    0xFC, 0xF2, 0xF2, 0xFD, 0xF5, 0xF4, 0xFD, 0xF4, 0xF4, 0xFE, 0xFA, 0xFA, 
    0xF8, 0xF8, 0xF8, 0xF2, 0xF2, 0xF2, 0xFA, 0xFA, 0xFA, 0xF6, 0xF6, 0xF6, 
    0xF2, 0xF1, 0xF1, 0xF1, 0xF1, 0xF1, 0xDC, 0xDC, 0xDC, 0xE9, 0xE9, 0xE9, 
    0xF3, 0xF3, 0xF3, 0xF6, 0xF6, 0xF6, 0xF6, 0xF6, 0xF6, 0xF5, 0xF5, 0xF5, 
    0xEF, 0xEF, 0xEF, 0xF6, 0xF6, 0xF6, 0xF1, 0xF0, 0xF0, 0xDD, 0xDD, 0xDD, 
    0xF3, 0xF2, 0xF2, 0xF5, 0xF5, 0xF5, 0xF1, 0xF1, 0xF1, 0xF4, 0xF4, 0xF3, 
    0xFB, 0xFB, 0xFB, 0xFF, 0xFF, 0xFF, 0xFF, 0xFF, 0xFF, 0xFF, 0xFF, 0xFF, 
    0xFF, 0xFF, 0xFF, 0xFF, 0xFF, 0xFF, 0xFC, 0xFD, 0xFC, 0xF0, 0xF0, 0xF0, 
    0xF4, 0xF3, 0xF4, 0xFA, 0xFA, 0xFA, 0xFA, 0xFA, 0xFA, 0xF5, 0xF5, 0xF5, 
    0xF5, 0xF5, 0xF5, 0xDE, 0xDE, 0xDE, 0xEA, 0xE9, 0xE9, 0xF8, 0xF8, 0xF8, 
    0xF7, 0xF7, 0xF7, 0xF7, 0xF7, 0xF7, 0xF5, 0xF5, 0xF6, 0xF5, 0xF5, 0xF5, 
    0xF9, 0xF9, 0xF9, 0xF4, 0xF4, 0xF4, 0xE1, 0xE1, 0xE1, 0xF4, 0xF4, 0xF4, 
    0xF0, 0xF0, 0xF0, 0xF4, 0xF4, 0xF4, 0xFD, 0xFD, 0xFD, 0xFD, 0xFC, 0xFD, 
    0xFF, 0xFF, 0xFF, 0xFF, 0xFF, 0xFF, 0xFF, 0xFF, 0xFF, 0xFF, 0xFF, 0xFF, 
    0xFF, 0xFF, 0xFF, 0xFF, 0xFF, 0xFF, 0xFF, 0xFF, 0xFF, 0xFF, 0xFF, 0xFF, 
    0xFF, 0xFF, 0xFF, 0xFE, 0xFE, 0xFE, 0xFE, 0xFE, 0xFE, 0xFE, 0xFE, 0xFE, 
    0xFE, 0xFE, 0xFE, 0xFE, 0xFE, 0xFE, 0xFE, 0xFE, 0xFE, 0xFE, 0xFE, 0xFE, 
    0xFE, 0xFE, 0xFE, 0xFE, 0xFE, 0xFE, 0xFF, 0xFF, 0xFF, 0xFF, 0xFF, 0xFF, 
    0xFF, 0xFF, 0xFF, 0xFF, 0xFF, 0xFF, 0xFF, 0xFF, 0xFF, 0xFF, 0xFF, 0xFF, 
    0xFF, 0xFF, 0xFF, 0xFF, 0xFF, 0xFF, 0xFF, 0xFF, 0xFF, 0xFF, 0xFF, 0xFF, 
    0xFF, 0xFF, 0xFF, 0xFF, 0xFF, 0xFF, 0xFF, 0xFF, 0xFF, 0xFF, 0xFF, 0xFF, 
    0xFF, 0xFF, 0xFF, 0xFF, 0xFF, 0xFF, 0xFF, 0xFF, 0xFF, 0xFF, 0xFF, 0xFF, 
    0xFE, 0xFE, 0xFE, 0xFE, 0xFE, 0xFE, 0xFE, 0xFE, 0xFE, 0xFE, 0xFE, 0xFE, 
    0xFE, 0xFE, 0xFE, 0xFE, 0xFE, 0xFE, 0xFE, 0xFE, 0xFE, 0xFE, 0xFE, 0xFE, 
    0xFE, 0xFF, 0xFF, 0xFE, 0xFF, 0xFF, 0xFE, 0xFF, 0xFF, 0xFE, 0xFF, 0xFF, 
    0xFE, 0xFF, 0xFF, 0xFE, 0xFF, 0xFF, 0xFE, 0xFF, 0xFF, 0xFE, 0xFF, 0xFF, 
    0xFF, 0xFF, 0xFF, 0xFF, 0xFF, 0xFF, 0xFF, 0xFF, 0xFF, 0xFF, 0xFF, 0xFF, 
    0xFF, 0xFF, 0xFF, 0xFF, 0xFF, 0xFF, 0xFF, 0xFF, 0xFF, 0xFF, 0xFF, 0xFF, 
    0xFF, 0xFF, 0xFF, 0xFF, 0xFF, 0xFF, 0xFF, 0xFF, 0xFF, 0xFF, 0xFF, 0xFF, 
    0xFF, 0xFF, 0xFF, 0xFF, 0xFF, 0xFF, 0xFF, 0xFF, 0xFF, 0xFB, 0xFB, 0xFB, 
    0xDB, 0xDB, 0xDB, 0xE3, 0xE3, 0xE3, 0xE8, 0xE8, 0xE8, 0xE3, 0xE3, 0xE4, 
    0xE6, 0xE6, 0xE6, 0xFA, 0xFA, 0xFA, 0xE6, 0xE6, 0xE6, 0xE1, 0xE1, 0xE1, 
    0xDC, 0xDC, 0xDC, 0xE4, 0xE4, 0xE4, 0xE8, 0xE8, 0xE8, 0xE1, 0xE0, 0xE1, 
    0xE5, 0xE5, 0xE5, 0xFA, 0xFA, 0xFA, 0xE6, 0xE6, 0xE6, 0xE0, 0xE0, 0xE0, 
    0xE0, 0xE0, 0xE1, 0xE7, 0xE7, 0xE7, 0xE7, 0xE8, 0xE8, 0xDE, 0xDE, 0xDE, 
    0xFB, 0xFB, 0xFB, 0xE5, 0xE5, 0xE5, 0xFC, 0xFC, 0xFC, 0xDC, 0xDC, 0xDC, 
    0xE1, 0xE1, 0xE1, 0xE6, 0xE6, 0xE6, 0xE5, 0xE5, 0xE5, 0xE5, 0xE5, 0xE5, 
    0xFC, 0xFC, 0xFC, 0xE9, 0xE9, 0xE9, 0xDF, 0xDF, 0xDF, 0xDD, 0xDD, 0xDD, 
    0xE4, 0xE3, 0xE4, 0xE7, 0xE7, 0xE7, 0xE1, 0xE1, 0xE1, 0xE4, 0xE4, 0xE4, 
    0xF7, 0xF7, 0xF7, 0xDA, 0xDA, 0xDA, 0xDA, 0xDA, 0xDA, 0xDC, 0xDC, 0xDC, 
    0xEC, 0xEC, 0xEC, 0xFE, 0xFE, 0xFE, 0xFE, 0xFE, 0xFE, 0xFE, 0xFE, 0xFE, 
    0xFE, 0xFE, 0xFE, 0xFE, 0xFE, 0xFE, 0xFE, 0xFE, 0xFE, 0xFE, 0xFE, 0xFE, 
    0xFE, 0xFE, 0xFE, 0xFE, 0xFE, 0xFE, 0xFE, 0xFE, 0xFE, 0xFE, 0xFE, 0xFE, 
    0xFE, 0xFE, 0xFE, 0xFE, 0xFE, 0xFE, 0xFE, 0xFE, 0xFE, 0xFE, 0xFE, 0xFE, 
    0xFE, 0xFE, 0xFE, 0xFE, 0xFE, 0xFE, 0xFE, 0xFE, 0xFE, 0xFE, 0xFE, 0xFE, 
    0xFE, 0xFE, 0xFE, 0xFE, 0xFE, 0xFE, 0xFE, 0xFE, 0xFE, 0xFE, 0xFE, 0xFE, 
    0xFE, 0xFE, 0xFE, 0xFE, 0xFE, 0xFE, 0xFE, 0xFE, 0xFE, 0xFE, 0xFE, 0xFE, 
    0xFE, 0xFE, 0xFE, 0xFE, 0xFE, 0xFE, 0xFE, 0xFE, 0xFE, 0xFE, 0xFE, 0xFE, 
    0xFE, 0xFE, 0xFE, 0xFE, 0xFE, 0xFE, 0xFE, 0xFE, 0xFE, 0xFE, 0xFE, 0xFE, 
    0xFE, 0xFE, 0xFE, 0xFE, 0xFE, 0xFE, 0xFE, 0xFE, 0xFE, 0xFE, 0xFE, 0xFE, 
    0xFE, 0xFE, 0xFE, 0xFE, 0xFE, 0xFE, 0xFE, 0xFE, 0xFE, 0xFE, 0xFE, 0xFE, 
    0xFE, 0xFE, 0xFE, 0xFE, 0xFE, 0xFE, 0xFE, 0xFE, 0xFE, 0xFE, 0xFE, 0xFE, 
    0xFE, 0xFE, 0xFE, 0xFE, 0xFE, 0xFE, 0xFE, 0xFE, 0xFE, 0xFE, 0xFE, 0xFE, 
    0xFE, 0xFE, 0xFE, 0xFE, 0xFE, 0xFE, 0xFE, 0xFE, 0xFE, 0xFE, 0xFE, 0xFE, 
    0xFE, 0xFE, 0xFE, 0xFE, 0xFE, 0xFE, 0xFF, 0xFF, 0xFF, 0xF4, 0xF4, 0xF4, 
    0xA3, 0xA3, 0xA3, 0x94, 0x94, 0x94, 0x8F, 0x8F, 0x8F, 0x97, 0x97, 0x97, 
    0xBA, 0xBA, 0xBA, 0xF5, 0xF5, 0xF5, 0xA9, 0xA9, 0xA9, 0x86, 0x86, 0x86, 
    0x8B, 0x8A, 0x8A, 0xA6, 0xA6, 0xA6, 0xA8, 0xA7, 0xA7, 0x87, 0x86, 0x86, 
    0x9F, 0x9F, 0x9F, 0xE2, 0xE2, 0xE2, 0x95, 0x95, 0x95, 0xAD, 0xAD, 0xAD, 
    0xAF, 0xAF, 0xB0, 0x9F, 0x9F, 0x9F, 0x9F, 0x9F, 0x9F, 0xC4, 0xC4, 0xC4, 
    0xFA, 0xFA, 0xFA, 0xD7, 0xD7, 0xD7, 0xF9, 0xF9, 0xF9, 0xA7, 0xA7, 0xA7, 
    0x97, 0x96, 0x96, 0x8E, 0x8D, 0x8D, 0x9A, 0x9A, 0x9A, 0xB4, 0xB3, 0xB3, 
    0xF8, 0xF8, 0xF8, 0xA5, 0xA5, 0xA5, 0x87, 0x86, 0x87, 0x8D, 0x8C, 0x8C, 
    0xA4, 0xA3, 0xA3, 0xA9, 0xA9, 0xA8, 0x89, 0x89, 0x89, 0x9F, 0x9F, 0x9F, 
    0xE5, 0xE5, 0xE5, 0x8A, 0x89, 0x89, 0x9D, 0x9D, 0x9D, 0xB6, 0xB6, 0xB7, 
    0xCE, 0xCE, 0xCE, 0xFD, 0xFD, 0xFD, 0xFE, 0xFE, 0xFE, 0xFE, 0xFE, 0xFE, 
    0xFE, 0xFE, 0xFE, 0xFE, 0xFE, 0xFE, 0xFE, 0xFE, 0xFE, 0xFE, 0xFE, 0xFE, 
    0xFE, 0xFE, 0xFE, 0xFE, 0xFE, 0xFE, 0xFE, 0xFE, 0xFE, 0xFE, 0xFE, 0xFE, 
    0xFE, 0xFE, 0xFE, 0xFE, 0xFE, 0xFE, 0xFE, 0xFE, 0xFE, 0xFE, 0xFE, 0xFE, 
    0xFE, 0xFE, 0xFE, 0xFE, 0xFE, 0xFE, 0xFE, 0xFE, 0xFE, 0xFE, 0xFE, 0xFE, 
    0xFE, 0xFE, 0xFE, 0xFE, 0xFE, 0xFE, 0xFE, 0xFE, 0xFE, 0xFE, 0xFE, 0xFE, 
    0xFE, 0xFE, 0xFE, 0xFE, 0xFE, 0xFE, 0xFE, 0xFE, 0xFE, 0xFE, 0xFE, 0xFE, 
    0xFE, 0xFE, 0xFE, 0xFE, 0xFE, 0xFE, 0xFE, 0xFE, 0xFE, 0xFE, 0xFE, 0xFE, 
    0xFE, 0xFE, 0xFE, 0xFE, 0xFE, 0xFE, 0xFE, 0xFE, 0xFE, 0xFE, 0xFE, 0xFE, 
    0xFE, 0xFE, 0xFE, 0xFE, 0xFE, 0xFE, 0xFE, 0xFE, 0xFE, 0xFE, 0xFE, 0xFE, 
    0xFE, 0xFE, 0xFE, 0xFE, 0xFE, 0xFE, 0xFE, 0xFE, 0xFE, 0xFE, 0xFE, 0xFE, 
    0xFE, 0xFE, 0xFE, 0xFE, 0xFE, 0xFE, 0xFE, 0xFE, 0xFE, 0xFE, 0xFE, 0xFE, 
    0xFE, 0xFE, 0xFE, 0xFE, 0xFE, 0xFE, 0xFE, 0xFE, 0xFE, 0xFE, 0xFE, 0xFE, 
    0xFE, 0xFE, 0xFE, 0xFE, 0xFE, 0xFE, 0xFE, 0xFE, 0xFE, 0xFE, 0xFE, 0xFE, 
    0xFE, 0xFE, 0xFE, 0xFE, 0xFE, 0xFE, 0xFE, 0xFE, 0xFE, 0xF9, 0xF9, 0xF9, 
    0xE8, 0xE8, 0xE8, 0xF2, 0xF2, 0xF1, 0xED, 0xED, 0xED, 0xE5, 0xE4, 0xE5, 
    0xE2, 0xE2, 0xE2, 0xD7, 0xD7, 0xD7, 0xE6, 0xE6, 0xE5, 0xEB, 0xEB, 0xEB, 
    0xEB, 0xEB, 0xEB, 0xEC, 0xEC, 0xEC, 0xE6, 0xE6, 0xE6, 0xEB, 0xEB, 0xEB, 
    0xE5, 0xE5, 0xE5, 0xD7, 0xD7, 0xD7, 0xEF, 0xEE, 0xEE, 0xE9, 0xE9, 0xE9, 
    0xE8, 0xE8, 0xE8, 0xE8, 0xE8, 0xE8, 0xF2, 0xF2, 0xF2, 0xF7, 0xF7, 0xF7, 
    0xFE, 0xFE, 0xFE, 0xFF, 0xFF, 0xFF, 0xFB, 0xFB, 0xFB, 0xE7, 0xE7, 0xE7, 
    0xF1, 0xF1, 0xF1, 0xED, 0xED, 0xED, 0xE6, 0xE6, 0xE6, 0xE3, 0xE3, 0xE3, 
    0xD6, 0xD6, 0xD6, 0xE4, 0xE4, 0xE4, 0xEB, 0xEB, 0xEB, 0xEB, 0xEB, 0xEB, 
    0xEE, 0xEE, 0xEE, 0xE5, 0xE5, 0xE5, 0xEB, 0xEB, 0xEB, 0xE6, 0xE6, 0xE6, 
    0xD5, 0xD4, 0xD4, 0xE7, 0xE7, 0xE7, 0xF8, 0xF8, 0xF8, 0xF8, 0xF8, 0xF8, 
    0xE9, 0xE9, 0xE9, 0xFE, 0xFE, 0xFE, 0xFE, 0xFE, 0xFE, 0xFE, 0xFE, 0xFE, 
    0xFE, 0xFE, 0xFE, 0xFE, 0xFE, 0xFE, 0xFE, 0xFE, 0xFE, 0xFE, 0xFE, 0xFE, 
    0xFE, 0xFE, 0xFE, 0xFE, 0xFE, 0xFE, 0xFE, 0xFE, 0xFE, 0xFE, 0xFE, 0xFE, 
    0xFE, 0xFE, 0xFE, 0xFE, 0xFE, 0xFE, 0xFE, 0xFE, 0xFE, 0xFE, 0xFE, 0xFE, 
    0xFE, 0xFE, 0xFE, 0xFE, 0xFE, 0xFE, 0xFE, 0xFE, 0xFE, 0xFE, 0xFE, 0xFE, 
    0xFE, 0xFE, 0xFE, 0xFE, 0xFE, 0xFE, 0xFE, 0xFE, 0xFE, 0xFE, 0xFE, 0xFE, 
    0xFE, 0xFE, 0xFE, 0xFE, 0xFE, 0xFE, 0xFE, 0xFE, 0xFE, 0xFE, 0xFE, 0xFE, 
    0xFE, 0xFE, 0xFE, 0xFE, 0xFE, 0xFE, 0xFE, 0xFE, 0xFE, 0xFE, 0xFE, 0xFE, 
    0xFE, 0xFE, 0xFE, 0xFE, 0xFE, 0xFE, 0xFE, 0xFE, 0xFE, 0xFE, 0xFE, 0xFE, 
    0xFE, 0xFE, 0xFE, 0xFE, 0xFE, 0xFE, 0xFE, 0xFE, 0xFE, 0xFE, 0xFE, 0xFE, 
    0xFE, 0xFE, 0xFE, 0xFE, 0xFE, 0xFE, 0xFE, 0xFE, 0xFE, 0xFE, 0xFE, 0xFE, 
    0xFE, 0xFE, 0xFE, 0xFE, 0xFE, 0xFE, 0xFE, 0xFE, 0xFE, 0xFE, 0xFE, 0xFE, 
    0xFE, 0xFE, 0xFE, 0xFE, 0xFE, 0xFE, 0xFE, 0xFE, 0xFE, 0xFE, 0xFE, 0xFE, 
    0xFE, 0xFE, 0xFE, 0xFE, 0xFE, 0xFE, 0xFE, 0xFE, 0xFE, 0xFE, 0xFE, 0xFE, 
    0xFE, 0xFE, 0xFE, 0xFE, 0xFE, 0xFE, 0xFE, 0xFE, 0xFE, 0xFF, 0xFF, 0xFF, 
    0xFF, 0xFF, 0xFF, 0xFF, 0xFF, 0xFF, 0xFF, 0xFF, 0xFF, 0xFF, 0xFF, 0xFF, 
    0xFF, 0xFF, 0xFF, 0xFF, 0xFF, 0xFF, 0xFF, 0xFF, 0xFF, 0xFF, 0xFF, 0xFF, 
    0xFF, 0xFF, 0xFF, 0xFF, 0xFF, 0xFF, 0xFF, 0xFF, 0xFF, 0xFF, 0xFF, 0xFF, 
    0xFF, 0xFF, 0xFF, 0xFF, 0xFF, 0xFF, 0xFF, 0xFF, 0xFF, 0xFF, 0xFF, 0xFF, 
    0xFF, 0xFF, 0xFF, 0xFF, 0xFF, 0xFF, 0xFF, 0xFF, 0xFF, 0xFF, 0xFF, 0xFF, 
    0xFE, 0xFE, 0xFE, 0xFE, 0xFE, 0xFE, 0xFE, 0xFE, 0xFE, 0xFF, 0xFF, 0xFF, 
    0xFF, 0xFF, 0xFF, 0xFF, 0xFF, 0xFF, 0xFF, 0xFF, 0xFF, 0xFF, 0xFF, 0xFF, 
    0xFF, 0xFF, 0xFF, 0xFF, 0xFF, 0xFF, 0xFF, 0xFF, 0xFF, 0xFF, 0xFF, 0xFF, 
    0xFF, 0xFF, 0xFF, 0xFF, 0xFF, 0xFF, 0xFF, 0xFF, 0xFF, 0xFF, 0xFF, 0xFF, 
    0xFF, 0xFF, 0xFF, 0xFF, 0xFF, 0xFF, 0xFF, 0xFF, 0xFF, 0xFF, 0xFF, 0xFF, 
    0xFF, 0xFF, 0xFF, 0xFE, 0xFE, 0xFE, 0xFE, 0xFE, 0xFE, 0xFE, 0xFE, 0xFE, 
    0xFE, 0xFE, 0xFE, 0xFE, 0xFE, 0xFE, 0xFE, 0xFE, 0xFE, 0xFE, 0xFE, 0xFE, 
    0xFE, 0xFE, 0xFE, 0xFE, 0xFE, 0xFE, 0xFE, 0xFE, 0xFE, 0xFE, 0xFE, 0xFE, 
    0xFE, 0xFE, 0xFE, 0xFE, 0xFE, 0xFE, 0xFE, 0xFE, 0xFE, 0xFE, 0xFE, 0xFE, 
    0xFE, 0xFE, 0xFE, 0xFE, 0xFE, 0xFE, 0xFE, 0xFE, 0xFE, 0xFE, 0xFE, 0xFE, 
    0xFE, 0xFE, 0xFE, 0xFE, 0xFE, 0xFE, 0xFE, 0xFE, 0xFE, 0xFE, 0xFE, 0xFE, 
    0xFE, 0xFE, 0xFE, 0xFE, 0xFE, 0xFE, 0xFE, 0xFE, 0xFE, 0xFE, 0xFE, 0xFE, 
    0xFE, 0xFE, 0xFE, 0xFE, 0xFE, 0xFE, 0xFE, 0xFE, 0xFE, 0xFE, 0xFE, 0xFE, 
    0xFE, 0xFE, 0xFE, 0xFE, 0xFE, 0xFE, 0xFE, 0xFE, 0xFE, 0xFE, 0xFE, 0xFE, 
    0xFE, 0xFE, 0xFE, 0xFE, 0xFE, 0xFE, 0xFE, 0xFE, 0xFE, 0xFE, 0xFE, 0xFE, 
    0xFE, 0xFE, 0xFE, 0xFE, 0xFE, 0xFE, 0xFE, 0xFE, 0xFE, 0xFE, 0xFE, 0xFE, 
    0xFE, 0xFE, 0xFE, 0xFE, 0xFE, 0xFE, 0xFE, 0xFE, 0xFE, 0xFE, 0xFE, 0xFE, 
    0xFE, 0xFE, 0xFE, 0xFE, 0xFE, 0xFE, 0xFE, 0xFE, 0xFE, 0xFE, 0xFE, 0xFE, 
    0xFE, 0xFE, 0xFE, 0xFE, 0xFE, 0xFE, 0xFE, 0xFE, 0xFE, 0xFE, 0xFE, 0xFE, 
    0xFE, 0xFE, 0xFE, 0xFE, 0xFE, 0xFE, 0xFE, 0xFE, 0xFE, 0xFE, 0xFE, 0xFE, 
    0xFE, 0xFE, 0xFE, 0xFE, 0xFE, 0xFE, 0xFE, 0xFE, 0xFE, 0xFE, 0xFE, 0xFE, 
    0xFE, 0xFE, 0xFE, 0xFE, 0xFE, 0xFE, 0xFE, 0xFE, 0xFE, 0xFE, 0xFE, 0xFE, 
    0xFE, 0xFE, 0xFE, 0xFE, 0xFE, 0xFE, 0xFE, 0xFE, 0xFE, 0xFE, 0xFE, 0xFE, 
    0xFE, 0xFE, 0xFE, 0xFE, 0xFE, 0xFE, 0xFE, 0xFE, 0xFE, 0xFE, 0xFE, 0xFE, 
    0xFE, 0xFE, 0xFE, 0xFE, 0xFE, 0xFE, 0xFE, 0xFE, 0xFE, 0xFE, 0xFE, 0xFE, 
    0xFE, 0xFE, 0xFE, 0xFE, 0xFE, 0xFE, 0xFE, 0xFE, 0xFE, 0xFE, 0xFE, 0xFE, 
    0xFE, 0xFE, 0xFE, 0xFE, 0xFE, 0xFE, 0xFE, 0xFE, 0xFE, 0xFE, 0xFE, 0xFE, 
    0xFE, 0xFE, 0xFE, 0xFE, 0xFE, 0xFE, 0xFE, 0xFE, 0xFE, 0xFE, 0xFE, 0xFE, 
    0xFE, 0xFE, 0xFE, 0xFE, 0xFE, 0xFE, 0xFE, 0xFE, 0xFE, 0xFE, 0xFE, 0xFE, 
    0xFE, 0xFE, 0xFE, 0xFE, 0xFE, 0xFE, 0xFE, 0xFE, 0xFE, 0xFE, 0xFE, 0xFE, 
    0xFE, 0xFE, 0xFE, 0xFE, 0xFE, 0xFE, 0xFE, 0xFE, 0xFE, 0xFE, 0xFE, 0xFE, 
    0xFE, 0xFE, 0xFE, 0xFE, 0xFE, 0xFE, 0xFE, 0xFE, 0xFE, 0xFE, 0xFF, 0xFF, 
    0xFE, 0xFE, 0xFE, 0xFE, 0xFE, 0xFE, 0xFE, 0xFF, 0xFF, 0xFE, 0xFF, 0xFF, 
    0xFE, 0xFE, 0xFE, 0xFE, 0xFE, 0xFE, 0xFE, 0xFE, 0xFE, 0xFE, 0xFE, 0xFE, 
    0xFE, 0xFE, 0xFE, 0xFE, 0xFE, 0xFE, 0xFE, 0xFF, 0xFF, 0xFE, 0xFE, 0xFE, 
    0xFE, 0xFE, 0xFE, 0xFE, 0xFE, 0xFE, 0xFE, 0xFE, 0xFE, 0xFE, 0xFE, 0xFE, 
    0xFE, 0xFF, 0xFF, 0xFE, 0xFE, 0xFE, 0xFE, 0xFE, 0xFE, 0xFE, 0xFE, 0xFE, 
    0xFE, 0xFE, 0xFE, 0xFE, 0xFF, 0xFF, 0xFE, 0xFE, 0xFE, 0xFE, 0xFE, 0xFF, 
    0xFE, 0xFF, 0xFF, 0xFE, 0xFE, 0xFE, 0xFE, 0xFE, 0xFE, 0xFE, 0xFE, 0xFE, 
    0xFF, 0xFF, 0xFF, 0xFE, 0xFE, 0xFE, 0xFE, 0xFE, 0xFE, 0xFE, 0xFE, 0xFE, 
    0xFE, 0xFE, 0xFE, 0xFE, 0xFE, 0xFE, 0xFE, 0xFE, 0xFE, 0xFF, 0xFF, 0xFF, 
    0xFF, 0xFF, 0xFF, 0xFF, 0xFF, 0xFF, 0xFE, 0xFE, 0xFE, 0xFF, 0xFF, 0xFF, 
    0xFF, 0xFF, 0xFF, 0xFF, 0xFF, 0xFF, 0xFF, 0xFF, 0xFF, 0xFF, 0xFF, 0xFF, 
    0xFE, 0xFE, 0xFE, 0xFE, 0xFE, 0xFE, 0xFE, 0xFE, 0xFE, 0xFF, 0xFF, 0xFF, 
    0xFF, 0xFF, 0xFF, 0xFE, 0xFE, 0xFE, 0xFE, 0xFE, 0xFE, 0xFE, 0xFE, 0xFE, 
    0xFE, 0xFF, 0xFF, 0xFF, 0xFF, 0xFF, 0xFE, 0xFE, 0xFE, 0xFE, 0xFE, 0xFE, 
    0xFE, 0xFE, 0xFE, 0xFE, 0xFE, 0xFE, 0xFE, 0xFE, 0xFE, 0xFE, 0xFE, 0xFE, 
    0xFE, 0xFE, 0xFE, 0xFE, 0xFE, 0xFE, 0xFE, 0xFE, 0xFE, 0xFE, 0xFE, 0xFE, 
    0xFE, 0xFE, 0xFE, 0xFE, 0xFE, 0xFE, 0xFE, 0xFE, 0xFE, 0xFE, 0xFE, 0xFE, 
    0xFE, 0xFE, 0xFE, 0xFE, 0xFE, 0xFE, 0xFE, 0xFE, 0xFE, 0xFE, 0xFE, 0xFE, 
    0xFE, 0xFE, 0xFE, 0xFE, 0xFE, 0xFE, 0xFE, 0xFE, 0xFE, 0xFE, 0xFE, 0xFE, 
    0xFE, 0xFE, 0xFE, 0xFE, 0xFE, 0xFE, 0xFE, 0xFE, 0xFE, 0xFE, 0xFE, 0xFE, 
    0xFE, 0xFE, 0xFE, 0xFE, 0xFE, 0xFE, 0xFE, 0xFE, 0xFE, 0xFE, 0xFE, 0xFE, 
    0xFE, 0xFE, 0xFE, 0xFE, 0xFE, 0xFE, 0xFE, 0xFE, 0xFE, 0xFE, 0xFE, 0xFE, 
    0xFE, 0xFE, 0xFE, 0xFE, 0xFE, 0xFE, 0xFE, 0xFE, 0xFE, 0xFE, 0xFE, 0xFE, 
    0xFE, 0xFE, 0xFE, 0xFE, 0xFE, 0xFE, 0xFE, 0xFE, 0xFE, 0xFE, 0xFE, 0xFE, 
    0xFE, 0xFE, 0xFE, 0xFE, 0xFE, 0xFE, 0xFE, 0xFF, 0xFF, 0xFE, 0xFB, 0xFB, 
    0xFE, 0xFF, 0xFE, 0xFE, 0xFE, 0xFE, 0xFE, 0xF8, 0xF8, 0xFE, 0xF9, 0xF9, 
    0xFE, 0xFF, 0xFF, 0xFE, 0xFE, 0xFE, 0xFE, 0xFF, 0xFF, 0xFE, 0xFF, 0xFF, 
    0xFE, 0xFF, 0xFF, 0xFE, 0xFF, 0xFF, 0xFE, 0xFB, 0xFC, 0xFE, 0xFC, 0xFC, 
    0xFE, 0xFF, 0xFF, 0xFE, 0xFF, 0xFF, 0xFE, 0xFF, 0xFF, 0xFE, 0xFF, 0xFF, 
    0xFE, 0xF8, 0xF8, 0xFE, 0xFF, 0xFF, 0xFE, 0xFF, 0xFF, 0xFF, 0xFF, 0xFF, 
    0xFE, 0xFF, 0xFF, 0xFD, 0xF6, 0xF6, 0xFE, 0xFF, 0xFF, 0xFE, 0xFA, 0xFA, 
    0xFE, 0xFB, 0xFB, 0xFE, 0xFF, 0xFF, 0xFE, 0xFF, 0xFF, 0xFE, 0xFE, 0xFE, 
    0xF8, 0xF8, 0xF8, 0xFF, 0xFF, 0xFF, 0xFF, 0xFF, 0xFF, 0xFF, 0xFF, 0xFF, 
    0xFF, 0xFF, 0xFF, 0xFF, 0xFF, 0xFF, 0xFC, 0xFC, 0xFC, 0xF3, 0xF3, 0xF3, 
    0xF2, 0xF2, 0xF2, 0xF0, 0xF0, 0xF0, 0xFF, 0xFF, 0xFF, 0xF6, 0xF6, 0xF6, 
    0xF5, 0xF4, 0xF5, 0xF1, 0xF1, 0xF0, 0xF8, 0xF8, 0xF8, 0xF9, 0xF9, 0xF9, 
    0xFD, 0xFD, 0xFD, 0xFF, 0xFF, 0xFF, 0xFE, 0xFE, 0xFE, 0xEF, 0xEF, 0xEF, 
    0xEF, 0xEF, 0xEF, 0xFC, 0xFC, 0xFC, 0xFF, 0xFF, 0xFF, 0xFF, 0xFF, 0xFF, 
    0xFA, 0xFA, 0xFA, 0xF4, 0xF4, 0xF4, 0xFE, 0xFE, 0xFE, 0xFE, 0xFE, 0xFE, 
    0xFE, 0xFE, 0xFE, 0xFE, 0xFE, 0xFE, 0xFE, 0xFE, 0xFE, 0xFE, 0xFE, 0xFE, 
    0xFE, 0xFE, 0xFE, 0xFE, 0xFE, 0xFE, 0xFE, 0xFE, 0xFE, 0xFE, 0xFE, 0xFE, 
    0xFE, 0xFE, 0xFE, 0xFE, 0xFE, 0xFE, 0xFE, 0xFE, 0xFE, 0xFE, 0xFE, 0xFE, 
    0xFE, 0xFE, 0xFE, 0xFE, 0xFE, 0xFE, 0xFE, 0xFE, 0xFE, 0xFE, 0xFE, 0xFE, 
    0xFE, 0xFE, 0xFE, 0xFE, 0xFE, 0xFE, 0xFE, 0xFE, 0xFE, 0xFE, 0xFE, 0xFE, 
    0xFE, 0xFE, 0xFE, 0xFE, 0xFE, 0xFE, 0xFE, 0xFE, 0xFE, 0xFE, 0xFE, 0xFE, 
    0xFE, 0xFE, 0xFE, 0xFE, 0xFE, 0xFE, 0xFE, 0xFE, 0xFE, 0xFE, 0xFE, 0xFE, 
    0xFE, 0xFE, 0xFE, 0xFE, 0xFE, 0xFE, 0xFE, 0xFE, 0xFE, 0xFE, 0xFE, 0xFE, 
    0xFE, 0xFE, 0xFE, 0xFE, 0xFE, 0xFE, 0xFE, 0xFE, 0xFE, 0xFE, 0xFE, 0xFE, 
    0xFE, 0xFE, 0xFE, 0xFE, 0xFE, 0xFE, 0xFE, 0xFE, 0xFE, 0xFE, 0xFE, 0xFE, 
    0xFE, 0xFE, 0xFE, 0xFE, 0xFF, 0xFF, 0xFA, 0xD2, 0xD3, 0xF8, 0xB7, 0xB8, 
    0xF8, 0xBF, 0xC0, 0xF6, 0xA6, 0xA7, 0xF8, 0xC0, 0xC0, 0xF8, 0xC3, 0xC3, 
    0xF9, 0xCE, 0xCF, 0xFD, 0xFC, 0xFC, 0xF9, 0xCB, 0xCB, 0xF7, 0xBF, 0xBF, 
    0xFA, 0xB6, 0xB5, 0xFA, 0xBF, 0xBF, 0xF9, 0xB3, 0xB3, 0xFB, 0xDA, 0xDA, 
    0xFC, 0xEE, 0xEE, 0xF7, 0xB8, 0xB8, 0xF8, 0xBB, 0xBC, 0xF9, 0xC3, 0xC5, 
    0xF8, 0xC3, 0xC4, 0xF8, 0xB4, 0xB4, 0xF8, 0xB3, 0xB3, 0xF6, 0xB2, 0xB4, 
    0xF6, 0xAE, 0xAE, 0xF9, 0xC6, 0xC7, 0xFB, 0xED, 0xED, 0xF7, 0xBA, 0xBA, 
    0xF8, 0xB1, 0xB1, 0xF7, 0xB2, 0xB2, 0xF9, 0xC3, 0xC4, 0xFF, 0xFB, 0xFB, 
    0xCF, 0xD0, 0xD0, 0xAD, 0xAD, 0xAD, 0xAC, 0xAC, 0xAC, 0xB1, 0xB1, 0xB1, 
    0xA9, 0xA9, 0xA9, 0xC9, 0xC9, 0xC9, 0xF9, 0xF9, 0xF9, 0xAC, 0xAC, 0xAC, 
    0x8D, 0x8D, 0x8D, 0x8A, 0x8A, 0x8A, 0xB6, 0xB5, 0xB5, 0xBC, 0xBC, 0xBC, 
    0x9C, 0x9C, 0x9C, 0x80, 0x80, 0x7F, 0xC2, 0xC1, 0xC1, 0xDD, 0xDD, 0xDD, 
    0xAB, 0xAB, 0xAB, 0xAF, 0xAF, 0xAF, 0xC5, 0xC5, 0xC5, 0xD2, 0xD2, 0xD2, 
    0xD2, 0xD2, 0xD2, 0xF4, 0xF4, 0xF4, 0xD7, 0xD6, 0xD6, 0xEB, 0xEA, 0xEA, 
    0xE3, 0xE2, 0xE2, 0xDF, 0xDF, 0xDF, 0xFF, 0xFF, 0xFF, 0xFE, 0xFE, 0xFE, 
    0xFE, 0xFE, 0xFE, 0xFE, 0xFE, 0xFE, 0xFE, 0xFE, 0xFE, 0xFE, 0xFE, 0xFE, 
    0xFE, 0xFE, 0xFE, 0xFE, 0xFE, 0xFE, 0xFE, 0xFE, 0xFE, 0xFE, 0xFE, 0xFE, 
    0xFE, 0xFE, 0xFE, 0xFE, 0xFE, 0xFE, 0xFE, 0xFE, 0xFE, 0xFE, 0xFE, 0xFE, 
    0xFE, 0xFE, 0xFE, 0xFE, 0xFE, 0xFE, 0xFE, 0xFE, 0xFE, 0xFE, 0xFE, 0xFE, 
    0xFE, 0xFE, 0xFE, 0xFE, 0xFE, 0xFE, 0xFE, 0xFE, 0xFE, 0xFE, 0xFE, 0xFE, 
    0xFE, 0xFE, 0xFE, 0xFE, 0xFE, 0xFE, 0xFE, 0xFE, 0xFE, 0xFE, 0xFE, 0xFE, 
    0xFE, 0xFE, 0xFE, 0xFE, 0xFE, 0xFE, 0xFE, 0xFE, 0xFE, 0xFE, 0xFE, 0xFE, 
    0xFE, 0xFE, 0xFE, 0xFE, 0xFE, 0xFE, 0xFE, 0xFE, 0xFE, 0xFD, 0xFD, 0xFD, 
    0xFE, 0xFE, 0xFE, 0xFE, 0xFE, 0xFE, 0xFE, 0xFE, 0xFE, 0xFE, 0xFE, 0xFE, 
    0xFE, 0xFE, 0xFE, 0xFE, 0xFE, 0xFE, 0xFE, 0xFE, 0xFE, 0xFE, 0xFE, 0xFE, 
    0xFE, 0xFE, 0xFE, 0xFE, 0xFE, 0xFE, 0xFC, 0xE5, 0xE5, 0xFB, 0xE3, 0xE3, 
    0xF9, 0xD8, 0xD8, 0xF9, 0xD5, 0xD6, 0xFC, 0xE4, 0xE4, 0xF9, 0xD7, 0xD8, 
    0xFA, 0xE0, 0xE1, 0xFE, 0xFE, 0xFE, 0xFA, 0xDF, 0xDF, 0xFA, 0xDA, 0xDA, 
    0xFC, 0xDF, 0xDF, 0xFB, 0xDC, 0xDC, 0xFB, 0xDE, 0xDE, 0xFD, 0xEF, 0xEF, 
    0xFC, 0xF4, 0xF4, 0xF8, 0xD0, 0xD1, 0xFB, 0xE3, 0xE3, 0xFB, 0xDE, 0xDE, 
    0xF9, 0xD8, 0xD8, 0xF6, 0xAB, 0xAA, 0xFA, 0xD9, 0xD9, 0xF8, 0xD6, 0xD6, 
    0xF9, 0xD4, 0xD4, 0xFC, 0xEA, 0xEA, 0xFD, 0xF5, 0xF4, 0xF9, 0xDD, 0xDD, 
    0xFB, 0xE0, 0xDF, 0xF8, 0xD0, 0xD0, 0xFC, 0xED, 0xED, 0xFF, 0xFF, 0xFF, 
    0xE1, 0xE1, 0xE1, 0xD7, 0xD6, 0xD7, 0xD4, 0xD5, 0xD5, 0xB7, 0xB7, 0xB7, 
    0xB6, 0xB6, 0xB6, 0xD7, 0xD7, 0xD8, 0xDB, 0xDB, 0xDB, 0xD6, 0xD7, 0xD6, 
    0xD7, 0xD6, 0xD7, 0xDA, 0xDA, 0xDA, 0xDB, 0xDB, 0xDB, 0xDA, 0xDA, 0xDA, 
    0xD7, 0xD7, 0xD7, 0xD7, 0xD7, 0xD7, 0xD7, 0xD7, 0xD7, 0xD7, 0xD7, 0xD7, 
    0xCD, 0xCD, 0xCD, 0xAA, 0xAA, 0xAA, 0xEF, 0xEF, 0xF0, 0xD6, 0xD6, 0xD6, 
    0xD8, 0xD7, 0xD8, 0xF7, 0xF7, 0xF7, 0xF0, 0xF0, 0xF0, 0xF7, 0xF8, 0xF8, 
    0xED, 0xED, 0xED, 0xE4, 0xE4, 0xE4, 0xFF, 0xFF, 0xFF, 0xFE, 0xFE, 0xFE, 
    0xFE, 0xFE, 0xFE, 0xFE, 0xFE, 0xFE, 0xFE, 0xFE, 0xFE, 0xFE, 0xFE, 0xFE, 
    0xFE, 0xFE, 0xFE, 0xFE, 0xFF, 0xFF, 0xFE, 0xFE, 0xFE, 0xFE, 0xFE, 0xFE, 
    0xFE, 0xFE, 0xFE, 0xFE, 0xFE, 0xFE, 0xFE, 0xFE, 0xFE, 0xFE, 0xFE, 0xFE, 
    0xFE, 0xFF, 0xFF, 0xFE, 0xFE, 0xFE, 0xFE, 0xFE, 0xFE, 0xFE, 0xFE, 0xFE, 
    0xFE, 0xFE, 0xFE, 0xFE, 0xFE, 0xFE, 0xFE, 0xFE, 0xFE, 0xFE, 0xFE, 0xFE, 
    0xFE, 0xFF, 0xFF, 0xFE, 0xFE, 0xFE, 0xFE, 0xFE, 0xFE, 0xFE, 0xFE, 0xFE, 
    0xFE, 0xFE, 0xFE, 0xFE, 0xFE, 0xFE, 0xFE, 0xFE, 0xFF, 0xFE, 0xFF, 0xFF, 
    0xFE, 0xFE, 0xFE, 0xFE, 0xFE, 0xFE, 0xFE, 0xFE, 0xFE, 0xFE, 0xFE, 0xFE, 
    0xFE, 0xFE, 0xFE, 0xFE, 0xFE, 0xFE, 0xFE, 0xFE, 0xFE, 0xFE, 0xFE, 0xFE, 
    0xFE, 0xFE, 0xFE, 0xFE, 0xFE, 0xFE, 0xFE, 0xFE, 0xFE, 0xFE, 0xFE, 0xFE, 
    0xFE, 0xFE, 0xFE, 0xFE, 0xFE, 0xFE, 0xFE, 0xFF, 0xFF, 0xFE, 0xFF, 0xFF, 
    0xFE, 0xFF, 0xFF, 0xFE, 0xFF, 0xFF, 0xFF, 0xFF, 0xFF, 0xFF, 0xFF, 0xFF, 
    0xFF, 0xFF, 0xFF, 0xFE, 0xFE, 0xFE, 0xFE, 0xFF, 0xFF, 0xFE, 0xFF, 0xFF, 
    0xFE, 0xFF, 0xFF, 0xFE, 0xFF, 0xFF, 0xFF, 0xFF, 0xFF, 0xFD, 0xFA, 0xFA, 
    0xFD, 0xFB, 0xFB, 0xFF, 0xFF, 0xFF, 0xFE, 0xFF, 0xFF, 0xFF, 0xFF, 0xFF, 
    0xFF, 0xFF, 0xFF, 0xFF, 0xFF, 0xFF, 0xFE, 0xFE, 0xFE, 0xFE, 0xFF, 0xFF, 
    0xFF, 0xFF, 0xFF, 0xFE, 0xFF, 0xFF, 0xFE, 0xFF, 0xFF, 0xFF, 0xFF, 0xFF, 
    0xFF, 0xFF, 0xFF, 0xFE, 0xFF, 0xFF, 0xFE, 0xFF, 0xFF, 0xFE, 0xFE, 0xFE, 
    0xFF, 0xFF, 0xFF, 0xFF, 0xFF, 0xFF, 0xFF, 0xFF, 0xFF, 0xFF, 0xFF, 0xFF, 
    0xFF, 0xFF, 0xFF, 0xFE, 0xFE, 0xFE, 0xFB, 0xFB, 0xFB, 0xFF, 0xFF, 0xFF, 
    0xFF, 0xFF, 0xFF, 0xFF, 0xFF, 0xFF, 0xFF, 0xFF, 0xFF, 0xFF, 0xFF, 0xFF, 
    0xFF, 0xFF, 0xFF, 0xFF, 0xFF, 0xFF, 0xFD, 0xFD, 0xFE, 0xFC, 0xFD, 0xFC, 
    0xFF, 0xFF, 0xFF, 0xFF, 0xFF, 0xFF, 0xFE, 0xFC, 0xFC, 0xFC, 0xFC, 0xFC, 
    0xFE, 0xFE, 0xFE, 0xFE, 0xFE, 0xFF, 0xFF, 0xFF, 0xFF, 0xFE, 0xFE, 0xFE, 
    0xFF, 0xFF, 0xFF, 0xFE, 0xFE, 0xFE, 0xFE, 0xFD, 0xFD, 0xFE, 0xFE, 0xFE, 
    0xFE, 0xFE, 0xFE, 0xFE, 0xFE, 0xFE, 0xFE, 0xFE, 0xFE, 0xFF, 0xFF, 0xFF, 
    0xFE, 0xFE, 0xFF, 0xFE, 0xFC, 0xFC, 0xFE, 0xFF, 0xFF, 0xFE, 0xFE, 0xFE, 
    0xFE, 0xFE, 0xFE, 0xFE, 0xFF, 0xFF, 0xFE, 0xFE, 0xFE, 0xFF, 0xFF, 0xFF, 
    0xFD, 0xFB, 0xFB, 0xFD, 0xFB, 0xFB, 0xFE, 0xFE, 0xFE, 0xFE, 0xFE, 0xFE, 
    0xFE, 0xFE, 0xFE, 0xFE, 0xFE, 0xFE, 0xFF, 0xFF, 0xFF, 0xFE, 0xFD, 0xFD, 
    0xFD, 0xF9, 0xF9, 0xFE, 0xFD, 0xFD, 0xFE, 0xFE, 0xFE, 0xFE, 0xFE, 0xFE, 
    0xFE, 0xFE, 0xFE, 0xFF, 0xFF, 0xFF, 0xFE, 0xFE, 0xFE, 0xFD, 0xFB, 0xFB, 
    0xFE, 0xFE, 0xFE, 0xFE, 0xFE, 0xFE, 0xFE, 0xFE, 0xFE, 0xFE, 0xFE, 0xFE, 
    0xFE, 0xFE, 0xFE, 0xFE, 0xFE, 0xFE, 0xFE, 0xFE, 0xFE, 0xFE, 0xFE, 0xFE, 
    0xFE, 0xFE, 0xFE, 0xFE, 0xFE, 0xFE, 0xFE, 0xFE, 0xFE, 0xFE, 0xFE, 0xFE, 
    0xFE, 0xFE, 0xFE, 0xFE, 0xFE, 0xFE, 0xFE, 0xFE, 0xFE, 0xFE, 0xFE, 0xFE, 
    0xFF, 0xFF, 0xFF, 0xEE, 0xC4, 0xC3, 0xE9, 0xB4, 0xB5, 0xEC, 0xBC, 0xBC, 
    0xE9, 0xB1, 0xB1, 0xF0, 0xCF, 0xCE, 0xFE, 0xFE, 0xFE, 0xFF, 0xFF, 0xFF, 
    0xEF, 0xCE, 0xCE, 0xE8, 0xB0, 0xB0, 0xEE, 0xC0, 0xC0, 0xEB, 0xBE, 0xBE, 
    0xF1, 0xD0, 0xD0, 0xFE, 0xFE, 0xFE, 0xFF, 0xFF, 0xFF, 0xF0, 0xD3, 0xD2, 
    0xE7, 0xAF, 0xAF, 0xEE, 0xC3, 0xC3, 0xEA, 0xB8, 0xB7, 0xEE, 0xC7, 0xC7, 
    0xFE, 0xFE, 0xFE, 0xFF, 0xFF, 0xFF, 0xF6, 0xE1, 0xE0, 0xE7, 0xAC, 0xAC, 
    0xED, 0xBF, 0xC0, 0xE9, 0xAF, 0xB0, 0xF0, 0xCC, 0xCD, 0xFE, 0xFE, 0xFE, 
    0xFF, 0xFF, 0xFF, 0xF4, 0xE1, 0xE1, 0xE5, 0xA8, 0xA7, 0xF1, 0xCA, 0xCB, 
    0xE9, 0xB1, 0xB1, 0xEC, 0xBE, 0xBE, 0xFD, 0xFC, 0xFC, 0xFF, 0xFF, 0xFF, 
    0xF9, 0xEE, 0xEE, 0xE4, 0xA6, 0xA6, 0xF0, 0xC9, 0xC9, 0xEA, 0xB5, 0xB5, 
    0xE8, 0xB1, 0xB1, 0xF9, 0xF2, 0xF2, 0xFF, 0xFF, 0xFF, 0xFC, 0xF8, 0xF7, 
    0xE5, 0xAA, 0xA9, 0xED, 0xC2, 0xC2, 0xE7, 0xB0, 0xB1, 0xEC, 0xBA, 0xBA, 
    0xFC, 0xF9, 0xF8, 0xFE, 0xFF, 0xFF, 0xFE, 0xFE, 0xFE, 0xE9, 0xB2, 0xB2, 
    0xED, 0xC0, 0xC0, 0xEB, 0xB6, 0xB7, 0xE9, 0xB1, 0xB2, 0xF7, 0xE6, 0xE7, 
    0xFE, 0xFE, 0xFE, 0xFF, 0xFF, 0xFF, 0xEE, 0xC1, 0xC0, 0xEB, 0xB8, 0xB8, 
    0xEC, 0xBE, 0xBD, 0xE8, 0xB3, 0xB3, 0xF1, 0xD5, 0xD5, 0xFE, 0xFE, 0xFE, 
    0xFF, 0xFF, 0xFF, 0xF8, 0xEB, 0xEB, 0xE5, 0xA6, 0xA6, 0xEF, 0xC7, 0xC7, 
    0xE9, 0xB1, 0xB2, 0xEF, 0xC3, 0xC3, 0xFC, 0xF7, 0xF7, 0xFE, 0xFF, 0xFF, 
    0xFD, 0xFC, 0xFC, 0xE7, 0xAC, 0xAC, 0xEF, 0xC5, 0xC5, 0xEB, 0xB8, 0xB8, 
    0xEE, 0xC6, 0xC7, 0xF8, 0xE9, 0xEA, 0xFE, 0xFE, 0xFE, 0xFF, 0xFF, 0xFF, 
    0xEC, 0xBF, 0xBF, 0xEC, 0xBA, 0xBB, 0xED, 0xBE, 0xBE, 0xE6, 0xA8, 0xA8, 
    0xF1, 0xCB, 0xCB, 0xFE, 0xFE, 0xFE, 0xFE, 0xFE, 0xFE, 0xFE, 0xFE, 0xFE, 
    0xFE, 0xFE, 0xFE, 0xFE, 0xFE, 0xFE, 0xFE, 0xFE, 0xFE, 0xFE, 0xFE, 0xFE, 
    0xFE, 0xFE, 0xFE, 0xFE, 0xFE, 0xFE, 0xFE, 0xFE, 0xFE, 0xFE, 0xFE, 0xFE, 
    0xFE, 0xFE, 0xFE, 0xFE, 0xFE, 0xFE, 0xFE, 0xFE, 0xFE, 0xFE, 0xFE, 0xFE, 
    0xFF, 0xFF, 0xFF, 0xF3, 0xD9, 0xD9, 0xEF, 0xC8, 0xC9, 0xEE, 0xC7, 0xC7, 
    0xF0, 0xCD, 0xCC, 0xE7, 0xD2, 0xD1, 0xE9, 0xEA, 0xEA, 0xFF, 0xFF, 0xFF, 
    0xF6, 0xE2, 0xE2, 0xF0, 0xCB, 0xCC, 0xEF, 0xC7, 0xC7, 0xF4, 0xDA, 0xD9, 
    0xF0, 0xE8, 0xE8, 0xE2, 0xE3, 0xE3, 0xFF, 0xFF, 0xFF, 0xF5, 0xE4, 0xE4, 
    0xEF, 0xC9, 0xC9, 0xF0, 0xCF, 0xCE, 0xF5, 0xDD, 0xDD, 0xEB, 0xCF, 0xCE, 
    0xE3, 0xE3, 0xE3, 0xFF, 0xFF, 0xFF, 0xF8, 0xEA, 0xEA, 0xEF, 0xC8, 0xC8, 
    0xEF, 0xCA, 0xCA, 0xEF, 0xCB, 0xCC, 0xED, 0xCF, 0xCF, 0xDF, 0xE0, 0xE0, 
    0xFF, 0xFF, 0xFF, 0xF9, 0xEE, 0xED, 0xEF, 0xCA, 0xCA, 0xF0, 0xCD, 0xCD, 
    0xEF, 0xCB, 0xCA, 0xF0, 0xD0, 0xCF, 0xDF, 0xDE, 0xDE, 0xFE, 0xFE, 0xFE, 
    0xFB, 0xF5, 0xF5, 0xEE, 0xCA, 0xC9, 0xF1, 0xCD, 0xCD, 0xF5, 0xE0, 0xDF, 
    0xF2, 0xD7, 0xD7, 0xDB, 0xD7, 0xD8, 0xFC, 0xFC, 0xFC, 0xFD, 0xFA, 0xFA, 
    0xEF, 0xCC, 0xCC, 0xEE, 0xC8, 0xC8, 0xEE, 0xCA, 0xCA, 0xF3, 0xD2, 0xD1, 
    0xDD, 0xD8, 0xD7, 0xF8, 0xF9, 0xF9, 0xFE, 0xFE, 0xFE, 0xF1, 0xD0, 0xD0, 
    0xF0, 0xCD, 0xCE, 0xEF, 0xCA, 0xC9, 0xF1, 0xCB, 0xCA, 0xE0, 0xD2, 0xD2, 
    0xF1, 0xF2, 0xF2, 0xFF, 0xFF, 0xFF, 0xF3, 0xD9, 0xD8, 0xEF, 0xC9, 0xC9, 
    0xF1, 0xD1, 0xD0, 0xF4, 0xDC, 0xDB, 0xE2, 0xCD, 0xCD, 0xE8, 0xE8, 0xE9, 
    0xFF, 0xFF, 0xFF, 0xFA, 0xF3, 0xF3, 0xEE, 0xC9, 0xC9, 0xEE, 0xC8, 0xC9, 
    0xEF, 0xCB, 0xCB, 0xF2, 0xD3, 0xD3, 0xDB, 0xD8, 0xD8, 0xFD, 0xFD, 0xFD, 
    0xFE, 0xFD, 0xFC, 0xEE, 0xCA, 0xCB, 0xF0, 0xCE, 0xCE, 0xEF, 0xCD, 0xCC, 
    0xF8, 0xE6, 0xE5, 0xE1, 0xDF, 0xDF, 0xF5, 0xF5, 0xF5, 0xFF, 0xFF, 0xFF, 
    0xF2, 0xD5, 0xD5, 0xF0, 0xCA, 0xCA, 0xF3, 0xD8, 0xD8, 0xF2, 0xD5, 0xD4, 
    0xE2, 0xCB, 0xCB, 0xEA, 0xEB, 0xEB, 0xFF, 0xFF, 0xFF, 0xFE, 0xFE, 0xFE, 
    0xFE, 0xFE, 0xFE, 0xFE, 0xFE, 0xFE, 0xFE, 0xFE, 0xFE, 0xFE, 0xFE, 0xFE, 
    0xFE, 0xFE, 0xFE, 0xFE, 0xFE, 0xFE, 0xFE, 0xFE, 0xFE, 0xFE, 0xFE, 0xFE, 
    0xFE, 0xFE, 0xFE, 0xFE, 0xFE, 0xFE, 0xFE, 0xFE, 0xFE, 0xFE, 0xFE, 0xFE, 
    0xFE, 0xFE, 0xFE, 0xFF, 0xFF, 0xFF, 0xFF, 0xFF, 0xFF, 0xFF, 0xFF, 0xFF, 
    0xFF, 0xFF, 0xFF, 0xFD, 0xFE, 0xFE, 0xFD, 0xFD, 0xFD, 0xFE, 0xFE, 0xFE, 
    0xFF, 0xFF, 0xFF, 0xFF, 0xFF, 0xFF, 0xFF, 0xFF, 0xFF, 0xFF, 0xFF, 0xFF, 
    0xFD, 0xFF, 0xFF, 0xFD, 0xFD, 0xFD, 0xFE, 0xFE, 0xFE, 0xFF, 0xFF, 0xFF, 
    0xFF, 0xFF, 0xFF, 0xFF, 0xFF, 0xFF, 0xFE, 0xFF, 0xFF, 0xFD, 0xFE, 0xFE, 
    0xFD, 0xFD, 0xFD, 0xFE, 0xFE, 0xFE, 0xFF, 0xFF, 0xFF, 0xFF, 0xFF, 0xFF, 
    0xFF, 0xFF, 0xFF, 0xFF, 0xFF, 0xFF, 0xFD, 0xFD, 0xFD, 0xFC, 0xFC, 0xFD, 
    0xFE, 0xFE, 0xFE, 0xFF, 0xFF, 0xFF, 0xFF, 0xFF, 0xFF, 0xFF, 0xFF, 0xFF, 
    0xFF, 0xFF, 0xFF, 0xFE, 0xFF, 0xFF, 0xFC, 0xFC, 0xFD, 0xFE, 0xFE, 0xFE, 
    0xFF, 0xFF, 0xFF, 0xFF, 0xFF, 0xFF, 0xFF, 0xFF, 0xFF, 0xFF, 0xFF, 0xFF, 
    0xFF, 0xFF, 0xFF, 0xFC, 0xFC, 0xFD, 0xFE, 0xFE, 0xFE, 0xFE, 0xFF, 0xFF, 
    0xFF, 0xFF, 0xFF, 0xFF, 0xFF, 0xFF, 0xFF, 0xFF, 0xFF, 0xFF, 0xFF, 0xFF, 
    0xFC, 0xFC, 0xFC, 0xFE, 0xFE, 0xFE, 0xFE, 0xFE, 0xFE, 0xFF, 0xFF, 0xFF, 
    0xFF, 0xFF, 0xFF, 0xFF, 0xFF, 0xFF, 0xFE, 0xFF, 0xFF, 0xFD, 0xFE, 0xFE, 
    0xFE, 0xFE, 0xFE, 0xFE, 0xFE, 0xFE, 0xFF, 0xFF, 0xFF, 0xFF, 0xFF, 0xFF, 
    0xFF, 0xFF, 0xFF, 0xFF, 0xFF, 0xFF, 0xFD, 0xFD, 0xFD, 0xFD, 0xFD, 0xFD, 
    0xFE, 0xFE, 0xFE, 0xFF, 0xFF, 0xFF, 0xFF, 0xFF, 0xFF, 0xFF, 0xFF, 0xFF, 
    0xFF, 0xFF, 0xFF, 0xFD, 0xFD, 0xFD, 0xFC, 0xFC, 0xFC, 0xFE, 0xFE, 0xFE, 
    0xFE, 0xFF, 0xFF, 0xFF, 0xFF, 0xFF, 0xFF, 0xFF, 0xFF, 0xFF, 0xFF, 0xFF, 
    0xFE, 0xFE, 0xFE, 0xFC, 0xFC, 0xFC, 0xFE, 0xFE, 0xFE, 0xFE, 0xFE, 0xFE, 
    0xFF, 0xFF, 0xFF, 0xFF, 0xFF, 0xFF, 0xFF, 0xFF, 0xFF, 0xFF, 0xFF, 0xFF, 
    0xFD, 0xFE, 0xFE, 0xFD, 0xFD, 0xFD, 0xFE, 0xFE, 0xFE, 0xFE, 0xFE, 0xFE, 
    0xFE, 0xFE, 0xFE, 0xFE, 0xFE, 0xFE, 0xFE, 0xFE, 0xFE, 0xFE, 0xFE, 0xFE, 
    0xFE, 0xFE, 0xFE, 0xFE, 0xFE, 0xFE, 0xFE, 0xFE, 0xFE, 0xFE, 0xFE, 0xFE, 
    0xFE, 0xFE, 0xFE, 0xFE, 0xFE, 0xFE, 0xFE, 0xFE, 0xFE, 0xFE, 0xFE, 0xFE, 
    0xFF, 0xFF, 0xFF, 0xEE, 0xC3, 0xC3, 0xEB, 0xB9, 0xB9, 0xEA, 0xBB, 0xBB, 
    0xE8, 0xAE, 0xAE, 0xF6, 0xDA, 0xDA, 0xFE, 0xFF, 0xFF, 0xFF, 0xFF, 0xFF, 
    0xF1, 0xD1, 0xD1, 0xEA, 0xB2, 0xB3, 0xEE, 0xC4, 0xC3, 0xEB, 0xB8, 0xB8, 
    0xF0, 0xCB, 0xCC, 0xFF, 0xFF, 0xFF, 0xFF, 0xFF, 0xFF, 0xF3, 0xD8, 0xD8, 
    0xE9, 0xAF, 0xB0, 0xEF, 0xC6, 0xC6, 0xEA, 0xB4, 0xB5, 0xF2, 0xCC, 0xCD, 
    0xFE, 0xFF, 0xFF, 0xFF, 0xFF, 0xFF, 0xF6, 0xE2, 0xE2, 0xE8, 0xAA, 0xAB, 
    0xEE, 0xC4, 0xC5, 0xE9, 0xB5, 0xB5, 0xEF, 0xC5, 0xC6, 0xFE, 0xFD, 0xFD, 
    0xFF, 0xFF, 0xFF, 0xF5, 0xE2, 0xE2, 0xE5, 0xA6, 0xA7, 0xF0, 0xCB, 0xCC, 
    0xE7, 0xB2, 0xB2, 0xF3, 0xD4, 0xD4, 0xFE, 0xFD, 0xFD, 0xFF, 0xFF, 0xFF, 
    0xFA, 0xF0, 0xEF, 0xE8, 0xAD, 0xAC, 0xF1, 0xCA, 0xCA, 0xEB, 0xB7, 0xB7, 
    0xED, 0xC0, 0xBF, 0xFD, 0xFB, 0xFB, 0xFE, 0xFF, 0xFF, 0xFC, 0xF7, 0xF7, 
    0xE5, 0xAA, 0xAA, 0xEE, 0xC6, 0xC6, 0xE9, 0xB6, 0xB7, 0xE4, 0xA2, 0xA2, 
    0xF9, 0xEE, 0xEE, 0xFF, 0xFF, 0xFF, 0xFE, 0xFE, 0xFE, 0xE8, 0xB3, 0xB4, 
    0xED, 0xC3, 0xC4, 0xEB, 0xBB, 0xBB, 0xE8, 0xB0, 0xB1, 0xF5, 0xDF, 0xDF, 
    0xFF, 0xFF, 0xFF, 0xFF, 0xFF, 0xFF, 0xEE, 0xC2, 0xC2, 0xEB, 0xB9, 0xB9, 
    0xEC, 0xC1, 0xC1, 0xE9, 0xB2, 0xB2, 0xF6, 0xDE, 0xDE, 0xFE, 0xFF, 0xFF, 
    0xFF, 0xFF, 0xFF, 0xF9, 0xED, 0xED, 0xE6, 0xAB, 0xAB, 0xED, 0xC5, 0xC5, 
    0xE9, 0xB4, 0xB5, 0xEE, 0xC2, 0xC3, 0xFC, 0xF7, 0xF7, 0xFE, 0xFF, 0xFF, 
    0xFD, 0xFB, 0xFB, 0xE7, 0xAD, 0xAD, 0xEF, 0xC7, 0xC6, 0xEA, 0xB6, 0xB6, 
    0xEE, 0xC2, 0xC1, 0xFB, 0xF5, 0xF5, 0xFE, 0xFE, 0xFE, 0xFF, 0xFF, 0xFF, 
    0xEC, 0xBE, 0xBE, 0xED, 0xBD, 0xBD, 0xED, 0xBE, 0xBF, 0xEA, 0xB5, 0xB5, 
    0xF7, 0xE3, 0xE3, 0xFE, 0xFF, 0xFF, 0xFE, 0xFE, 0xFE, 0xFE, 0xFE, 0xFE, 
    0xFE, 0xFE, 0xFE, 0xFE, 0xFE, 0xFE, 0xFE, 0xFE, 0xFE, 0xFE, 0xFE, 0xFE, 
    0xFE, 0xFE, 0xFE, 0xFE, 0xFE, 0xFE, 0xFE, 0xFE, 0xFE, 0xFE, 0xFE, 0xFE, 
    0xFE, 0xFE, 0xFE, 0xFE, 0xFE, 0xFE, 0xFE, 0xFE, 0xFE, 0xFE, 0xFE, 0xFE, 
    0xFF, 0xFF, 0xFF, 0xF3, 0xD7, 0xD7, 0xEE, 0xC5, 0xC6, 0xEB, 0xBF, 0xBF, 
    0xF2, 0xCF, 0xCF, 0xE7, 0xD2, 0xD2, 0xE7, 0xE8, 0xE8, 0xFF, 0xFF, 0xFF, 
    0xF6, 0xE1, 0xE0, 0xF0, 0xC7, 0xC7, 0xED, 0xC2, 0xC3, 0xF1, 0xC8, 0xC7, 
    0xEA, 0xCE, 0xCD, 0xE4, 0xE4, 0xE4, 0xFF, 0xFF, 0xFF, 0xF6, 0xE4, 0xE4, 
    0xEE, 0xC3, 0xC4, 0xF0, 0xCA, 0xCA, 0xF5, 0xDD, 0xDD, 0xEE, 0xD3, 0xD3, 
    0xE1, 0xE3, 0xE3, 0xFF, 0xFF, 0xFF, 0xF8, 0xEA, 0xEA, 0xEE, 0xC1, 0xC1, 
    0xEF, 0xC4, 0xC4, 0xF1, 0xCD, 0xCD, 0xF3, 0xE4, 0xE3, 0xE0, 0xE1, 0xE1, 
    0xFF, 0xFF, 0xFF, 0xF9, 0xED, 0xED, 0xEF, 0xC6, 0xC5, 0xEE, 0xC6, 0xC6, 
    0xEE, 0xC7, 0xC7, 0xF3, 0xD9, 0xD9, 0xDF, 0xDE, 0xDF, 0xFF, 0xFF, 0xFF, 
    0xFB, 0xF4, 0xF4, 0xED, 0xC3, 0xC3, 0xEF, 0xC6, 0xC7, 0xF5, 0xDC, 0xDC, 
    0xF6, 0xE4, 0xE3, 0xDD, 0xDD, 0xDD, 0xFC, 0xFC, 0xFC, 0xFC, 0xF9, 0xFA, 
    0xED, 0xC6, 0xC6, 0xED, 0xC6, 0xC6, 0xEB, 0xC1, 0xC2, 0xEE, 0xC2, 0xC2, 
    0xDB, 0xD3, 0xD3, 0xF8, 0xF9, 0xF9, 0xFE, 0xFE, 0xFE, 0xF0, 0xCC, 0xCC, 
    0xEF, 0xC9, 0xC8, 0xEC, 0xC3, 0xC3, 0xEE, 0xC6, 0xC7, 0xDF, 0xD2, 0xD2, 
    0xF0, 0xF1, 0xF1, 0xFF, 0xFF, 0xFF, 0xF3, 0xD5, 0xD5, 0xED, 0xC3, 0xC4, 
    0xEF, 0xCC, 0xCC, 0xF7, 0xE3, 0xE2, 0xEA, 0xE3, 0xE3, 0xE8, 0xE9, 0xE9, 
    0xFF, 0xFF, 0xFF, 0xFB, 0xF2, 0xF2, 0xED, 0xC2, 0xC3, 0xED, 0xC5, 0xC5, 
    0xEE, 0xC6, 0xC7, 0xF7, 0xE5, 0xE5, 0xDD, 0xDD, 0xDD, 0xFD, 0xFD, 0xFD, 
    0xFE, 0xFC, 0xFC, 0xEF, 0xC5, 0xC5, 0xEF, 0xC8, 0xC8, 0xED, 0xC6, 0xC6, 
    0xF4, 0xD3, 0xD3, 0xDE, 0xD7, 0xD8, 0xF4, 0xF5, 0xF5, 0xFF, 0xFF, 0xFF, 
    0xF2, 0xD2, 0xD1, 0xEF, 0xC6, 0xC6, 0xF2, 0xD1, 0xD1, 0xF6, 0xE0, 0xDF, 
    0xE8, 0xE1, 0xE1, 0xEB, 0xEB, 0xEC, 0xFF, 0xFF, 0xFF, 0xFE, 0xFE, 0xFE, 
    0xFE, 0xFE, 0xFE, 0xFE, 0xFE, 0xFE, 0xFE, 0xFE, 0xFE, 0xFE, 0xFE, 0xFE, 
    0xFE, 0xFE, 0xFE, 0xFE, 0xFE, 0xFE, 0xFE, 0xFE, 0xFE, 0xFE, 0xFE, 0xFE, 
    0xFE, 0xFE, 0xFE, 0xFE, 0xFE, 0xFE, 0xFE, 0xFE, 0xFE, 0xFE, 0xFE, 0xFE, 
    0xFE, 0xFE, 0xFE, 0xFF, 0xFF, 0xFF, 0xFF, 0xFF, 0xFF, 0xFF, 0xFF, 0xFF, 
    0xFF, 0xFF, 0xFF, 0xFC, 0xFC, 0xFC, 0xFC, 0xFC, 0xFC, 0xFE, 0xFE, 0xFE, 
    0xFF, 0xFF, 0xFF, 0xFF, 0xFF, 0xFF, 0xFF, 0xFF, 0xFF, 0xFF, 0xFF, 0xFF, 
    0xFD, 0xFF, 0xFF, 0xFC, 0xFC, 0xFC, 0xFE, 0xFF, 0xFF, 0xFF, 0xFF, 0xFF, 
    0xFF, 0xFF, 0xFF, 0xFF, 0xFF, 0xFF, 0xFE, 0xFF, 0xFF, 0xFE, 0xFF, 0xFF, 
    0xFC, 0xFC, 0xFC, 0xFE, 0xFE, 0xFE, 0xFF, 0xFF, 0xFF, 0xFF, 0xFF, 0xFF, 
    0xFF, 0xFF, 0xFF, 0xFF, 0xFF, 0xFF, 0xFE, 0xFF, 0xFF, 0xFB, 0xFB, 0xFC, 
    0xFE, 0xFE, 0xFE, 0xFF, 0xFF, 0xFF, 0xFF, 0xFF, 0xFF, 0xFF, 0xFF, 0xFF, 
    0xFF, 0xFF, 0xFF, 0xFD, 0xFC, 0xFC, 0xFC, 0xFB, 0xFB, 0xFE, 0xFE, 0xFE, 
    0xFF, 0xFF, 0xFF, 0xFF, 0xFF, 0xFF, 0xFF, 0xFF, 0xFF, 0xFE, 0xFF, 0xFF, 
    0xFE, 0xFF, 0xFF, 0xFB, 0xFB, 0xFB, 0xFE, 0xFE, 0xFE, 0xFE, 0xFF, 0xFF, 
    0xFF, 0xFF, 0xFF, 0xFF, 0xFF, 0xFF, 0xFF, 0xFF, 0xFF, 0xFF, 0xFF, 0xFF, 
    0xFB, 0xFB, 0xFB, 0xFD, 0xFD, 0xFE, 0xFE, 0xFE, 0xFE, 0xFF, 0xFF, 0xFF, 
    0xFF, 0xFF, 0xFF, 0xFF, 0xFF, 0xFF, 0xFF, 0xFF, 0xFF, 0xFB, 0xFC, 0xFC, 
    0xFD, 0xFD, 0xFD, 0xFE, 0xFE, 0xFE, 0xFF, 0xFF, 0xFF, 0xFF, 0xFF, 0xFF, 
    0xFF, 0xFF, 0xFF, 0xFE, 0xFD, 0xFD, 0xFC, 0xFB, 0xFB, 0xFD, 0xFD, 0xFD, 
    0xFE, 0xFE, 0xFE, 0xFF, 0xFF, 0xFF, 0xFF, 0xFF, 0xFF, 0xFF, 0xFF, 0xFF, 
    0xFF, 0xFF, 0xFF, 0xFE, 0xFE, 0xFE, 0xFB, 0xFB, 0xFB, 0xFE, 0xFE, 0xFE, 
    0xFE, 0xFE, 0xFF, 0xFF, 0xFF, 0xFF, 0xFF, 0xFF, 0xFF, 0xFF, 0xFF, 0xFF, 
    0xFE, 0xFF, 0xFF, 0xFB, 0xFB, 0xFC, 0xFE, 0xFD, 0xFE, 0xFE, 0xFE, 0xFE, 
    0xFF, 0xFF, 0xFF, 0xFF, 0xFF, 0xFF, 0xFF, 0xFF, 0xFF, 0xFF, 0xFF, 0xFF, 
    0xFC, 0xFD, 0xFD, 0xFD, 0xFD, 0xFD, 0xFE, 0xFE, 0xFE, 0xFE, 0xFE, 0xFE, 
    0xFE, 0xFE, 0xFE, 0xFE, 0xFE, 0xFE, 0xFE, 0xFE, 0xFE, 0xFE, 0xFE, 0xFE, 
    0xFE, 0xFE, 0xFE, 0xFE, 0xFE, 0xFE, 0xFE, 0xFE, 0xFE, 0xFE, 0xFE, 0xFE, 
    0xFE, 0xFE, 0xFE, 0xFE, 0xFE, 0xFE, 0xFE, 0xFE, 0xFE, 0xFE, 0xFE, 0xFE, 
    0xFF, 0xFF, 0xFF, 0xEE, 0xC1, 0xC1, 0xEC, 0xBA, 0xBA, 0xEC, 0xC4, 0xC3, 
    0xE8, 0xAF, 0xAF, 0xF6, 0xDB, 0xDB, 0xFF, 0xFF, 0xFF, 0xFF, 0xFF, 0xFF, 
    0xF2, 0xD1, 0xD0, 0xEB, 0xB7, 0xB7, 0xEE, 0xC3, 0xC3, 0xEB, 0xB8, 0xB8, 
    0xF1, 0xCD, 0xCD, 0xFF, 0xFF, 0xFF, 0xFF, 0xFF, 0xFF, 0xF1, 0xD4, 0xD4, 
    0xE9, 0xB2, 0xB2, 0xEE, 0xC4, 0xC4, 0xEA, 0xB1, 0xB1, 0xF1, 0xC8, 0xC9, 
    0xFE, 0xFE, 0xFE, 0xFF, 0xFF, 0xFF, 0xF6, 0xE0, 0xE0, 0xEA, 0xB0, 0xB0, 
    0xEF, 0xC3, 0xC3, 0xEC, 0xB9, 0xB9, 0xF3, 0xCC, 0xCD, 0xFE, 0xFE, 0xFE, 
    0xFF, 0xFF, 0xFF, 0xF6, 0xE3, 0xE3, 0xE8, 0xAB, 0xAB, 0xF1, 0xCC, 0xCC, 
    0xEE, 0xBD, 0xBE, 0xF1, 0xC9, 0xC9, 0xFE, 0xFC, 0xFD, 0xFE, 0xFF, 0xFF, 
    0xF9, 0xEF, 0xEF, 0xE5, 0xAA, 0xAA, 0xF1, 0xCE, 0xCE, 0xEC, 0xB9, 0xB9, 
    0xEA, 0xBB, 0xBB, 0xFD, 0xFA, 0xFA, 0xFE, 0xFF, 0xFF, 0xFC, 0xF8, 0xF8, 
    0xE6, 0xAD, 0xAD, 0xEF, 0xCB, 0xCA, 0xEF, 0xC8, 0xC9, 0xED, 0xB8, 0xB8, 
    0xFD, 0xF6, 0xF6, 0xFE, 0xFF, 0xFF, 0xFE, 0xFE, 0xFE, 0xE9, 0xB3, 0xB4, 
    0xED, 0xC6, 0xC5, 0xEF, 0xBE, 0xBD, 0xEA, 0xB9, 0xB9, 0xF6, 0xE4, 0xE4, 
    0xFF, 0xFF, 0xFF, 0xFF, 0xFF, 0xFF, 0xEE, 0xC4, 0xC4, 0xEC, 0xBF, 0xBE, 
    0xED, 0xBE, 0xBE, 0xEF, 0xC4, 0xC5, 0xF4, 0xDA, 0xDA, 0xFF, 0xFF, 0xFF, 
    0xFF, 0xFF, 0xFF, 0xF9, 0xEC, 0xEC, 0xE7, 0xAE, 0xAE, 0xEF, 0xCA, 0xCA, 
    0xEE, 0xC3, 0xC3, 0xF2, 0xD0, 0xD0, 0xFE, 0xFD, 0xFD, 0xFE, 0xFF, 0xFF, 
    0xFD, 0xFB, 0xFB, 0xE8, 0xAD, 0xAD, 0xF0, 0xCA, 0xC9, 0xEB, 0xB8, 0xB8, 
    0xEF, 0xC9, 0xC9, 0xFC, 0xF6, 0xF6, 0xFE, 0xFF, 0xFF, 0xFF, 0xFF, 0xFF, 
    0xEC, 0xBB, 0xBB, 0xED, 0xC0, 0xC0, 0xED, 0xBF, 0xBF, 0xEB, 0xBC, 0xBC, 
    0xF4, 0xDA, 0xDA, 0xFF, 0xFF, 0xFF, 0xFE, 0xFE, 0xFE, 0xFE, 0xFE, 0xFE, 
    0xFE, 0xFE, 0xFE, 0xFE, 0xFE, 0xFE, 0xFE, 0xFE, 0xFE, 0xFE, 0xFE, 0xFE, 
    0xFE, 0xFE, 0xFE, 0xFE, 0xFE, 0xFE, 0xFE, 0xFE, 0xFE, 0xFE, 0xFE, 0xFE, 
    0xFE, 0xFE, 0xFE, 0xFE, 0xFE, 0xFE, 0xFE, 0xFE, 0xFE, 0xFE, 0xFE, 0xFE, 
    0xFF, 0xFF, 0xFF, 0xF3, 0xD4, 0xD4, 0xEF, 0xC5, 0xC5, 0xEB, 0xC2, 0xC1, 
    0xF1, 0xCD, 0xCD, 0xE8, 0xD2, 0xD3, 0xE8, 0xE9, 0xE9, 0xFF, 0xFF, 0xFF, 
    0xF5, 0xDE, 0xDE, 0xEE, 0xC4, 0xC4, 0xEC, 0xC0, 0xC0, 0xEF, 0xC6, 0xC6, 
    0xE8, 0xCC, 0xCB, 0xE4, 0xE4, 0xE4, 0xFF, 0xFF, 0xFF, 0xF5, 0xE0, 0xE0, 
    0xEE, 0xC1, 0xC1, 0xF0, 0xC9, 0xC9, 0xF3, 0xD5, 0xD6, 0xEA, 0xCC, 0xCC, 
    0xE4, 0xE5, 0xE5, 0xFF, 0xFF, 0xFF, 0xF7, 0xE7, 0xE7, 0xEE, 0xC2, 0xC2, 
    0xEE, 0xC1, 0xC1, 0xF0, 0xC7, 0xC7, 0xEE, 0xCB, 0xCC, 0xE1, 0xE2, 0xE2, 
    0xFF, 0xFF, 0xFF, 0xF8, 0xEA, 0xEA, 0xED, 0xC1, 0xC1, 0xEF, 0xC5, 0xC5, 
    0xF2, 0xCD, 0xCE, 0xF6, 0xE7, 0xE7, 0xE0, 0xE1, 0xE1, 0xFF, 0xFF, 0xFF, 
    0xFB, 0xF4, 0xF3, 0xEC, 0xC2, 0xC2, 0xEE, 0xC5, 0xC5, 0xF4, 0xD8, 0xD8, 
    0xEF, 0xCD, 0xCD, 0xD9, 0xD3, 0xD3, 0xFC, 0xFD, 0xFD, 0xFC, 0xF9, 0xF9, 
    0xED, 0xC4, 0xC4, 0xEF, 0xC6, 0xC5, 0xF0, 0xCA, 0xCA, 0xF8, 0xDF, 0xDE, 
    0xDE, 0xDD, 0xDE, 0xF8, 0xF8, 0xF8, 0xFE, 0xFE, 0xFE, 0xEE, 0xC9, 0xC9, 
    0xEE, 0xC7, 0xC7, 0xEF, 0xC3, 0xC3, 0xF1, 0xCB, 0xCA, 0xDF, 0xD2, 0xD1, 
    0xF1, 0xF1, 0xF2, 0xFF, 0xFF, 0xFF, 0xF3, 0xD4, 0xD4, 0xEE, 0xC3, 0xC3, 
    0xF1, 0xCD, 0xCC, 0xF9, 0xE9, 0xE9, 0xE9, 0xE1, 0xE1, 0xE8, 0xE9, 0xE9, 
    0xFF, 0xFF, 0xFF, 0xFA, 0xF0, 0xF0, 0xED, 0xC3, 0xC3, 0xED, 0xC4, 0xC4, 
    0xF3, 0xD0, 0xD0, 0xF3, 0xD7, 0xD7, 0xDD, 0xDB, 0xDC, 0xFD, 0xFE, 0xFE, 
    0xFD, 0xFB, 0xFB, 0xEE, 0xC4, 0xC4, 0xEE, 0xC6, 0xC6, 0xF1, 0xC8, 0xC8, 
    0xF2, 0xCF, 0xCF, 0xDE, 0xD5, 0xD5, 0xF5, 0xF6, 0xF6, 0xFF, 0xFF, 0xFF, 
    0xF1, 0xCE, 0xCE, 0xEE, 0xC5, 0xC5, 0xF1, 0xCF, 0xD0, 0xF3, 0xD8, 0xD8, 
    0xE1, 0xCD, 0xCD, 0xED, 0xED, 0xEE, 0xFF, 0xFF, 0xFF, 0xFE, 0xFE, 0xFE, 
    0xFE, 0xFE, 0xFE, 0xFE, 0xFE, 0xFE, 0xFE, 0xFE, 0xFE, 0xFE, 0xFE, 0xFE, 
    0xFE, 0xFE, 0xFE, 0xFE, 0xFE, 0xFE, 0xFE, 0xFE, 0xFE, 0xFE, 0xFE, 0xFE, 
    0xFE, 0xFE, 0xFE, 0xFE, 0xFE, 0xFE, 0xFE, 0xFE, 0xFE, 0xFE, 0xFE, 0xFE, 
    0xFE, 0xFE, 0xFE, 0xFF, 0xFF, 0xFF, 0xFF, 0xFF, 0xFF, 0xFF, 0xFF, 0xFF, 
    0xFF, 0xFF, 0xFF, 0xFC, 0xFE, 0xFE, 0xFC, 0xFB, 0xFC, 0xFE, 0xFE, 0xFE, 
    0xFF, 0xFF, 0xFF, 0xFF, 0xFF, 0xFF, 0xFF, 0xFF, 0xFF, 0xFF, 0xFF, 0xFF, 
    0xFD, 0xFF, 0xFF, 0xFB, 0xFB, 0xFB, 0xFE, 0xFE, 0xFE, 0xFF, 0xFF, 0xFF, 
    0xFF, 0xFF, 0xFF, 0xFF, 0xFF, 0xFF, 0xFF, 0xFF, 0xFF, 0xFE, 0xFF, 0xFF, 
    0xFB, 0xFB, 0xFB, 0xFE, 0xFE, 0xFE, 0xFF, 0xFF, 0xFF, 0xFF, 0xFF, 0xFF, 
    0xFF, 0xFF, 0xFF, 0xFF, 0xFF, 0xFF, 0xFD, 0xFE, 0xFE, 0xFB, 0xFB, 0xFB, 
    0xFE, 0xFE, 0xFE, 0xFF, 0xFF, 0xFF, 0xFF, 0xFF, 0xFF, 0xFF, 0xFF, 0xFF, 
    0xFF, 0xFF, 0xFF, 0xFE, 0xFF, 0xFF, 0xFB, 0xFB, 0xFB, 0xFE, 0xFE, 0xFE, 
    0xFF, 0xFF, 0xFF, 0xFF, 0xFF, 0xFF, 0xFF, 0xFF, 0xFF, 0xFF, 0xFF, 0xFF, 
    0xFF, 0xFF, 0xFF, 0xFA, 0xFA, 0xFA, 0xFE, 0xFE, 0xFE, 0xFE, 0xFF, 0xFF, 
    0xFF, 0xFF, 0xFF, 0xFF, 0xFF, 0xFF, 0xFF, 0xFF, 0xFF, 0xFE, 0xFF, 0xFF, 
    0xFA, 0xF9, 0xF9, 0xFE, 0xFE, 0xFE, 0xFE, 0xFE, 0xFE, 0xFF, 0xFF, 0xFF, 
    0xFF, 0xFF, 0xFF, 0xFF, 0xFF, 0xFF, 0xFF, 0xFF, 0xFF, 0xFB, 0xFC, 0xFD, 
    0xFD, 0xFD, 0xFD, 0xFE, 0xFE, 0xFE, 0xFF, 0xFF, 0xFF, 0xFF, 0xFF, 0xFF, 
    0xFF, 0xFF, 0xFF, 0xFE, 0xFF, 0xFF, 0xFC, 0xFD, 0xFD, 0xFC, 0xFC, 0xFC, 
    0xFE, 0xFE, 0xFE, 0xFF, 0xFF, 0xFF, 0xFF, 0xFF, 0xFF, 0xFF, 0xFF, 0xFF, 
    0xFF, 0xFF, 0xFF, 0xFE, 0xFF, 0xFF, 0xFB, 0xFB, 0xFB, 0xFE, 0xFE, 0xFE, 
    0xFE, 0xFE, 0xFF, 0xFF, 0xFF, 0xFF, 0xFF, 0xFF, 0xFF, 0xFF, 0xFF, 0xFF, 
    0xFE, 0xFE, 0xFE, 0xFA, 0xFA, 0xFB, 0xFD, 0xFD, 0xFD, 0xFE, 0xFE, 0xFE, 
    0xFF, 0xFF, 0xFF, 0xFF, 0xFF, 0xFF, 0xFF, 0xFF, 0xFF, 0xFF, 0xFF, 0xFF, 
    0xFC, 0xFF, 0xFF, 0xFC, 0xFC, 0xFC, 0xFE, 0xFE, 0xFE, 0xFE, 0xFE, 0xFE, 
    0xFE, 0xFE, 0xFE, 0xFE, 0xFE, 0xFE, 0xFE, 0xFE, 0xFE, 0xFE, 0xFE, 0xFE, 
    0xFE, 0xFE, 0xFE, 0xFE, 0xFE, 0xFE, 0xFE, 0xFE, 0xFE, 0xFE, 0xFE, 0xFE, 
    0xFE, 0xFE, 0xFE, 0xFE, 0xFE, 0xFE, 0xFE, 0xFE, 0xFE, 0xFE, 0xFE, 0xFE, 
    0xFF, 0xFF, 0xFF, 0xEE, 0xC5, 0xC5, 0xEC, 0xBD, 0xBD, 0xF1, 0xD1, 0xD1, 
    0xEB, 0xBB, 0xBB, 0xF1, 0xCE, 0xCE, 0xFF, 0xFF, 0xFF, 0xFF, 0xFF, 0xFF, 
    0xF1, 0xD3, 0xD3, 0xED, 0xBD, 0xBE, 0xF0, 0xC8, 0xC8, 0xE8, 0xB2, 0xB2, 
    0xEE, 0xC1, 0xC1, 0xFF, 0xFF, 0xFF, 0xFF, 0xFF, 0xFF, 0xF2, 0xD8, 0xD7, 
    0xEA, 0xB7, 0xB7, 0xF0, 0xC8, 0xC8, 0xEE, 0xC8, 0xC8, 0xF0, 0xCD, 0xCD, 
    0xFF, 0xFF, 0xFF, 0xFF, 0xFF, 0xFF, 0xF5, 0xE1, 0xE1, 0xEA, 0xB3, 0xB3, 
    0xF0, 0xCE, 0xCD, 0xEE, 0xC7, 0xC7, 0xF4, 0xD8, 0xD8, 0xFF, 0xFF, 0xFF, 
    0xFF, 0xFF, 0xFF, 0xF7, 0xE5, 0xE5, 0xE8, 0xB0, 0xB0, 0xF2, 0xCF, 0xCF, 
    0xED, 0xBE, 0xBE, 0xF2, 0xD4, 0xD4, 0xFF, 0xFF, 0xFF, 0xFF, 0xFF, 0xFF, 
    0xFA, 0xF1, 0xF0, 0xE9, 0xB2, 0xB2, 0xF2, 0xD2, 0xD2, 0xEB, 0xBB, 0xBC, 
    0xEB, 0xBC, 0xBD, 0xFE, 0xF9, 0xF9, 0xFF, 0xFF, 0xFF, 0xFC, 0xF8, 0xF8, 
    0xE7, 0xAF, 0xAF, 0xF0, 0xCD, 0xCD, 0xF0, 0xCC, 0xCD, 0xEB, 0xBA, 0xB9, 
    0xFD, 0xF6, 0xF6, 0xFE, 0xFF, 0xFF, 0xFE, 0xFE, 0xFE, 0xEA, 0xBA, 0xBA, 
    0xEE, 0xC8, 0xC8, 0xEF, 0xC2, 0xC2, 0xF0, 0xC7, 0xC8, 0xF8, 0xE6, 0xE6, 
    0xFF, 0xFF, 0xFF, 0xFF, 0xFF, 0xFF, 0xEF, 0xC8, 0xC7, 0xED, 0xC2, 0xC2, 
    0xED, 0xC3, 0xC3, 0xEA, 0xB8, 0xB8, 0xF5, 0xDC, 0xDC, 0xFF, 0xFF, 0xFF, 
    0xFE, 0xFF, 0xFF, 0xF8, 0xEC, 0xEC, 0xE8, 0xB1, 0xB1, 0xF0, 0xCC, 0xCC, 
    0xEC, 0xBC, 0xBC, 0xF0, 0xC9, 0xC9, 0xFD, 0xF9, 0xF9, 0xFE, 0xFF, 0xFF, 
    0xFD, 0xFB, 0xFB, 0xE9, 0xB3, 0xB3, 0xF0, 0xCE, 0xCE, 0xEC, 0xBB, 0xBB, 
    0xF0, 0xCB, 0xCB, 0xFA, 0xED, 0xED, 0xFF, 0xFF, 0xFF, 0xFF, 0xFF, 0xFF, 
    0xED, 0xC2, 0xC2, 0xEF, 0xC7, 0xC7, 0xEC, 0xBF, 0xBF, 0xEB, 0xBF, 0xBF, 
    0xF5, 0xDF, 0xE0, 0xFF, 0xFF, 0xFF, 0xFE, 0xFE, 0xFE, 0xFE, 0xFE, 0xFE, 
    0xFE, 0xFE, 0xFE, 0xFE, 0xFE, 0xFE, 0xFE, 0xFE, 0xFE, 0xFE, 0xFE, 0xFE, 
    0xFE, 0xFE, 0xFE, 0xFE, 0xFE, 0xFE, 0xFE, 0xFE, 0xFE, 0xFE, 0xFE, 0xFE, 
    0xFE, 0xFE, 0xFE, 0xFE, 0xFE, 0xFE, 0xFE, 0xFE, 0xFE, 0xFE, 0xFE, 0xFE, 
    0xFF, 0xFF, 0xFF, 0xEF, 0xCD, 0xCD, 0xEC, 0xBC, 0xBD, 0xEE, 0xC8, 0xC8, 
    0xED, 0xC2, 0xC2, 0xE3, 0xC6, 0xC6, 0xEA, 0xEB, 0xEB, 0xFF, 0xFF, 0xFF, 
    0xF3, 0xDB, 0xDB, 0xED, 0xC0, 0xC0, 0xED, 0xBF, 0xBF, 0xEC, 0xBD, 0xBD, 
    0xE6, 0xC3, 0xC3, 0xE3, 0xE4, 0xE5, 0xFF, 0xFF, 0xFF, 0xF4, 0xDE, 0xDE, 
    0xEC, 0xBD, 0xBD, 0xEE, 0xC3, 0xC3, 0xF5, 0xDE, 0xDE, 0xEA, 0xCD, 0xCC, 
    0xE4, 0xE5, 0xE5, 0xFF, 0xFF, 0xFF, 0xF7, 0xE6, 0xE6, 0xEC, 0xBB, 0xBB, 
    0xEE, 0xC1, 0xC1, 0xF0, 0xCC, 0xCC, 0xEF, 0xD4, 0xD4, 0xE0, 0xE0, 0xE0, 
    0xFF, 0xFF, 0xFF, 0xF8, 0xEA, 0xEA, 0xEB, 0xBB, 0xBB, 0xEE, 0xC2, 0xC3, 
    0xEF, 0xC7, 0xC7, 0xEF, 0xCB, 0xCB, 0xE2, 0xE2, 0xE1, 0xFF, 0xFF, 0xFF, 
    0xFA, 0xF3, 0xF2, 0xEB, 0xBD, 0xBD, 0xEF, 0xC4, 0xC4, 0xF2, 0xD5, 0xD5, 
    0xEF, 0xC9, 0xCA, 0xDC, 0xD6, 0xD7, 0xFC, 0xFC, 0xFC, 0xFD, 0xF9, 0xF9, 
    0xEA, 0xBA, 0xBA, 0xEE, 0xC2, 0xC2, 0xEF, 0xC9, 0xC9, 0xEF, 0xC5, 0xC4, 
    0xDF, 0xD9, 0xD9, 0xF8, 0xF9, 0xF9, 0xFE, 0xFE, 0xFE, 0xEC, 0xC3, 0xC3, 
    0xEC, 0xC0, 0xC0, 0xEE, 0xC2, 0xC2, 0xF1, 0xCE, 0xCE, 0xE0, 0xD2, 0xD2, 
    0xF2, 0xF3, 0xF3, 0xFF, 0xFF, 0xFF, 0xF2, 0xD1, 0xD1, 0xEC, 0xBD, 0xBE, 
    0xEF, 0xC9, 0xC9, 0xF2, 0xD0, 0xD0, 0xE1, 0xC6, 0xC6, 0xE9, 0xEA, 0xEA, 
    0xFF, 0xFF, 0xFF, 0xF9, 0xEF, 0xEF, 0xEC, 0xBD, 0xBD, 0xEC, 0xBF, 0xBF, 
    0xED, 0xC3, 0xC3, 0xEF, 0xC5, 0xC6, 0xDE, 0xDB, 0xDB, 0xFE, 0xFE, 0xFE, 
    0xFD, 0xFB, 0xFB, 0xED, 0xC0, 0xC0, 0xED, 0xC2, 0xC3, 0xEE, 0xC2, 0xC2, 
    0xF6, 0xDD, 0xDD, 0xE1, 0xDF, 0xDF, 0xF6, 0xF6, 0xF6, 0xFF, 0xFF, 0xFF, 
    0xF0, 0xCC, 0xCC, 0xEE, 0xC2, 0xC2, 0xF0, 0xCC, 0xCC, 0xF0, 0xCD, 0xCD, 
    0xE0, 0xC6, 0xC6, 0xED, 0xED, 0xED, 0xFF, 0xFF, 0xFF, 0xFE, 0xFE, 0xFE, 
    0xFE, 0xFE, 0xFE, 0xFE, 0xFE, 0xFE, 0xFE, 0xFE, 0xFE, 0xFE, 0xFE, 0xFE, 
    0xFE, 0xFE, 0xFE, 0xFE, 0xFE, 0xFE, 0xFE, 0xFE, 0xFE, 0xFE, 0xFE, 0xFE, 
    0xFE, 0xFE, 0xFE, 0xFE, 0xFE, 0xFE, 0xFE, 0xFE, 0xFE, 0xFE, 0xFE, 0xFE, 
    0xFE, 0xFE, 0xFE, 0xFF, 0xFF, 0xFF, 0xFF, 0xFF, 0xFF, 0xFF, 0xFF, 0xFF, 
    0xFF, 0xFF, 0xFF, 0xFC, 0xFF, 0xFF, 0xFB, 0xFB, 0xFB, 0xFE, 0xFE, 0xFE, 
    0xFF, 0xFF, 0xFF, 0xFF, 0xFF, 0xFF, 0xFF, 0xFF, 0xFF, 0xFF, 0xFF, 0xFF, 
    0xFD, 0xFF, 0xFF, 0xF9, 0xF9, 0xFA, 0xFE, 0xFE, 0xFE, 0xFF, 0xFF, 0xFF, 
    0xFF, 0xFF, 0xFF, 0xFF, 0xFF, 0xFF, 0xFF, 0xFF, 0xFF, 0xFE, 0xFF, 0xFF, 
    0xFA, 0xFA, 0xFA, 0xFE, 0xFE, 0xFE, 0xFF, 0xFF, 0xFF, 0xFF, 0xFF, 0xFF, 
    0xFF, 0xFF, 0xFF, 0xFF, 0xFF, 0xFF, 0xFD, 0xFE, 0xFE, 0xF9, 0xF9, 0xF9, 
    0xFE, 0xFE, 0xFE, 0xFF, 0xFF, 0xFF, 0xFF, 0xFF, 0xFF, 0xFF, 0xFF, 0xFF, 
    0xFF, 0xFF, 0xFF, 0xFE, 0xFF, 0xFF, 0xFA, 0xFA, 0xFA, 0xFE, 0xFE, 0xFE, 
    0xFF, 0xFF, 0xFF, 0xFF, 0xFF, 0xFF, 0xFF, 0xFF, 0xFF, 0xFF, 0xFF, 0xFF, 
    0xFF, 0xFF, 0xFF, 0xF9, 0xFA, 0xFA, 0xFE, 0xFD, 0xFE, 0xFE, 0xFF, 0xFF, 
    0xFF, 0xFF, 0xFF, 0xFF, 0xFF, 0xFF, 0xFF, 0xFF, 0xFF, 0xFF, 0xFF, 0xFF, 
    0xFA, 0xFA, 0xFA, 0xFD, 0xFD, 0xFD, 0xFE, 0xFE, 0xFE, 0xFF, 0xFF, 0xFF, 
    0xFF, 0xFF, 0xFF, 0xFF, 0xFF, 0xFF, 0xFF, 0xFF, 0xFF, 0xFB, 0xFC, 0xFC, 
    0xFC, 0xFC, 0xFD, 0xFE, 0xFE, 0xFE, 0xFF, 0xFF, 0xFF, 0xFF, 0xFF, 0xFF, 
    0xFF, 0xFF, 0xFF, 0xFF, 0xFF, 0xFF, 0xFB, 0xFD, 0xFC, 0xFB, 0xFB, 0xFB, 
    0xFE, 0xFE, 0xFE, 0xFF, 0xFF, 0xFF, 0xFF, 0xFF, 0xFF, 0xFF, 0xFF, 0xFF, 
    0xFF, 0xFF, 0xFF, 0xFF, 0xFF, 0xFF, 0xFA, 0xFA, 0xFA, 0xFE, 0xFE, 0xFE, 
    0xFE, 0xFF, 0xFF, 0xFF, 0xFF, 0xFF, 0xFF, 0xFF, 0xFF, 0xFF, 0xFF, 0xFF, 
    0xFF, 0xFF, 0xFF, 0xF9, 0xF9, 0xFA, 0xFD, 0xFD, 0xFD, 0xFE, 0xFE, 0xFE, 
    0xFF, 0xFF, 0xFF, 0xFF, 0xFF, 0xFF, 0xFF, 0xFF, 0xFF, 0xFF, 0xFF, 0xFF, 
    0xFC, 0xFF, 0xFF, 0xFC, 0xFC, 0xFC, 0xFE, 0xFE, 0xFE, 0xFE, 0xFE, 0xFE, 
    0xFE, 0xFE, 0xFE, 0xFE, 0xFE, 0xFE, 0xFE, 0xFE, 0xFE, 0xFE, 0xFE, 0xFE, 
    0xFE, 0xFE, 0xFE, 0xFE, 0xFE, 0xFE, 0xFE, 0xFE, 0xFE, 0xFE, 0xFE, 0xFE, 
    0xFE, 0xFE, 0xFE, 0xFE, 0xFE, 0xFE, 0xFE, 0xFE, 0xFE, 0xFE, 0xFE, 0xFE, 
    0xFF, 0xFF, 0xFF, 0xF2, 0xCD, 0xCC, 0xF0, 0xCA, 0xC9, 0xF0, 0xCE, 0xCE, 
    0xED, 0xBC, 0xBC, 0xF8, 0xE2, 0xE1, 0xFF, 0xFF, 0xFF, 0xFF, 0xFF, 0xFF, 
    0xF3, 0xDA, 0xD9, 0xEE, 0xC5, 0xC5, 0xF3, 0xD2, 0xD3, 0xEC, 0xB8, 0xB7, 
    0xF2, 0xCC, 0xCC, 0xFF, 0xFF, 0xFF, 0xFE, 0xFF, 0xFF, 0xF4, 0xDE, 0xDE, 
    0xEE, 0xC3, 0xC3, 0xF2, 0xD3, 0xD3, 0xEC, 0xBF, 0xBF, 0xF4, 0xD7, 0xD7, 
    0xFF, 0xFF, 0xFF, 0xFE, 0xFF, 0xFF, 0xF7, 0xE7, 0xE6, 0xED, 0xC1, 0xC1, 
    0xF2, 0xD2, 0xD2, 0xEE, 0xC3, 0xC3, 0xF3, 0xD0, 0xD0, 0xFF, 0xFF, 0xFF, 
    0xFF, 0xFF, 0xFF, 0xF7, 0xE9, 0xE9, 0xEB, 0xBC, 0xBC, 0xF4, 0xD9, 0xD9, 
    0xED, 0xC0, 0xC0, 0xF5, 0xDC, 0xDC, 0xFF, 0xFF, 0xFF, 0xFF, 0xFF, 0xFF, 
    0xFB, 0xF3, 0xF3, 0xEC, 0xBD, 0xBD, 0xF4, 0xD9, 0xD9, 0xEE, 0xC1, 0xC1, 
    0xF0, 0xC6, 0xC6, 0xFF, 0xFD, 0xFD, 0xFF, 0xFF, 0xFF, 0xFC, 0xF9, 0xF9, 
    0xEB, 0xBD, 0xBC, 0xF3, 0xD7, 0xD7, 0xEE, 0xC2, 0xC3, 0xEF, 0xC2, 0xC2, 
    0xFE, 0xF8, 0xF8, 0xFF, 0xFF, 0xFF, 0xFE, 0xFE, 0xFE, 0xED, 0xC2, 0xC2, 
    0xF2, 0xD4, 0xD4, 0xF1, 0xC9, 0xC9, 0xEA, 0xB6, 0xB7, 0xF9, 0xE9, 0xEA, 
    0xFF, 0xFF, 0xFF, 0xFF, 0xFF, 0xFF, 0xF1, 0xD0, 0xCF, 0xF0, 0xCE, 0xCE, 
    0xF1, 0xCE, 0xCD, 0xED, 0xBC, 0xBB, 0xF8, 0xE5, 0xE4, 0xFF, 0xFF, 0xFF, 
    0xFE, 0xFF, 0xFF, 0xFA, 0xEF, 0xEF, 0xEC, 0xBE, 0xBE, 0xF3, 0xD6, 0xD6, 
    0xEE, 0xC4, 0xC4, 0xF2, 0xD3, 0xD3, 0xFF, 0xFC, 0xFC, 0xFE, 0xFF, 0xFF, 
    0xFD, 0xFC, 0xFB, 0xED, 0xBE, 0xBE, 0xF4, 0xD8, 0xD7, 0xED, 0xC2, 0xC2, 
    0xF1, 0xCE, 0xCF, 0xFB, 0xEF, 0xEF, 0xFF, 0xFF, 0xFF, 0xFF, 0xFF, 0xFF, 
    0xEF, 0xC9, 0xC8, 0xF2, 0xD2, 0xD2, 0xEE, 0xC9, 0xC8, 0xEB, 0xB5, 0xB5, 
    0xF7, 0xDE, 0xDE, 0xFF, 0xFF, 0xFF, 0xFE, 0xFE, 0xFE, 0xFE, 0xFE, 0xFE, 
    0xFE, 0xFE, 0xFE, 0xFE, 0xFE, 0xFE, 0xFE, 0xFE, 0xFE, 0xFE, 0xFE, 0xFE, 
    0xFE, 0xFE, 0xFE, 0xFE, 0xFE, 0xFE, 0xFE, 0xFE, 0xFE, 0xFE, 0xFE, 0xFE, 
    0xFE, 0xFE, 0xFE, 0xFE, 0xFE, 0xFE, 0xFE, 0xFE, 0xFE, 0xFE, 0xFE, 0xFE, 
    0xFF, 0xFF, 0xFF, 0xEF, 0xC7, 0xC7, 0xEA, 0xB4, 0xB4, 0xE7, 0xB6, 0xB6, 
    0xE8, 0xAF, 0xAF, 0xE5, 0xC3, 0xC3, 0xEB, 0xED, 0xED, 0xFF, 0xFF, 0xFF, 
    0xF1, 0xD4, 0xD3, 0xE9, 0xB4, 0xB4, 0xEB, 0xB7, 0xB7, 0xEA, 0xB4, 0xB3, 
    0xE7, 0xBF, 0xBF, 0xE7, 0xE8, 0xE8, 0xFF, 0xFF, 0xFF, 0xF3, 0xD9, 0xD8, 
    0xEA, 0xB4, 0xB5, 0xEC, 0xBD, 0xBD, 0xEE, 0xCB, 0xCB, 0xE8, 0xC8, 0xC8, 
    0xE4, 0xE6, 0xE6, 0xFF, 0xFF, 0xFF, 0xF5, 0xE1, 0xE1, 0xE7, 0xAE, 0xAE, 
    0xEB, 0xB6, 0xB6, 0xED, 0xC1, 0xC1, 0xF1, 0xDB, 0xDB, 0xE3, 0xE4, 0xE4, 
    0xFF, 0xFF, 0xFF, 0xF7, 0xE6, 0xE6, 0xE7, 0xAF, 0xAF, 0xEC, 0xBC, 0xBC, 
    0xEA, 0xB9, 0xB9, 0xF0, 0xD1, 0xD2, 0xE3, 0xE2, 0xE2, 0xFF, 0xFF, 0xFF, 
    0xFA, 0xF0, 0xF0, 0xE8, 0xB4, 0xB4, 0xEB, 0xB8, 0xB8, 0xF0, 0xCB, 0xCB, 
    0xF3, 0xD8, 0xD7, 0xE0, 0xE0, 0xE0, 0xFC, 0xFC, 0xFC, 0xFC, 0xF8, 0xF7, 
    0xE9, 0xB5, 0xB4, 0xEA, 0xB7, 0xB7, 0xE8, 0xB4, 0xB4, 0xE9, 0xB2, 0xB2, 
    0xDF, 0xD5, 0xD5, 0xF9, 0xFA, 0xFA, 0xFE, 0xFE, 0xFE, 0xEA, 0xBA, 0xBA, 
    0xE9, 0xB7, 0xB7, 0xEA, 0xB7, 0xB7, 0xE7, 0xAF, 0xAF, 0xE0, 0xCD, 0xCE, 
    0xF3, 0xF4, 0xF4, 0xFF, 0xFF, 0xFF, 0xEF, 0xC8, 0xC8, 0xE9, 0xB7, 0xB7, 
    0xEA, 0xBD, 0xBD, 0xF2, 0xD1, 0xD1, 0xEA, 0xDF, 0xDF, 0xEB, 0xEB, 0xEB, 
    0xFF, 0xFF, 0xFF, 0xF8, 0xEC, 0xEB, 0xE8, 0xB3, 0xB3, 0xEA, 0xB7, 0xB7, 
    0xEA, 0xBB, 0xBB, 0xEB, 0xBF, 0xBF, 0xE0, 0xDD, 0xDD, 0xFE, 0xFE, 0xFE, 
    0xFD, 0xFA, 0xFA, 0xE8, 0xB3, 0xB3, 0xEB, 0xBB, 0xBA, 0xE9, 0xB9, 0xB8, 
    0xF4, 0xD7, 0xD7, 0xE3, 0xDF, 0xDF, 0xF7, 0xF7, 0xF7, 0xFF, 0xFF, 0xFF, 
    0xED, 0xC1, 0xC0, 0xEA, 0xB6, 0xB6, 0xED, 0xC5, 0xC5, 0xEB, 0xBC, 0xBB, 
    0xE1, 0xC4, 0xC4, 0xEF, 0xF0, 0xF0, 0xFF, 0xFF, 0xFF, 0xFE, 0xFE, 0xFE, 
    0xFE, 0xFE, 0xFE, 0xFE, 0xFE, 0xFE, 0xFE, 0xFE, 0xFE, 0xFE, 0xFE, 0xFE, 
    0xFE, 0xFE, 0xFE, 0xFE, 0xFE, 0xFE, 0xFE, 0xFE, 0xFE, 0xFE, 0xFE, 0xFE, 
    0xFE, 0xFE, 0xFE, 0xFE, 0xFE, 0xFE, 0xFE, 0xFE, 0xFE, 0xFE, 0xFE, 0xFE, 
    0xFE, 0xFE, 0xFE, 0xFF, 0xFF, 0xFF, 0xFF, 0xFF, 0xFF, 0xFE, 0xFF, 0xFF, 
    0xFF, 0xFF, 0xFF, 0xFA, 0xFD, 0xFD, 0xF9, 0xF9, 0xF9, 0xFE, 0xFE, 0xFE, 
    0xFF, 0xFF, 0xFF, 0xFF, 0xFF, 0xFF, 0xFF, 0xFF, 0xFF, 0xFF, 0xFF, 0xFF, 
    0xFC, 0xFE, 0xFE, 0xF7, 0xF7, 0xF7, 0xFE, 0xFE, 0xFE, 0xFF, 0xFF, 0xFF, 
    0xFF, 0xFF, 0xFF, 0xFF, 0xFF, 0xFF, 0xFF, 0xFF, 0xFF, 0xFC, 0xFD, 0xFD, 
    0xF7, 0xF7, 0xF7, 0xFE, 0xFE, 0xFE, 0xFF, 0xFF, 0xFF, 0xFF, 0xFF, 0xFF, 
    0xFF, 0xFF, 0xFF, 0xFF, 0xFF, 0xFF, 0xFD, 0xFF, 0xFF, 0xF7, 0xF7, 0xF7, 
    0xFE, 0xFE, 0xFE, 0xFF, 0xFF, 0xFF, 0xFF, 0xFF, 0xFF, 0xFF, 0xFF, 0xFF, 
    0xFF, 0xFF, 0xFF, 0xFD, 0xFF, 0xFF, 0xF6, 0xF6, 0xF6, 0xFE, 0xFE, 0xFE, 
    0xFF, 0xFF, 0xFF, 0xFF, 0xFF, 0xFF, 0xFF, 0xFF, 0xFF, 0xFF, 0xFF, 0xFF, 
    0xFF, 0xFF, 0xFF, 0xF5, 0xF5, 0xF5, 0xFE, 0xFE, 0xFE, 0xFE, 0xFF, 0xFF, 
    0xFF, 0xFF, 0xFF, 0xFF, 0xFF, 0xFF, 0xFF, 0xFF, 0xFF, 0xFF, 0xFF, 0xFF, 
    0xF6, 0xF6, 0xF6, 0xFD, 0xFD, 0xFD, 0xFE, 0xFE, 0xFE, 0xFF, 0xFF, 0xFF, 
    0xFF, 0xFF, 0xFF, 0xFE, 0xFF, 0xFF, 0xFF, 0xFF, 0xFF, 0xF8, 0xF9, 0xF9, 
    0xFB, 0xFB, 0xFC, 0xFE, 0xFE, 0xFE, 0xFF, 0xFF, 0xFF, 0xFF, 0xFF, 0xFF, 
    0xFF, 0xFF, 0xFF, 0xFF, 0xFF, 0xFF, 0xF9, 0xFB, 0xFB, 0xF9, 0xF9, 0xF9, 
    0xFE, 0xFE, 0xFE, 0xFF, 0xFF, 0xFF, 0xFF, 0xFF, 0xFF, 0xFF, 0xFF, 0xFF, 
    0xFE, 0xFF, 0xFF, 0xFD, 0xFE, 0xFE, 0xF6, 0xF6, 0xF6, 0xFE, 0xFE, 0xFE, 
    0xFE, 0xFE, 0xFE, 0xFF, 0xFF, 0xFF, 0xFF, 0xFF, 0xFF, 0xFF, 0xFF, 0xFF, 
    0xFF, 0xFF, 0xFF, 0xF7, 0xF7, 0xF7, 0xFC, 0xFC, 0xFD, 0xFE, 0xFE, 0xFE, 
    0xFF, 0xFF, 0xFF, 0xFF, 0xFF, 0xFF, 0xFF, 0xFF, 0xFF, 0xFF, 0xFF, 0xFF, 
    0xF8, 0xFA, 0xFA, 0xFA, 0xFA, 0xFA, 0xFE, 0xFE, 0xFE, 0xFE, 0xFE, 0xFE, 
    0xFE, 0xFE, 0xFE, 0xFE, 0xFE, 0xFE, 0xFE, 0xFE, 0xFE, 0xFE, 0xFE, 0xFE, 
    0xFE, 0xFE, 0xFE, 0xFE, 0xFE, 0xFE, 0xFE, 0xFE, 0xFE, 0xFE, 0xFE, 0xFE, 
    0xFE, 0xFE, 0xFE, 0xFE, 0xFE, 0xFE, 0xFE, 0xFE, 0xFE, 0xFE, 0xFE, 0xFE, 
    0xFF, 0xFF, 0xFF, 0xF3, 0xD6, 0xD6, 0xF3, 0xD5, 0xD5, 0xF6, 0xE2, 0xE1, 
    0xF0, 0xCA, 0xCA, 0xF7, 0xE0, 0xE0, 0xFF, 0xFF, 0xFF, 0xFF, 0xFF, 0xFF, 
    0xF5, 0xE1, 0xE1, 0xF2, 0xD1, 0xD2, 0xF5, 0xDA, 0xDA, 0xF2, 0xD4, 0xD4, 
    0xF7, 0xDF, 0xE0, 0xFF, 0xFF, 0xFF, 0xFF, 0xFF, 0xFF, 0xF6, 0xE4, 0xE4, 
    0xF1, 0xCE, 0xCE, 0xF4, 0xDB, 0xDC, 0xF0, 0xCB, 0xCA, 0xF8, 0xE1, 0xE0, 
    0xFF, 0xFF, 0xFF, 0xFF, 0xFF, 0xFF, 0xF9, 0xEB, 0xEB, 0xF1, 0xCC, 0xCC, 
    0xF6, 0xE1, 0xE2, 0xF3, 0xD5, 0xD5, 0xF4, 0xD1, 0xD0, 0xFF, 0xFF, 0xFF, 
    0xFF, 0xFF, 0xFF, 0xF9, 0xEE, 0xED, 0xEF, 0xC7, 0xC8, 0xF6, 0xE2, 0xE2, 
    0xED, 0xC1, 0xC1, 0xF2, 0xD0, 0xD0, 0xFF, 0xFF, 0xFF, 0xFE, 0xFE, 0xFE, 
    0xFB, 0xF5, 0xF5, 0xEF, 0xC8, 0xC8, 0xF8, 0xE6, 0xE6, 0xF0, 0xCA, 0xCA, 
    0xF3, 0xD8, 0xD8, 0xFF, 0xFF, 0xFF, 0xFE, 0xFF, 0xFF, 0xFD, 0xFA, 0xFA, 
    0xEE, 0xC8, 0xC8, 0xF7, 0xE4, 0xE4, 0xF3, 0xD9, 0xD9, 0xF1, 0xCE, 0xCE, 
    0xFF, 0xFA, 0xFA, 0xFF, 0xFF, 0xFF, 0xFE, 0xFE, 0xFE, 0xF0, 0xCC, 0xCC, 
    0xF5, 0xDD, 0xDD, 0xF3, 0xD3, 0xD2, 0xF0, 0xCA, 0xCA, 0xFD, 0xF4, 0xF4, 
    0xFF, 0xFF, 0xFF, 0xFF, 0xFF, 0xFF, 0xF3, 0xD7, 0xD7, 0xF3, 0xD6, 0xD7, 
    0xF4, 0xD9, 0xD9, 0xEF, 0xC6, 0xC6, 0xFA, 0xE9, 0xE9, 0xFF, 0xFF, 0xFF, 
    0xFF, 0xFF, 0xFF, 0xFA, 0xF1, 0xF1, 0xEF, 0xC9, 0xC9, 0xF7, 0xE4, 0xE4, 
    0xF2, 0xD6, 0xD6, 0xF4, 0xD6, 0xD7, 0xFF, 0xFF, 0xFF, 0xFE, 0xFE, 0xFF, 
    0xFE, 0xFC, 0xFC, 0xF0, 0xCA, 0xCA, 0xF5, 0xDE, 0xDE, 0xF1, 0xCC, 0xCB, 
    0xF3, 0xD1, 0xD1, 0xFF, 0xF9, 0xF9, 0xFF, 0xFF, 0xFF, 0xFE, 0xFF, 0xFF, 
    0xF1, 0xD1, 0xD1, 0xF5, 0xDB, 0xDB, 0xF3, 0xD4, 0xD4, 0xEE, 0xC5, 0xC5, 
    0xFB, 0xED, 0xED, 0xFF, 0xFF, 0xFF, 0xFE, 0xFE, 0xFE, 0xFE, 0xFE, 0xFE, 
    0xFE, 0xFE, 0xFE, 0xFE, 0xFE, 0xFE, 0xFE, 0xFE, 0xFE, 0xFE, 0xFE, 0xFE, 
    0xFE, 0xFE, 0xFE, 0xFE, 0xFE, 0xFE, 0xFE, 0xFE, 0xFE, 0xFE, 0xFE, 0xFE, 
    0xFE, 0xFE, 0xFE, 0xFE, 0xFE, 0xFE, 0xFE, 0xFE, 0xFE, 0xFE, 0xFE, 0xFE, 
    0xFF, 0xFF, 0xFF, 0xEC, 0xC0, 0xC0, 0xE7, 0xAC, 0xAC, 0xEA, 0xB9, 0xB9, 
    0xEB, 0xBD, 0xBD, 0xE5, 0xC5, 0xC4, 0xEE, 0xEF, 0xEF, 0xFF, 0xFF, 0xFF, 
    0xF0, 0xCF, 0xCF, 0xE7, 0xAB, 0xAB, 0xE7, 0xAC, 0xAC, 0xEB, 0xBE, 0xBE, 
    0xE8, 0xC9, 0xC8, 0xE9, 0xEA, 0xEA, 0xFF, 0xFF, 0xFF, 0xF1, 0xD4, 0xD4, 
    0xE6, 0xA9, 0xA9, 0xE8, 0xB2, 0xB3, 0xED, 0xC2, 0xC2, 0xE7, 0xBA, 0xB9, 
    0xEA, 0xEB, 0xEB, 0xFF, 0xFF, 0xFF, 0xF4, 0xDD, 0xDD, 0xE6, 0xA5, 0xA5, 
    0xE9, 0xB4, 0xB4, 0xED, 0xC1, 0xC1, 0xE5, 0xAE, 0xAD, 0xE4, 0xE4, 0xE4, 
    0xFF, 0xFF, 0xFF, 0xF6, 0xE3, 0xE2, 0xE6, 0xA7, 0xA7, 0xE6, 0xAD, 0xAE, 
    0xE6, 0xAC, 0xAC, 0xEA, 0xB8, 0xB8, 0xE4, 0xE2, 0xE2, 0xFF, 0xFF, 0xFF, 
    0xF9, 0xEE, 0xEE, 0xE6, 0xAA, 0xA9, 0xE9, 0xB2, 0xB2, 0xEF, 0xC8, 0xC8, 
    0xED, 0xC3, 0xC3, 0xE0, 0xDD, 0xDD, 0xFD, 0xFE, 0xFE, 0xFB, 0xF6, 0xF6, 
    0xE3, 0xA8, 0xA8, 0xE8, 0xB0, 0xB0, 0xEB, 0xBD, 0xBD, 0xEE, 0xC3, 0xC3, 
    0xE1, 0xD7, 0xD7, 0xFA, 0xFA, 0xFA, 0xFE, 0xFE, 0xFE, 0xE9, 0xB2, 0xB2, 
    0xE7, 0xAF, 0xAF, 0xE9, 0xAE, 0xAE, 0xE7, 0xA8, 0xA7, 0xE0, 0xCD, 0xCD, 
    0xF4, 0xF5, 0xF5, 0xFF, 0xFF, 0xFF, 0xEC, 0xBF, 0xBF, 0xE7, 0xAD, 0xAD, 
    0xE7, 0xB0, 0xAF, 0xE9, 0xB4, 0xB3, 0xE5, 0xCE, 0xCE, 0xEE, 0xEF, 0xEF, 
    0xFF, 0xFF, 0xFF, 0xF7, 0xE8, 0xE8, 0xE4, 0xA9, 0xA9, 0xE7, 0xAE, 0xAE, 
    0xF0, 0xC9, 0xC9, 0xEE, 0xC7, 0xC7, 0xE1, 0xDD, 0xDE, 0xFE, 0xFE, 0xFE, 
    0xFD, 0xFA, 0xFA, 0xE7, 0xAA, 0xAA, 0xE7, 0xB0, 0xAF, 0xE8, 0xB0, 0xB0, 
    0xE6, 0xA8, 0xA7, 0xE0, 0xD2, 0xD1, 0xF8, 0xF9, 0xF9, 0xFF, 0xFF, 0xFF, 
    0xEB, 0xBC, 0xBC, 0xE8, 0xB1, 0xB1, 0xE7, 0xAE, 0xAE, 0xE9, 0xB4, 0xB3, 
    0xE5, 0xD2, 0xD1, 0xF0, 0xF1, 0xF1, 0xFE, 0xFE, 0xFE, 0xFE, 0xFE, 0xFE, 
    0xFE, 0xFE, 0xFE, 0xFE, 0xFE, 0xFE, 0xFE, 0xFE, 0xFE, 0xFE, 0xFE, 0xFE, 
    0xFE, 0xFE, 0xFE, 0xFE, 0xFE, 0xFE, 0xFE, 0xFE, 0xFE, 0xFE, 0xFE, 0xFE, 
    0xFE, 0xFE, 0xFE, 0xFE, 0xFE, 0xFE, 0xFE, 0xFE, 0xFE, 0xFE, 0xFE, 0xFE, 
    0xFE, 0xFE, 0xFE, 0xFF, 0xFF, 0xFF, 0xFF, 0xFF, 0xFF, 0xFE, 0xFE, 0xFE, 
    0xFE, 0xFD, 0xFD, 0xF7, 0xF9, 0xF9, 0xF6, 0xF6, 0xF6, 0xFE, 0xFE, 0xFE, 
    0xFF, 0xFF, 0xFF, 0xFF, 0xFF, 0xFF, 0xFE, 0xFF, 0xFF, 0xFE, 0xFE, 0xFE, 
    0xF8, 0xF9, 0xF9, 0xF3, 0xF3, 0xF3, 0xFE, 0xFE, 0xFE, 0xFF, 0xFF, 0xFF, 
    0xFF, 0xFF, 0xFF, 0xFF, 0xFF, 0xFF, 0xFF, 0xFF, 0xFF, 0xFB, 0xFC, 0xFC, 
    0xF4, 0xF4, 0xF4, 0xFE, 0xFE, 0xFE, 0xFF, 0xFF, 0xFF, 0xFF, 0xFF, 0xFF, 
    0xFF, 0xFF, 0xFF, 0xFE, 0xFD, 0xFD, 0xFB, 0xFD, 0xFD, 0xF1, 0xF2, 0xF2, 
    0xFE, 0xFE, 0xFE, 0xFE, 0xFF, 0xFF, 0xFF, 0xFF, 0xFF, 0xFE, 0xFF, 0xFF, 
    0xFF, 0xFF, 0xFF, 0xFD, 0xFF, 0xFF, 0xF1, 0xF2, 0xF2, 0xFE, 0xFE, 0xFE, 
    0xFE, 0xFF, 0xFF, 0xFF, 0xFF, 0xFF, 0xFE, 0xFF, 0xFF, 0xFF, 0xFF, 0xFF, 
    0xFD, 0xFC, 0xFC, 0xF0, 0xF0, 0xEF, 0xFE, 0xFE, 0xFE, 0xFE, 0xFF, 0xFF, 
    0xFF, 0xFF, 0xFF, 0xFF, 0xFF, 0xFF, 0xFE, 0xFE, 0xFE, 0xFE, 0xFE, 0xFE, 
    0xF1, 0xF2, 0xF2, 0xFC, 0xFC, 0xFC, 0xFE, 0xFE, 0xFE, 0xFF, 0xFF, 0xFF, 
    0xFF, 0xFF, 0xFF, 0xFD, 0xFD, 0xFD, 0xFF, 0xFF, 0xFF, 0xF4, 0xF5, 0xF5, 
    0xFA, 0xFA, 0xFA, 0xFE, 0xFE, 0xFE, 0xFF, 0xFF, 0xFF, 0xFF, 0xFF, 0xFF, 
    0xFE, 0xFE, 0xFF, 0xFF, 0xFF, 0xFF, 0xF6, 0xF6, 0xF6, 0xF6, 0xF6, 0xF6, 
    0xFE, 0xFE, 0xFE, 0xFF, 0xFF, 0xFF, 0xFF, 0xFF, 0xFF, 0xFF, 0xFF, 0xFF, 
    0xFE, 0xFE, 0xFE, 0xFD, 0xFD, 0xFD, 0xF1, 0xF1, 0xF1, 0xFE, 0xFE, 0xFE, 
    0xFE, 0xFF, 0xFF, 0xFF, 0xFF, 0xFF, 0xFF, 0xFF, 0xFF, 0xFE, 0xFF, 0xFF, 
    0xFF, 0xFF, 0xFF, 0xF2, 0xF3, 0xF2, 0xFB, 0xFC, 0xFC, 0xFE, 0xFE, 0xFE, 
    0xFF, 0xFF, 0xFF, 0xFF, 0xFF, 0xFF, 0xFE, 0xFF, 0xFF, 0xFF, 0xFF, 0xFF, 
    0xF5, 0xF5, 0xF5, 0xF7, 0xF8, 0xF8, 0xFE, 0xFE, 0xFE, 0xFE, 0xFE, 0xFE, 
    0xFE, 0xFE, 0xFE, 0xFE, 0xFE, 0xFE, 0xFE, 0xFE, 0xFE, 0xFE, 0xFE, 0xFE, 
    0xFE, 0xFE, 0xFE, 0xFE, 0xFE, 0xFE, 0xFE, 0xFE, 0xFE, 0xFE, 0xFE, 0xFE, 
    0xFE, 0xFE, 0xFE, 0xFE, 0xFE, 0xFE, 0xFE, 0xFE, 0xFE, 0xFE, 0xFE, 0xFE, 
    0xFE, 0xFE, 0xFE, 0xF5, 0xDE, 0xDE, 0xF5, 0xDD, 0xDE, 0xF8, 0xE7, 0xE8, 
    0xF5, 0xE0, 0xE0, 0xF9, 0xE8, 0xE8, 0xFF, 0xFF, 0xFF, 0xFE, 0xFE, 0xFE, 
    0xF8, 0xE5, 0xE5, 0xF5, 0xDA, 0xDA, 0xF7, 0xE4, 0xE4, 0xF1, 0xCC, 0xCD, 
    0xF7, 0xE0, 0xE0, 0xFF, 0xFF, 0xFF, 0xFE, 0xFE, 0xFE, 0xF8, 0xE8, 0xE8, 
    0xF4, 0xDA, 0xDA, 0xF6, 0xE4, 0xE4, 0xEF, 0xCC, 0xCC, 0xF6, 0xDE, 0xDE, 
    0xFF, 0xFF, 0xFF, 0xFE, 0xFE, 0xFE, 0xFA, 0xEE, 0xEE, 0xF4, 0xD4, 0xD5, 
    0xF8, 0xE9, 0xE9, 0xF5, 0xDE, 0xDE, 0xF6, 0xDF, 0xE0, 0xFF, 0xFF, 0xFF, 
    0xFE, 0xFF, 0xFF, 0xFA, 0xF1, 0xF1, 0xF2, 0xD2, 0xD3, 0xF8, 0xE9, 0xE9, 
    0xF0, 0xCE, 0xCF, 0xF4, 0xD4, 0xD5, 0xFF, 0xFF, 0xFF, 0xFE, 0xFE, 0xFE, 
    0xFC, 0xF7, 0xF7, 0xF2, 0xD1, 0xD1, 0xF9, 0xED, 0xED, 0xF2, 0xD3, 0xD4, 
    0xF5, 0xDD, 0xDE, 0xFF, 0xFF, 0xFF, 0xFE, 0xFF, 0xFF, 0xFD, 0xFB, 0xFB, 
    0xF2, 0xD2, 0xD2, 0xF9, 0xEC, 0xEC, 0xF5, 0xE0, 0xE0, 0xF7, 0xE1, 0xE2, 
    0xFF, 0xF9, 0xF9, 0xFF, 0xFF, 0xFF, 0xFE, 0xFF, 0xFF, 0xF3, 0xD5, 0xD6, 
    0xF7, 0xE5, 0xE5, 0xF5, 0xDA, 0xDA, 0xF3, 0xD2, 0xD3, 0xFC, 0xEF, 0xEF, 
    0xFF, 0xFF, 0xFF, 0xFF, 0xFF, 0xFF, 0xF4, 0xDA, 0xDA, 0xF6, 0xDF, 0xDF, 
    0xF6, 0xE1, 0xE1, 0xF0, 0xCA, 0xCB, 0xF8, 0xE5, 0xE5, 0xFF, 0xFF, 0xFF, 
    0xFE, 0xFE, 0xFE, 0xFB, 0xF4, 0xF4, 0xF3, 0xD5, 0xD4, 0xF8, 0xEA, 0xEB, 
    0xF3, 0xDC, 0xDC, 0xF6, 0xE1, 0xE2, 0xFF, 0xFF, 0xFF, 0xFE, 0xFF, 0xFF, 
    0xFE, 0xFD, 0xFC, 0xF3, 0xD4, 0xD4, 0xF8, 0xE8, 0xE9, 0xF3, 0xD4, 0xD4, 
    0xF4, 0xD6, 0xD7, 0xFD, 0xF3, 0xF4, 0xFF, 0xFF, 0xFF, 0xFE, 0xFF, 0xFF, 
    0xF4, 0xD7, 0xD6, 0xF7, 0xE4, 0xE4, 0xF5, 0xDD, 0xDC, 0xEE, 0xC7, 0xC8, 
    0xFA, 0xEB, 0xEB, 0xFF, 0xFF, 0xFF, 0xFE, 0xFE, 0xFE, 0xFE, 0xFE, 0xFE, 
    0xFE, 0xFE, 0xFE, 0xFE, 0xFE, 0xFE, 0xFE, 0xFE, 0xFE, 0xFE, 0xFE, 0xFE, 
    0xFE, 0xFE, 0xFE, 0xFE, 0xFE, 0xFE, 0xFE, 0xFE, 0xFE, 0xFE, 0xFE, 0xFE, 
    0xFE, 0xFE, 0xFE, 0xFE, 0xFE, 0xFE, 0xFE, 0xFE, 0xFE, 0xFE, 0xFE, 0xFE, 
    0xFF, 0xFF, 0xFF, 0xEB, 0xBA, 0xBA, 0xE6, 0xA4, 0xA4, 0xEA, 0xB4, 0xB5, 
    0xEB, 0xBC, 0xBD, 0xE3, 0xBE, 0xBD, 0xF0, 0xF0, 0xF1, 0xFF, 0xFF, 0xFF, 
    0xEE, 0xC8, 0xC8, 0xE5, 0xA1, 0xA2, 0xE7, 0xAC, 0xAC, 0xE9, 0xA8, 0xA9, 
    0xE8, 0xB7, 0xB7, 0xED, 0xEE, 0xEE, 0xFF, 0xFF, 0xFF, 0xEF, 0xCF, 0xCF, 
    0xE5, 0xA2, 0xA2, 0xE7, 0xAB, 0xAB, 0xE6, 0xA8, 0xA7, 0xE9, 0xBD, 0xBD, 
    0xEB, 0xEB, 0xEC, 0xFF, 0xFF, 0xFF, 0xF3, 0xD9, 0xD9, 0xE4, 0x9B, 0x9C, 
    0xE9, 0xAC, 0xAD, 0xF1, 0xCC, 0xCD, 0xEB, 0xBD, 0xBD, 0xE9, 0xE9, 0xE9, 
    0xFF, 0xFF, 0xFF, 0xF5, 0xE0, 0xDF, 0xE5, 0xA1, 0xA1, 0xE7, 0xAA, 0xAB, 
    0xE4, 0xA5, 0xA5, 0xE6, 0xA4, 0xA4, 0xE8, 0xE6, 0xE7, 0xFF, 0xFF, 0xFF, 
    0xF8, 0xEC, 0xEC, 0xE3, 0x9F, 0x9F, 0xE8, 0xAE, 0xAE, 0xE6, 0xA8, 0xA8, 
    0xF0, 0xC6, 0xC6, 0xE6, 0xE5, 0xE5, 0xFD, 0xFE, 0xFE, 0xFB, 0xF6, 0xF6, 
    0xE4, 0xA4, 0xA4, 0xE7, 0xAB, 0xAA, 0xED, 0xBB, 0xBB, 0xF0, 0xC4, 0xC4, 
    0xE5, 0xDB, 0xDB, 0xFA, 0xFB, 0xFB, 0xFE, 0xFE, 0xFE, 0xE8, 0xAB, 0xAC, 
    0xE6, 0xAA, 0xAA, 0xEA, 0xAA, 0xAA, 0xF0, 0xC3, 0xC4, 0xE9, 0xE0, 0xE0, 
    0xF5, 0xF5, 0xF5, 0xFF, 0xFF, 0xFF, 0xEB, 0xB8, 0xB8, 0xE6, 0xA6, 0xA7, 
    0xE8, 0xAE, 0xAE, 0xE6, 0xA2, 0xA2, 0xE3, 0xBB, 0xBB, 0xF1, 0xF2, 0xF2, 
    0xFF, 0xFF, 0xFF, 0xF7, 0xE6, 0xE6, 0xE3, 0x9F, 0x9F, 0xE7, 0xAC, 0xAB, 
    0xEF, 0xC5, 0xC5, 0xEE, 0xC4, 0xC4, 0xE4, 0xE1, 0xE1, 0xFD, 0xFE, 0xFE, 
    0xFD, 0xF9, 0xF9, 0xE5, 0xA1, 0xA1, 0xE7, 0xA9, 0xA9, 0xE9, 0xAD, 0xAD, 
    0xF0, 0xC5, 0xC5, 0xE8, 0xE1, 0xE2, 0xF8, 0xF9, 0xF9, 0xFF, 0xFF, 0xFF, 
    0xE8, 0xB0, 0xAF, 0xE8, 0xAB, 0xAB, 0xE9, 0xAD, 0xAD, 0xE5, 0xA1, 0xA1, 
    0xE5, 0xC5, 0xC4, 0xF3, 0xF4, 0xF4, 0xFE, 0xFE, 0xFE, 0xFE, 0xFE, 0xFE, 
    0xFE, 0xFE, 0xFE, 0xFE, 0xFE, 0xFE, 0xFE, 0xFE, 0xFE, 0xFE, 0xFE, 0xFE, 
    0xFE, 0xFE, 0xFE, 0xFE, 0xFE, 0xFE, 0xFE, 0xFE, 0xFE, 0xFE, 0xFE, 0xFE, 
    0xFE, 0xFE, 0xFE, 0xFE, 0xFE, 0xFE, 0xFE, 0xFE, 0xFE, 0xFE, 0xFE, 0xFE, 
    0xFE, 0xFE, 0xFE, 0xFE, 0xFC, 0xFC, 0xFE, 0xFB, 0xFB, 0xFC, 0xF9, 0xF9, 
    0xFD, 0xFB, 0xFB, 0xF6, 0xF5, 0xF5, 0xF4, 0xF4, 0xF4, 0xFE, 0xFE, 0xFE, 
    0xFE, 0xFC, 0xFC, 0xFD, 0xFA, 0xFA, 0xFD, 0xF8, 0xF8, 0xFD, 0xFA, 0xFA, 
    0xF8, 0xF7, 0xF7, 0xF1, 0xF2, 0xF2, 0xFE, 0xFE, 0xFE, 0xFE, 0xFD, 0xFD, 
    0xFD, 0xFB, 0xFB, 0xFD, 0xFA, 0xFA, 0xFD, 0xF7, 0xF7, 0xF8, 0xF6, 0xF6, 
    0xF0, 0xF1, 0xF1, 0xFE, 0xFE, 0xFE, 0xFE, 0xFD, 0xFD, 0xFD, 0xFA, 0xFA, 
    0xFD, 0xFB, 0xFB, 0xFD, 0xF7, 0xF7, 0xFA, 0xF7, 0xF7, 0xEF, 0xEF, 0xEF, 
    0xFE, 0xFE, 0xFE, 0xFE, 0xFD, 0xFE, 0xFD, 0xFB, 0xFA, 0xFD, 0xFA, 0xF9, 
    0xFD, 0xF9, 0xF9, 0xFB, 0xF9, 0xF9, 0xEE, 0xEE, 0xEE, 0xFE, 0xFE, 0xFE, 
    0xFE, 0xFE, 0xFE, 0xFD, 0xFB, 0xFB, 0xFD, 0xFA, 0xFA, 0xFD, 0xF8, 0xF8, 
    0xFC, 0xF8, 0xF8, 0xED, 0xEC, 0xEC, 0xFD, 0xFD, 0xFE, 0xFE, 0xFE, 0xFE, 
    0xFD, 0xFB, 0xFB, 0xFD, 0xFB, 0xFB, 0xFD, 0xF7, 0xF7, 0xFC, 0xF5, 0xF5, 
    0xEF, 0xEE, 0xEE, 0xFC, 0xFC, 0xFC, 0xFE, 0xFE, 0xFE, 0xFE, 0xFB, 0xFB, 
    0xFD, 0xFB, 0xFB, 0xFC, 0xF7, 0xF7, 0xFE, 0xFC, 0xFC, 0xF1, 0xF1, 0xF1, 
    0xF8, 0xF8, 0xF8, 0xFE, 0xFE, 0xFE, 0xFE, 0xFC, 0xFC, 0xFD, 0xFB, 0xFB, 
    0xFD, 0xF9, 0xF9, 0xFD, 0xF8, 0xF8, 0xF4, 0xF3, 0xF3, 0xF4, 0xF5, 0xF5, 
    0xFE, 0xFE, 0xFF, 0xFE, 0xFE, 0xFE, 0xFD, 0xFA, 0xFA, 0xFE, 0xFC, 0xFC, 
    0xFD, 0xF7, 0xF7, 0xFB, 0xF5, 0xF5, 0xED, 0xED, 0xED, 0xFE, 0xFE, 0xFE, 
    0xFE, 0xFE, 0xFE, 0xFD, 0xFB, 0xFB, 0xFD, 0xFB, 0xFB, 0xFC, 0xF8, 0xF8, 
    0xFE, 0xFD, 0xFC, 0xEF, 0xEF, 0xEF, 0xFB, 0xFB, 0xFB, 0xFE, 0xFE, 0xFE, 
    0xFE, 0xFC, 0xFC, 0xFD, 0xFB, 0xFB, 0xFD, 0xF9, 0xF8, 0xFE, 0xF9, 0xF9, 
    0xF3, 0xF2, 0xF2, 0xF6, 0xF6, 0xF6, 0xFE, 0xFE, 0xFE, 0xFE, 0xFE, 0xFE, 
    0xFE, 0xFE, 0xFE, 0xFE, 0xFE, 0xFE, 0xFE, 0xFE, 0xFE, 0xFE, 0xFE, 0xFE, 
    0xFE, 0xFE, 0xFE, 0xFE, 0xFE, 0xFE, 0xFE, 0xFE, 0xFE, 0xFE, 0xFE, 0xFE, 
    0xFE, 0xFE, 0xFE, 0xFE, 0xFE, 0xFE, 0xFE, 0xFE, 0xFE, 0xFE, 0xFE, 0xFE, 
    0xFE, 0xFE, 0xFE, 0xFE, 0xFF, 0xFF, 0xFE, 0xFF, 0xFF, 0xFE, 0xFF, 0xFF, 
    0xFE, 0xFF, 0xFF, 0xFF, 0xFF, 0xFF, 0xFF, 0xFF, 0xFF, 0xFE, 0xFE, 0xFE, 
    0xFE, 0xFE, 0xFE, 0xFE, 0xFF, 0xFF, 0xFE, 0xFF, 0xFF, 0xFE, 0xFF, 0xFF, 
    0xFF, 0xFF, 0xFF, 0xFF, 0xFF, 0xFF, 0xFE, 0xFE, 0xFE, 0xFE, 0xFE, 0xFE, 
    0xFE, 0xFF, 0xFF, 0xFE, 0xFF, 0xFF, 0xFE, 0xFF, 0xFF, 0xFF, 0xFF, 0xFF, 
    0xFF, 0xFF, 0xFF, 0xFE, 0xFE, 0xFE, 0xFE, 0xFE, 0xFE, 0xFE, 0xFF, 0xFF, 
    0xFE, 0xFF, 0xFF, 0xFE, 0xFF, 0xFF, 0xFE, 0xFF, 0xFF, 0xFF, 0xFF, 0xFF, 
    0xFE, 0xFE, 0xFE, 0xFE, 0xFE, 0xFE, 0xFE, 0xFF, 0xFF, 0xFE, 0xFF, 0xFF, 
    0xFE, 0xFF, 0xFF, 0xFE, 0xFF, 0xFF, 0xFF, 0xFF, 0xFF, 0xFE, 0xFE, 0xFE, 
    0xFE, 0xFE, 0xFE, 0xFE, 0xFF, 0xFF, 0xFE, 0xFF, 0xFF, 0xFE, 0xFF, 0xFF, 
    0xFE, 0xFF, 0xFF, 0xFF, 0xFF, 0xFF, 0xFE, 0xFE, 0xFE, 0xFE, 0xFE, 0xFE, 
    0xFE, 0xFF, 0xFF, 0xFE, 0xFF, 0xFF, 0xFE, 0xFF, 0xFF, 0xFE, 0xFF, 0xFF, 
    0xFF, 0xFF, 0xFF, 0xFE, 0xFE, 0xFE, 0xFE, 0xFE, 0xFE, 0xFE, 0xFF, 0xFF, 
    0xFE, 0xFF, 0xFF, 0xFE, 0xFF, 0xFF, 0xFE, 0xFE, 0xFE, 0xFF, 0xFF, 0xFF, 
    0xFE, 0xFE, 0xFE, 0xFE, 0xFE, 0xFE, 0xFE, 0xFF, 0xFF, 0xFE, 0xFF, 0xFF, 
    0xFE, 0xFF, 0xFF, 0xFE, 0xFF, 0xFF, 0xFF, 0xFF, 0xFF, 0xFF, 0xFF, 0xFF, 
    0xFE, 0xFE, 0xFE, 0xFE, 0xFE, 0xFE, 0xFE, 0xFF, 0xFF, 0xFE, 0xFE, 0xFF, 
    0xFE, 0xFF, 0xFF, 0xFE, 0xFF, 0xFF, 0xFF, 0xFF, 0xFF, 0xFE, 0xFE, 0xFE, 
    0xFE, 0xFE, 0xFE, 0xFE, 0xFF, 0xFF, 0xFE, 0xFF, 0xFF, 0xFE, 0xFF, 0xFF, 
    0xFE, 0xFE, 0xFE, 0xFF, 0xFF, 0xFF, 0xFE, 0xFE, 0xFE, 0xFE, 0xFE, 0xFE, 
    0xFE, 0xFE, 0xFF, 0xFE, 0xFF, 0xFF, 0xFE, 0xFF, 0xFF, 0xFE, 0xFF, 0xFF, 
    0xFF, 0xFF, 0xFF, 0xFF, 0xFF, 0xFF, 0xFE, 0xFE, 0xFE, 0xFE, 0xFE, 0xFE, 
    0xFE, 0xFE, 0xFE, 0xFE, 0xFE, 0xFE, 0xFE, 0xFE, 0xFE, 0xFE, 0xFE, 0xFE, 
    0xFE, 0xFE, 0xFE, 0xFE, 0xFE, 0xFE, 0xFE, 0xFE, 0xFE, 0xFE, 0xFE, 0xFE, 
    0xFE, 0xFE, 0xFE, 0xFE, 0xFE, 0xFE, 0xFE, 0xFE, 0xFE, 0xFE, 0xFE, 0xFE, 
    0xFE, 0xFE, 0xFE, 0xFD, 0xFB, 0xFB, 0xFC, 0xF9, 0xF9, 0xFD, 0xFA, 0xFA, 
    0xFD, 0xFB, 0xFB, 0xFE, 0xFE, 0xFE, 0xFE, 0xFE, 0xFE, 0xFE, 0xFE, 0xFE, 
    0xFE, 0xFE, 0xFE, 0xFE, 0xFE, 0xFE, 0xFE, 0xFE, 0xFE, 0xFE, 0xFE, 0xFE, 
    0xFE, 0xFE, 0xFE, 0xFE, 0xFE, 0xFE, 0xFE, 0xFE, 0xFE, 0xFE, 0xFE, 0xFE, 
    0xFE, 0xFE, 0xFE, 0xFE, 0xFE, 0xFE, 0xFE, 0xFE, 0xFE, 0xFE, 0xFE, 0xFE, 
    0xFE, 0xFE, 0xFE, 0xFE, 0xFE, 0xFE, 0xFE, 0xFE, 0xFE, 0xFE, 0xFE, 0xFE, 
    0xFE, 0xFE, 0xFE, 0xFE, 0xFE, 0xFE, 0xFE, 0xFE, 0xFE, 0xFE, 0xFE, 0xFE, 
    0xFE, 0xFE, 0xFE, 0xFE, 0xFE, 0xFE, 0xFE, 0xFE, 0xFE, 0xFE, 0xFE, 0xFE, 
    0xFE, 0xFE, 0xFE, 0xFE, 0xFE, 0xFE, 0xFE, 0xFE, 0xFE, 0xFE, 0xFE, 0xFE, 
    0xFE, 0xFE, 0xFE, 0xFE, 0xFE, 0xFE, 0xFE, 0xFE, 0xFE, 0xFE, 0xFE, 0xFE, 
    0xFE, 0xFE, 0xFE, 0xFE, 0xFE, 0xFE, 0xFE, 0xFE, 0xFE, 0xFE, 0xFE, 0xFE, 
    0xFE, 0xFE, 0xFE, 0xFE, 0xFE, 0xFE, 0xFE, 0xFE, 0xFE, 0xFE, 0xFE, 0xFE, 
    0xFE, 0xFE, 0xFE, 0xFE, 0xFE, 0xFE, 0xFE, 0xFE, 0xFE, 0xFE, 0xFE, 0xFE, 
    0xFE, 0xFE, 0xFE, 0xFE, 0xFE, 0xFE, 0xFE, 0xFE, 0xFE, 0xFE, 0xFE, 0xFE, 
    0xFE, 0xFE, 0xFE, 0xFE, 0xFE, 0xFE, 0xFE, 0xFE, 0xFE, 0xFE, 0xFE, 0xFE, 
    0xFE, 0xFE, 0xFE, 0xFE, 0xFE, 0xFE, 0xFE, 0xFE, 0xFE, 0xFE, 0xFE, 0xFE, 
    0xFE, 0xFE, 0xFE, 0xFE, 0xFE, 0xFE, 0xFE, 0xFE, 0xFE, 0xFE, 0xFE, 0xFE, 
    0xFE, 0xFE, 0xFE, 0xFE, 0xFE, 0xFE, 0xFE, 0xFE, 0xFE, 0xFE, 0xFE, 0xFE, 
    0xFE, 0xFE, 0xFE, 0xFE, 0xFE, 0xFE, 0xFE, 0xFE, 0xFE, 0xFE, 0xFE, 0xFE, 
    0xFE, 0xFE, 0xFE, 0xFE, 0xFE, 0xFE, 0xFE, 0xFE, 0xFE, 0xFE, 0xFE, 0xFE, 
    0xFE, 0xFE, 0xFE, 0xFE, 0xFE, 0xFE, 0xFE, 0xFE, 0xFE, 0xFE, 0xFE, 0xFE, 
    0xFE, 0xFE, 0xFE, 0xFE, 0xFE, 0xFE, 0xFE, 0xFE, 0xFE, 0xFE, 0xFE, 0xFE, 
    0xFE, 0xFE, 0xFE, 0xFE, 0xFE, 0xFE, 0xFE, 0xFE, 0xFE, 0xFE, 0xFE, 0xFE, 
    0xFE, 0xFE, 0xFE, 0xFE, 0xFE, 0xFE, 0xFE, 0xFE, 0xFE, 0xFE, 0xFE, 0xFE, 
    0xFE, 0xFE, 0xFE, 0xFE, 0xFE, 0xFE, 0xFE, 0xFE, 0xFE, 0xFE, 0xFE, 0xFE, 
    0xFE, 0xFE, 0xFE, 0xFA, 0xF4, 0xF4, 0xF9, 0xEE, 0xEE, 0xF9, 0xEE, 0xEE, 
    0xFA, 0xF3, 0xF3, 0xFE, 0xFE, 0xFE, 0xFE, 0xFE, 0xFE, 0xFE, 0xFE, 0xFE, 
    0xFE, 0xFE, 0xFE, 0xFE, 0xFE, 0xFE, 0xFE, 0xFE, 0xFE, 0xFE, 0xFE, 0xFE, 
    0xFE, 0xFE, 0xFE, 0xFE, 0xFE, 0xFE, 0xFE, 0xFE, 0xFE, 0xFE, 0xFE, 0xFE, 
    0xFE, 0xFE, 0xFE, 0xFE, 0xFE, 0xFE, 0xFE, 0xFE, 0xFE, 0xFE, 0xFE, 0xFE, 
    0xFE, 0xFE, 0xFE, 0xFE, 0xFE, 0xFE, 0xFE, 0xFE, 0xFE, 0xFE, 0xFE, 0xFE, 
    0xFE, 0xFE, 0xFE, 0xFE, 0xFE, 0xFE, 0xFE, 0xFE, 0xFE, 0xFE, 0xFE, 0xFE, 
    0xFE, 0xFE, 0xFE, 0xFE, 0xFE, 0xFE, 0xFE, 0xFE, 0xFE, 0xFE, 0xFE, 0xFE, 
    0xFE, 0xFE, 0xFE, 0xFE, 0xFE, 0xFE, 0xFE, 0xFE, 0xFE, 0xFE, 0xFE, 0xFE, 
    0xFE, 0xFE, 0xFE, 0xFE, 0xFE, 0xFE, 0xFE, 0xFE, 0xFE, 0xFE, 0xFE, 0xFE, 
    0xFE, 0xFE, 0xFE, 0xFE, 0xFE, 0xFE, 0xFE, 0xFE, 0xFE, 0xFE, 0xFE, 0xFE, 
    0xFE, 0xFE, 0xFE, 0xFE, 0xFE, 0xFE, 0xFE, 0xFE, 0xFE, 0xFE, 0xFE, 0xFE, 
    0xFE, 0xFE, 0xFE, 0xFE, 0xFE, 0xFE, 0xFE, 0xFE, 0xFE, 0xFE, 0xFE, 0xFE, 
    0xFE, 0xFE, 0xFE, 0xFE, 0xFE, 0xFE, 0xFE, 0xFE, 0xFE, 0xFE, 0xFE, 0xFE, 
    0xFE, 0xFE, 0xFE, 0xFE, 0xFE, 0xFE, 0xFE, 0xFE, 0xFE, 0xFE, 0xFE, 0xFE, 
    0xFE, 0xFE, 0xFE, 0xFE, 0xFE, 0xFE, 0xFE, 0xFE, 0xFE, 0xFE, 0xFE, 0xFE, 
    0xFE, 0xFE, 0xFE, 0xFE, 0xFE, 0xFE, 0xFE, 0xFE, 0xFE, 0xFE, 0xFE, 0xFE, 
    0xFE, 0xFE, 0xFE, 0xFE, 0xFE, 0xFE, 0xFE, 0xFE, 0xFE, 0xFE, 0xFE, 0xFE, 
    0xFE, 0xFE, 0xFE, 0xFE, 0xFE, 0xFE, 0xFE, 0xFE, 0xFE, 0xFE, 0xFE, 0xFE, 
    0xFE, 0xFE, 0xFE, 0xFE, 0xFE, 0xFE, 0xFE, 0xFE, 0xFE, 0xFE, 0xFE, 0xFE, 
    0xFE, 0xFE, 0xFE, 0xFE, 0xFE, 0xFE, 0xFE, 0xFE, 0xFE, 0xFE, 0xFE, 0xFE, 
    0xFE, 0xFE, 0xFE, 0xFE, 0xFE, 0xFE, 0xFE, 0xFE, 0xFE, 0xFE, 0xFE, 0xFE, 
    0xFE, 0xFE, 0xFE, 0xFE, 0xFE, 0xFE, 0xFE, 0xFE, 0xFE, 0xFE, 0xFE, 0xFE, 
    0xFE, 0xFE, 0xFE, 0xFE, 0xFE, 0xFE, 0xFE, 0xFE, 0xFE, 0xFE, 0xFE, 0xFE, 
    0xFE, 0xFE, 0xFE, 0xFE, 0xFE, 0xFE, 0xFE, 0xFE, 0xFE, 0xFE, 0xFE, 0xFE, 
    0xFE, 0xFE, 0xFE, 0xFF, 0xFF, 0xFF, 0xFF, 0xFF, 0xFF, 0xFF, 0xFF, 0xFF, 
    0xFF, 0xFF, 0xFF, 0xFE, 0xFF, 0xFF, 0xFE, 0xFE, 0xFE, 0xFE, 0xFE, 0xFE, 
    0xFF, 0xFF, 0xFF, 0xFF, 0xFF, 0xFF, 0xFE, 0xFF, 0xFF, 0xFF, 0xFF, 0xFF, 
    0xFF, 0xFF, 0xFF, 0xFE, 0xFE, 0xFE, 0xFE, 0xFE, 0xFE, 0xFE, 0xFF, 0xFF, 
    0xFF, 0xFF, 0xFF, 0xFF, 0xFF, 0xFF, 0xFF, 0xFF, 0xFF, 0xFF, 0xFF, 0xFF, 
    0xFE, 0xFE, 0xFE, 0xFE, 0xFE, 0xFE, 0xFE, 0xFF, 0xFF, 0xFF, 0xFF, 0xFF, 
    0xFE, 0xFF, 0xFF, 0xFF, 0xFF, 0xFF, 0xFF, 0xFF, 0xFF, 0xFE, 0xFE, 0xFE, 
    0xFE, 0xFE, 0xFE, 0xFE, 0xFF, 0xFF, 0xFF, 0xFF, 0xFF, 0xFE, 0xFF, 0xFF, 
    0xFF, 0xFF, 0xFF, 0xFE, 0xFF, 0xFF, 0xFE, 0xFE, 0xFE, 0xFE, 0xFE, 0xFE, 
    0xFE, 0xFF, 0xFF, 0xFF, 0xFF, 0xFF, 0xFE, 0xFF, 0xFF, 0xFF, 0xFF, 0xFF, 
    0xFF, 0xFF, 0xFF, 0xFE, 0xFE, 0xFE, 0xFE, 0xFE, 0xFE, 0xFE, 0xFE, 0xFE, 
    0xFF, 0xFF, 0xFF, 0xFE, 0xFF, 0xFF, 0xFF, 0xFF, 0xFF, 0xFF, 0xFF, 0xFF, 
    0xFE, 0xFF, 0xFF, 0xFE, 0xFE, 0xFE, 0xFE, 0xFE, 0xFE, 0xFF, 0xFF, 0xFF, 
    0xFE, 0xFF, 0xFF, 0xFF, 0xFF, 0xFF, 0xFF, 0xFF, 0xFF, 0xFE, 0xFF, 0xFF, 
    0xFE, 0xFE, 0xFE, 0xFE, 0xFE, 0xFE, 0xFF, 0xFF, 0xFF, 0xFF, 0xFF, 0xFF, 
    0xFF, 0xFF, 0xFF, 0xFF, 0xFF, 0xFF, 0xFF, 0xFF, 0xFF, 0xFE, 0xFE, 0xFE, 
    0xFE, 0xFE, 0xFE, 0xFE, 0xFF, 0xFF, 0xFF, 0xFF, 0xFF, 0xFE, 0xFF, 0xFF, 
    0xFF, 0xFF, 0xFF, 0xFF, 0xFF, 0xFF, 0xFE, 0xFE, 0xFE, 0xFE, 0xFE, 0xFE, 
    0xFE, 0xFE, 0xFE, 0xFF, 0xFF, 0xFF, 0xFE, 0xFF, 0xFF, 0xFF, 0xFF, 0xFF, 
    0xFF, 0xFF, 0xFF, 0xFE, 0xFF, 0xFF, 0xFE, 0xFE, 0xFE, 0xFE, 0xFE, 0xFE, 
    0xFF, 0xFF, 0xFF, 0xFE, 0xFF, 0xFF, 0xFF, 0xFF, 0xFF, 0xFF, 0xFF, 0xFF, 
    0xFE, 0xFF, 0xFF, 0xFE, 0xFE, 0xFE, 0xFE, 0xFE, 0xFE, 0xFE, 0xFE, 0xFE, 
    0xFE, 0xFE, 0xFE, 0xFE, 0xFE, 0xFE, 0xFE, 0xFE, 0xFE, 0xFE, 0xFE, 0xFE, 
    0xFE, 0xFE, 0xFE, 0xFE, 0xFE, 0xFE, 0xFE, 0xFE, 0xFE, 0xFE, 0xFE, 0xFE, 
    0xFE, 0xFE, 0xFE, 0xFE, 0xFE, 0xFE, 0xFE, 0xFE, 0xFE, 0xFE, 0xFE, 0xFE, 
    0xFE, 0xFE, 0xFE, 0xF8, 0xE6, 0xE7, 0xF9, 0xE9, 0xE9, 0xFA, 0xED, 0xED, 
    0xF8, 0xE9, 0xE9, 0xFB, 0xF2, 0xF2, 0xFF, 0xFF, 0xFF, 0xFE, 0xFE, 0xFE, 
    0xF9, 0xEC, 0xEC, 0xF8, 0xE3, 0xE3, 0xFB, 0xF3, 0xF3, 0xF5, 0xDA, 0xDA, 
    0xF9, 0xE5, 0xE5, 0xFF, 0xFF, 0xFF, 0xFE, 0xFE, 0xFE, 0xFA, 0xEE, 0xEE, 
    0xF8, 0xE3, 0xE4, 0xFB, 0xF1, 0xF1, 0xF7, 0xE5, 0xE6, 0xF7, 0xE3, 0xE3, 
    0xFF, 0xFF, 0xFF, 0xFE, 0xFE, 0xFE, 0xFB, 0xF2, 0xF2, 0xF6, 0xDE, 0xDF, 
    0xFC, 0xF3, 0xF3, 0xF6, 0xE0, 0xE0, 0xF7, 0xE1, 0xE1, 0xFF, 0xFF, 0xFF, 
    0xFE, 0xFE, 0xFE, 0xFB, 0xF5, 0xF5, 0xF7, 0xDE, 0xDF, 0xFD, 0xF7, 0xF7, 
    0xF7, 0xE0, 0xDF, 0xF8, 0xE0, 0xE1, 0xFF, 0xFF, 0xFF, 0xFE, 0xFE, 0xFE, 
    0xFD, 0xF9, 0xF9, 0xF6, 0xDE, 0xDE, 0xFB, 0xF4, 0xF4, 0xF7, 0xE8, 0xE8, 
    0xF8, 0xE7, 0xE7, 0xFF, 0xFF, 0xFF, 0xFE, 0xFE, 0xFE, 0xFE, 0xFC, 0xFC, 
    0xF4, 0xDC, 0xDC, 0xFB, 0xF4, 0xF3, 0xF8, 0xE6, 0xE6, 0xF6, 0xDC, 0xDC, 
    0xFE, 0xF8, 0xF9, 0xFF, 0xFF, 0xFF, 0xFF, 0xFE, 0xFE, 0xF6, 0xE0, 0xE1, 
    0xFA, 0xEF, 0xEF, 0xF8, 0xE9, 0xE9, 0xF6, 0xE0, 0xE1, 0xFE, 0xFA, 0xFA, 
    0xFF, 0xFF, 0xFF, 0xFE, 0xFE, 0xFF, 0xF8, 0xE4, 0xE4, 0xF9, 0xE9, 0xE9, 
    0xF9, 0xEE, 0xEE, 0xF4, 0xDD, 0xDE, 0xFA, 0xEB, 0xEC, 0xFF, 0xFF, 0xFF, 
    0xFE, 0xFE, 0xFE, 0xFC, 0xF6, 0xF6, 0xF5, 0xDE, 0xDE, 0xFC, 0xF7, 0xF6, 
    0xF7, 0xE5, 0xE5, 0xF8, 0xE6, 0xE6, 0xFF, 0xFF, 0xFE, 0xFE, 0xFE, 0xFE, 
    0xFE, 0xFD, 0xFD, 0xF6, 0xDD, 0xDD, 0xFB, 0xF3, 0xF3, 0xF8, 0xE7, 0xE7, 
    0xF7, 0xE1, 0xE2, 0xFF, 0xFA, 0xFA, 0xFE, 0xFF, 0xFF, 0xFE, 0xFE, 0xFE, 
    0xF7, 0xE2, 0xE2, 0xFA, 0xED, 0xED, 0xF9, 0xEB, 0xEB, 0xF6, 0xDE, 0xDF, 
    0xFC, 0xF1, 0xF1, 0xFF, 0xFF, 0xFF, 0xFE, 0xFE, 0xFE, 0xFE, 0xFE, 0xFE, 
    0xFE, 0xFE, 0xFE, 0xFE, 0xFE, 0xFE, 0xFE, 0xFE, 0xFE, 0xFE, 0xFE, 0xFE, 
    0xFE, 0xFE, 0xFE, 0xFE, 0xFE, 0xFE, 0xFE, 0xFE, 0xFE, 0xFE, 0xFE, 0xFE, 
    0xFE, 0xFE, 0xFE, 0xFE, 0xFE, 0xFE, 0xFE, 0xFE, 0xFE, 0xFE, 0xFE, 0xFE, 
    0xFF, 0xFF, 0xFF, 0xE9, 0xB4, 0xB4, 0xE7, 0xA1, 0xA2, 0xEB, 0xBB, 0xBB, 
    0xE6, 0xAA, 0xAB, 0xE5, 0xBE, 0xBD, 0xF2, 0xF3, 0xF3, 0xFF, 0xFF, 0xFF, 
    0xEE, 0xC6, 0xC7, 0xE5, 0x9D, 0x9D, 0xEC, 0xBD, 0xBD, 0xE4, 0x9E, 0x9E, 
    0xE7, 0xB1, 0xB0, 0xEF, 0xF0, 0xF0, 0xFF, 0xFF, 0xFF, 0xEE, 0xCB, 0xCB, 
    0xE3, 0x9C, 0x9C, 0xE9, 0xB4, 0xB5, 0xEB, 0xBF, 0xBF, 0xEF, 0xD3, 0xD3, 
    0xEF, 0xEF, 0xEF, 0xFF, 0xFF, 0xFF, 0xF2, 0xD6, 0xD7, 0xE4, 0x97, 0x98, 
    0xEC, 0xB8, 0xB8, 0xE6, 0xA7, 0xA7, 0xEA, 0xB5, 0xB5, 0xEB, 0xEA, 0xEA, 
    0xFF, 0xFF, 0xFF, 0xF4, 0xDD, 0xDD, 0xE3, 0x98, 0x99, 0xEC, 0xB9, 0xBA, 
    0xE8, 0xAD, 0xAC, 0xEC, 0xB8, 0xB7, 0xED, 0xED, 0xED, 0xFF, 0xFF, 0xFF, 
    0xF8, 0xEB, 0xEB, 0xE3, 0x9A, 0x9A, 0xEB, 0xB5, 0xB5, 0xE7, 0xB3, 0xB4, 
    0xE5, 0xA9, 0xA9, 0xE9, 0xE2, 0xE2, 0xFD, 0xFE, 0xFE, 0xFB, 0xF5, 0xF5, 
    0xE0, 0x9B, 0x9B, 0xE8, 0xAF, 0xAF, 0xEB, 0xB7, 0xB8, 0xE2, 0x95, 0x95, 
    0xE7, 0xD6, 0xD6, 0xFB, 0xFC, 0xFC, 0xFE, 0xFE, 0xFE, 0xE5, 0xA4, 0xA4, 
    0xE6, 0xA9, 0xAA, 0xED, 0xBE, 0xBF, 0xE8, 0xAD, 0xAD, 0xE8, 0xDA, 0xDA, 
    0xF6, 0xF8, 0xF8, 0xFF, 0xFF, 0xFF, 0xEA, 0xB3, 0xB3, 0xE6, 0xA3, 0xA4, 
    0xEA, 0xB9, 0xB9, 0xE3, 0xA5, 0xA5, 0xE6, 0xC3, 0xC4, 0xF3, 0xF5, 0xF5, 
    0xFF, 0xFF, 0xFF, 0xF5, 0xE1, 0xE1, 0xE0, 0x98, 0x98, 0xEB, 0xB8, 0xB8, 
    0xEB, 0xB9, 0xB9, 0xEC, 0xBB, 0xBC, 0xEB, 0xE9, 0xE9, 0xFE, 0xFF, 0xFF, 
    0xFD, 0xF8, 0xF8, 0xE2, 0x9B, 0x9B, 0xE8, 0xB3, 0xB4, 0xEC, 0xBC, 0xBC, 
    0xEC, 0xB8, 0xB8, 0xE8, 0xDB, 0xDB, 0xF9, 0xFA, 0xFA, 0xFF, 0xFF, 0xFF, 
    0xE7, 0xAA, 0xAA, 0xE7, 0xAA, 0xAA, 0xEA, 0xB8, 0xB8, 0xE8, 0xB1, 0xB0, 
    0xED, 0xDF, 0xDF, 0xF4, 0xF4, 0xF4, 0xFE, 0xFE, 0xFE, 0xFE, 0xFE, 0xFE, 
    0xFE, 0xFE, 0xFE, 0xFE, 0xFE, 0xFE, 0xFE, 0xFE, 0xFE, 0xFE, 0xFE, 0xFE, 
    0xFE, 0xFE, 0xFE, 0xFE, 0xFE, 0xFE, 0xFE, 0xFE, 0xFE, 0xFE, 0xFE, 0xFE, 
    0xFE, 0xFE, 0xFE, 0xFE, 0xFE, 0xFE, 0xFE, 0xFE, 0xFE, 0xFE, 0xFE, 0xFE, 
    0xFE, 0xFE, 0xFE, 0xFD, 0xFA, 0xFA, 0xFD, 0xF8, 0xF8, 0xFB, 0xF3, 0xF3, 
    0xFC, 0xF5, 0xF5, 0xF2, 0xEF, 0xEF, 0xF1, 0xF1, 0xF1, 0xFF, 0xFF, 0xFF, 
    0xFD, 0xFC, 0xFC, 0xFC, 0xF9, 0xF9, 0xFA, 0xF2, 0xF2, 0xFB, 0xF2, 0xF2, 
    0xF4, 0xF1, 0xF1, 0xED, 0xEE, 0xEE, 0xFE, 0xFE, 0xFF, 0xFD, 0xFC, 0xFC, 
    0xFC, 0xF8, 0xF8, 0xFA, 0xF2, 0xF2, 0xFC, 0xF4, 0xF4, 0xF8, 0xF9, 0xF9, 
    0xEC, 0xEC, 0xEC, 0xFE, 0xFE, 0xFE, 0xFD, 0xFC, 0xFC, 0xFD, 0xF9, 0xF9, 
    0xFB, 0xF4, 0xF3, 0xFB, 0xF1, 0xF1, 0xF8, 0xF3, 0xF3, 0xE9, 0xEA, 0xEA, 
    0xFE, 0xFE, 0xFF, 0xFE, 0xFD, 0xFD, 0xFC, 0xF8, 0xF8, 0xFA, 0xF3, 0xF2, 
    0xFB, 0xF3, 0xF3, 0xFA, 0xF4, 0xF4, 0xEA, 0xEA, 0xEA, 0xFE, 0xFE, 0xFE, 
    0xFE, 0xFE, 0xFE, 0xFC, 0xF8, 0xF8, 0xFC, 0xF5, 0xF5, 0xFA, 0xF0, 0xEF, 
    0xFC, 0xFB, 0xFB, 0xE7, 0xE7, 0xE7, 0xFD, 0xFD, 0xFD, 0xFE, 0xFE, 0xFE, 
    0xFC, 0xF9, 0xF9, 0xFC, 0xF7, 0xF7, 0xFB, 0xF1, 0xF1, 0xFC, 0xF7, 0xF7, 
    0xE9, 0xE9, 0xE9, 0xFB, 0xFB, 0xFB, 0xFE, 0xFE, 0xFE, 0xFD, 0xF9, 0xF9, 
    0xFC, 0xF8, 0xF8, 0xFC, 0xF6, 0xF6, 0xFB, 0xF3, 0xF3, 0xEB, 0xE8, 0xE8, 
    0xF6, 0xF7, 0xF7, 0xFE, 0xFE, 0xFE, 0xFD, 0xFA, 0xFA, 0xFC, 0xF8, 0xF8, 
    0xFA, 0xF1, 0xF2, 0xFB, 0xF2, 0xF3, 0xF1, 0xF0, 0xF0, 0xF2, 0xF2, 0xF2, 
    0xFE, 0xFE, 0xFE, 0xFE, 0xFD, 0xFD, 0xFC, 0xF9, 0xF9, 0xFB, 0xF4, 0xF4, 
    0xFA, 0xEF, 0xF0, 0xFA, 0xF3, 0xF2, 0xE8, 0xE8, 0xE8, 0xFE, 0xFE, 0xFE, 
    0xFE, 0xFE, 0xFE, 0xFD, 0xF9, 0xF9, 0xFC, 0xF7, 0xF7, 0xFC, 0xF6, 0xF6, 
    0xFE, 0xFA, 0xFA, 0xE9, 0xE9, 0xE9, 0xFA, 0xFA, 0xFA, 0xFE, 0xFE, 0xFE, 
    0xFD, 0xFA, 0xFA, 0xFC, 0xF7, 0xF7, 0xFA, 0xF2, 0xF2, 0xFD, 0xFA, 0xFA, 
    0xF0, 0xF1, 0xF1, 0xF3, 0xF3, 0xF3, 0xFE, 0xFE, 0xFE, 0xFE, 0xFE, 0xFE, 
    0xFE, 0xFE, 0xFE, 0xFE, 0xFE, 0xFE, 0xFE, 0xFE, 0xFE, 0xFE, 0xFE, 0xFE, 
    0xFE, 0xFE, 0xFE, 0xFE, 0xFE, 0xFE, 0xFE, 0xFE, 0xFE, 0xFE, 0xFE, 0xFE, 
    0xFE, 0xFE, 0xFE, 0xFE, 0xFE, 0xFE, 0xFE, 0xFE, 0xFE, 0xFE, 0xFE, 0xFE, 
    0xFE, 0xFF, 0xFE, 0xF6, 0xE0, 0xE0, 0xF7, 0xE1, 0xE1, 0xFB, 0xED, 0xEE, 
    0xF7, 0xDF, 0xDF, 0xFB, 0xEB, 0xEB, 0xFF, 0xFF, 0xFF, 0xFE, 0xFE, 0xFE, 
    0xF7, 0xE6, 0xE6, 0xF4, 0xDB, 0xDB, 0xFA, 0xEF, 0xEF, 0xF3, 0xD4, 0xD4, 
    0xF9, 0xE5, 0xE6, 0xFF, 0xFF, 0xFF, 0xFE, 0xFE, 0xFE, 0xF8, 0xEA, 0xEA, 
    0xF3, 0xD9, 0xD9, 0xFC, 0xF1, 0xF1, 0xF5, 0xDB, 0xDC, 0xFA, 0xEB, 0xEB, 
    0xFF, 0xFF, 0xFF, 0xFE, 0xFE, 0xFE, 0xFA, 0xEF, 0xEF, 0xF4, 0xD5, 0xD5, 
    0xFB, 0xF1, 0xF1, 0xF6, 0xDB, 0xDB, 0xF7, 0xE2, 0xE2, 0xFF, 0xFF, 0xFF, 
    0xFE, 0xFE, 0xFE, 0xFB, 0xF1, 0xF1, 0xF4, 0xD4, 0xD4, 0xFB, 0xF1, 0xF2, 
    0xF5, 0xD9, 0xD9, 0xF6, 0xDB, 0xDB, 0xFF, 0xFF, 0xFF, 0xFE, 0xFE, 0xFE, 
    0xFC, 0xF7, 0xF7, 0xF3, 0xD3, 0xD3, 0xFB, 0xF2, 0xF2, 0xF6, 0xE1, 0xE1, 
    0xF4, 0xD9, 0xD9, 0xFF, 0xFF, 0xFF, 0xFF, 0xFF, 0xFF, 0xFD, 0xFB, 0xFB, 
    0xF2, 0xD2, 0xD2, 0xFA, 0xEF, 0xEF, 0xF7, 0xE4, 0xE4, 0xF6, 0xDD, 0xDD, 
    0xFF, 0xFB, 0xFB, 0xFF, 0xFF, 0xFF, 0xFE, 0xFE, 0xFE, 0xF4, 0xD9, 0xD9, 
    0xF8, 0xE9, 0xE9, 0xF7, 0xE4, 0xE5, 0xF6, 0xDE, 0xDE, 0xFF, 0xF6, 0xF7, 
    0xFF, 0xFF, 0xFF, 0xFE, 0xFE, 0xFE, 0xF5, 0xDD, 0xDE, 0xF6, 0xE1, 0xE1, 
    0xFA, 0xED, 0xED, 0xF2, 0xD3, 0xD3, 0xF8, 0xE6, 0xE6, 0xFF, 0xFF, 0xFF, 
    0xFE, 0xFE, 0xFE, 0xFB, 0xF3, 0xF3, 0xF2, 0xD3, 0xD3, 0xFA, 0xF0, 0xF0, 
    0xF6, 0xE3, 0xE3, 0xF6, 0xDA, 0xDA, 0xFF, 0xFF, 0xFF, 0xFE, 0xFE, 0xFE, 
    0xFE, 0xFC, 0xFD, 0xF2, 0xD4, 0xD4, 0xF9, 0xED, 0xED, 0xF6, 0xDF, 0xDF, 
    0xF2, 0xD1, 0xD1, 0xFF, 0xF7, 0xF7, 0xFF, 0xFF, 0xFF, 0xFE, 0xFE, 0xFE, 
    0xF4, 0xDA, 0xDA, 0xF8, 0xE8, 0xE8, 0xF7, 0xE6, 0xE6, 0xF4, 0xDD, 0xDD, 
    0xFD, 0xF4, 0xF4, 0xFF, 0xFF, 0xFF, 0xFE, 0xFE, 0xFE, 0xFE, 0xFE, 0xFE, 
    0xFE, 0xFE, 0xFE, 0xFE, 0xFE, 0xFE, 0xFE, 0xFE, 0xFE, 0xFE, 0xFE, 0xFE, 
    0xFE, 0xFE, 0xFE, 0xFE, 0xFE, 0xFE, 0xFE, 0xFE, 0xFE, 0xFE, 0xFE, 0xFE, 
    0xFE, 0xFE, 0xFE, 0xFE, 0xFE, 0xFE, 0xFE, 0xFE, 0xFE, 0xFE, 0xFE, 0xFE, 
    0xFF, 0xFF, 0xFF, 0xEC, 0xBA, 0xBA, 0xE7, 0xA5, 0xA5, 0xEC, 0xBE, 0xBF, 
    0xE6, 0xAB, 0xAC, 0xE5, 0xC1, 0xC1, 0xF1, 0xF1, 0xF1, 0xFF, 0xFF, 0xFF, 
    0xEE, 0xC7, 0xC7, 0xE6, 0xA2, 0xA3, 0xED, 0xC0, 0xC0, 0xE9, 0xAF, 0xB0, 
    0xE9, 0xC4, 0xC4, 0xEB, 0xED, 0xED, 0xFF, 0xFF, 0xFF, 0xEF, 0xCD, 0xCD, 
    0xE3, 0xA0, 0xA0, 0xEB, 0xBB, 0xBB, 0xE9, 0xB8, 0xB8, 0xEC, 0xC8, 0xC8, 
    0xED, 0xEE, 0xEE, 0xFF, 0xFF, 0xFF, 0xF3, 0xD9, 0xD9, 0xE3, 0x9D, 0x9E, 
    0xEB, 0xB9, 0xBA, 0xE7, 0xAC, 0xAC, 0xE7, 0xB2, 0xB2, 0xE9, 0xE9, 0xE9, 
    0xFF, 0xFF, 0xFF, 0xF4, 0xDE, 0xDE, 0xE4, 0x9F, 0x9F, 0xED, 0xB8, 0xB8, 
    0xEB, 0xB9, 0xBA, 0xF0, 0xD4, 0xD3, 0xEA, 0xEA, 0xEA, 0xFF, 0xFF, 0xFF, 
    0xF8, 0xEB, 0xEC, 0xE4, 0x9F, 0xA0, 0xEA, 0xB6, 0xB6, 0xEB, 0xBD, 0xBD, 
    0xED, 0xBD, 0xBD, 0xE5, 0xDF, 0xDF, 0xFD, 0xFD, 0xFE, 0xFC, 0xF6, 0xF6, 
    0xE3, 0xA0, 0xA0, 0xE7, 0xB0, 0xB0, 0xEB, 0xBC, 0xBC, 0xED, 0xBC, 0xBC, 
    0xE5, 0xD8, 0xD9, 0xFA, 0xFB, 0xFB, 0xFE, 0xFE, 0xFE, 0xE6, 0xAA, 0xAA, 
    0xE7, 0xAC, 0xAD, 0xEE, 0xC0, 0xC0, 0xE5, 0xA1, 0xA2, 0xE4, 0xD0, 0xD0, 
    0xF6, 0xF6, 0xF6, 0xFF, 0xFF, 0xFF, 0xEA, 0xB6, 0xB6, 0xE6, 0xA7, 0xA7, 
    0xEC, 0xC0, 0xC0, 0xE4, 0xA0, 0xA1, 0xE1, 0xBB, 0xBB, 0xF0, 0xF1, 0xF1, 
    0xFF, 0xFF, 0xFF, 0xF6, 0xE2, 0xE2, 0xE2, 0x9C, 0x9D, 0xEA, 0xB7, 0xB8, 
    0xE9, 0xB6, 0xB6, 0xF1, 0xCA, 0xCA, 0xE8, 0xE9, 0xE9, 0xFE, 0xFE, 0xFE, 
    0xFC, 0xF8, 0xF8, 0xE4, 0xA3, 0xA4, 0xE9, 0xB3, 0xB3, 0xEB, 0xBA, 0xB9, 
    0xE1, 0x97, 0x97, 0xE3, 0xD4, 0xD4, 0xF9, 0xFA, 0xFA, 0xFF, 0xFF, 0xFF, 
    0xE8, 0xAF, 0xAE, 0xE8, 0xAD, 0xAE, 0xEA, 0xB7, 0xB7, 0xE9, 0xB4, 0xB4, 
    0xED, 0xE1, 0xE1, 0xF2, 0xF3, 0xF4, 0xFE, 0xFE, 0xFE, 0xFE, 0xFE, 0xFE, 
    0xFE, 0xFE, 0xFE, 0xFE, 0xFE, 0xFE, 0xFE, 0xFE, 0xFE, 0xFE, 0xFE, 0xFE, 
    0xFE, 0xFE, 0xFE, 0xFE, 0xFE, 0xFE, 0xFE, 0xFE, 0xFE, 0xFE, 0xFE, 0xFE, 
    0xFE, 0xFE, 0xFE, 0xFE, 0xFE, 0xFE, 0xFE, 0xFE, 0xFE, 0xFE, 0xFE, 0xFE, 
    0xFE, 0xFE, 0xFE, 0xFE, 0xFE, 0xFE, 0xFE, 0xFE, 0xFE, 0xFC, 0xF8, 0xF8, 
    0xFD, 0xFB, 0xFB, 0xF5, 0xF6, 0xF6, 0xF3, 0xF4, 0xF4, 0xFE, 0xFE, 0xFE, 
    0xFF, 0xFF, 0xFF, 0xFE, 0xFE, 0xFE, 0xFC, 0xF9, 0xF9, 0xFE, 0xFC, 0xFC, 
    0xF7, 0xF7, 0xF7, 0xF0, 0xF0, 0xF0, 0xFE, 0xFE, 0xFE, 0xFE, 0xFE, 0xFE, 
    0xFD, 0xFD, 0xFD, 0xFC, 0xF8, 0xF8, 0xFD, 0xF7, 0xF7, 0xF7, 0xF4, 0xF4, 
    0xF0, 0xF0, 0xF0, 0xFE, 0xFE, 0xFE, 0xFE, 0xFE, 0xFE, 0xFE, 0xFD, 0xFD, 
    0xFD, 0xFB, 0xFB, 0xFC, 0xF9, 0xF9, 0xFA, 0xF8, 0xF8, 0xEE, 0xEE, 0xEE, 
    0xFE, 0xFE, 0xFE, 0xFE, 0xFF, 0xFF, 0xFE, 0xFE, 0xFE, 0xFD, 0xF9, 0xF9, 
    0xFE, 0xFD, 0xFD, 0xFC, 0xFD, 0xFD, 0xEE, 0xEE, 0xEE, 0xFE, 0xFE, 0xFE, 
    0xFE, 0xFF, 0xFF, 0xFE, 0xFE, 0xFE, 0xFD, 0xFB, 0xFB, 0xFC, 0xF8, 0xF8, 
    0xFC, 0xFA, 0xFB, 0xEB, 0xEB, 0xEC, 0xFD, 0xFD, 0xFD, 0xFE, 0xFE, 0xFF, 
    0xFE, 0xFF, 0xFF, 0xFD, 0xFC, 0xFC, 0xFC, 0xF7, 0xF7, 0xFD, 0xF9, 0xF9, 
    0xEC, 0xEC, 0xEC, 0xFB, 0xFB, 0xFC, 0xFE, 0xFE, 0xFE, 0xFE, 0xFD, 0xFD, 
    0xFE, 0xFE, 0xFE, 0xFD, 0xFA, 0xFA, 0xFF, 0xFF, 0xFF, 0xF0, 0xF0, 0xF0, 
    0xF8, 0xF8, 0xF8, 0xFE, 0xFE, 0xFE, 0xFE, 0xFF, 0xFF, 0xFE, 0xFE, 0xFE, 
    0xFC, 0xF8, 0xF8, 0xFE, 0xFD, 0xFD, 0xF2, 0xF2, 0xF2, 0xF3, 0xF3, 0xF3, 
    0xFE, 0xFE, 0xFF, 0xFE, 0xFF, 0xFF, 0xFE, 0xFE, 0xFE, 0xFD, 0xFB, 0xFB, 
    0xFD, 0xF7, 0xF7, 0xFE, 0xFF, 0xFF, 0xED, 0xED, 0xED, 0xFE, 0xFE, 0xFE, 
    0xFE, 0xFE, 0xFE, 0xFE, 0xFE, 0xFE, 0xFE, 0xFD, 0xFD, 0xFE, 0xFB, 0xFB, 
    0xFE, 0xFD, 0xFD, 0xED, 0xED, 0xED, 0xFA, 0xFA, 0xFB, 0xFE, 0xFE, 0xFE, 
    0xFE, 0xFE, 0xFE, 0xFD, 0xFC, 0xFC, 0xFD, 0xFA, 0xFA, 0xFE, 0xFC, 0xFC, 
    0xF2, 0xF0, 0xEF, 0xF6, 0xF6, 0xF6, 0xFE, 0xFE, 0xFE, 0xFE, 0xFE, 0xFE, 
    0xFE, 0xFE, 0xFE, 0xFE, 0xFE, 0xFE, 0xFE, 0xFE, 0xFE, 0xFE, 0xFE, 0xFE, 
    0xFE, 0xFE, 0xFE, 0xFE, 0xFE, 0xFE, 0xFE, 0xFE, 0xFE, 0xFE, 0xFE, 0xFE, 
    0xFE, 0xFE, 0xFE, 0xFE, 0xFE, 0xFE, 0xFE, 0xFE, 0xFE, 0xFE, 0xFE, 0xFE, 
    0xFF, 0xFF, 0xFF, 0xF4, 0xDC, 0xDB, 0xF4, 0xDC, 0xDB, 0xF7, 0xE6, 0xE6, 
    0xF4, 0xDF, 0xDF, 0xF9, 0xEA, 0xEA, 0xFF, 0xFF, 0xFF, 0xFE, 0xFE, 0xFE, 
    0xF6, 0xE4, 0xE4, 0xF2, 0xD5, 0xD4, 0xF9, 0xEC, 0xEC, 0xF1, 0xCE, 0xCD, 
    0xF6, 0xDA, 0xDA, 0xFF, 0xFF, 0xFF, 0xFE, 0xFE, 0xFE, 0xF7, 0xE7, 0xE6, 
    0xF2, 0xD5, 0xD5, 0xF8, 0xE9, 0xE8, 0xF5, 0xDF, 0xDF, 0xF6, 0xDD, 0xDD, 
    0xFF, 0xFF, 0xFF, 0xFF, 0xFF, 0xFF, 0xF9, 0xED, 0xED, 0xF1, 0xD1, 0xD1, 
    0xF8, 0xE8, 0xE8, 0xF3, 0xD8, 0xD7, 0xF7, 0xDE, 0xDE, 0xFF, 0xFF, 0xFF, 
    0xFE, 0xFE, 0xFF, 0xFA, 0xF0, 0xF0, 0xF0, 0xCE, 0xCE, 0xFA, 0xEF, 0xEF, 
    0xF3, 0xD6, 0xD6, 0xF5, 0xDB, 0xDB, 0xFF, 0xFF, 0xFF, 0xFE, 0xFE, 0xFE, 
    0xFC, 0xF7, 0xF7, 0xF1, 0xCF, 0xCF, 0xF9, 0xEB, 0xEB, 0xF3, 0xDD, 0xDD, 
    0xF6, 0xE1, 0xE0, 0xFF, 0xFF, 0xFF, 0xFE, 0xFF, 0xFF, 0xFD, 0xFB, 0xFB, 
    0xF0, 0xCD, 0xCD, 0xF9, 0xEB, 0xEA, 0xF6, 0xE1, 0xE1, 0xF6, 0xDF, 0xE0, 
    0xFF, 0xF9, 0xFA, 0xFF, 0xFF, 0xFF, 0xFE, 0xFE, 0xFE, 0xF2, 0xD4, 0xD4, 
    0xF6, 0xE3, 0xE3, 0xF6, 0xE3, 0xE3, 0xF3, 0xD6, 0xD6, 0xFD, 0xF3, 0xF4, 
    0xFF, 0xFF, 0xFF, 0xFE, 0xFE, 0xFE, 0xF4, 0xD9, 0xD9, 0xF5, 0xDD, 0xDD, 
    0xF5, 0xDC, 0xDC, 0xF1, 0xC7, 0xC7, 0xFB, 0xEB, 0xEB, 0xFF, 0xFF, 0xFF, 
    0xFE, 0xFE, 0xFE, 0xFA, 0xF1, 0xF1, 0xF1, 0xD0, 0xD0, 0xF9, 0xEC, 0xEC, 
    0xF4, 0xDE, 0xDE, 0xF7, 0xE3, 0xE3, 0xFF, 0xFF, 0xFF, 0xFE, 0xFF, 0xFF, 
    0xFE, 0xFC, 0xFC, 0xF1, 0xCE, 0xCE, 0xF8, 0xE8, 0xE8, 0xF5, 0xDF, 0xDF, 
    0xF4, 0xDB, 0xDB, 0xFF, 0xF8, 0xF9, 0xFF, 0xFF, 0xFF, 0xFE, 0xFE, 0xFE, 
    0xF3, 0xD7, 0xD6, 0xF7, 0xE3, 0xE3, 0xF4, 0xD9, 0xD9, 0xF0, 0xC8, 0xC8, 
    0xFC, 0xF0, 0xF0, 0xFF, 0xFF, 0xFF, 0xFE, 0xFE, 0xFE, 0xFE, 0xFE, 0xFE, 
    0xFE, 0xFE, 0xFE, 0xFE, 0xFE, 0xFE, 0xFE, 0xFE, 0xFE, 0xFE, 0xFE, 0xFE, 
    0xFE, 0xFE, 0xFE, 0xFE, 0xFE, 0xFE, 0xFE, 0xFE, 0xFE, 0xFE, 0xFE, 0xFE, 
    0xFE, 0xFE, 0xFE, 0xFE, 0xFE, 0xFE, 0xFE, 0xFE, 0xFE, 0xFE, 0xFE, 0xFE, 
    0xFF, 0xFF, 0xFF, 0xEC, 0xBC, 0xBC, 0xE6, 0xA8, 0xA8, 0xEB, 0xBD, 0xBD, 
    0xE8, 0xAE, 0xAD, 0xE5, 0xBF, 0xBE, 0xEF, 0xEF, 0xEF, 0xFF, 0xFF, 0xFF, 
    0xEF, 0xCA, 0xC9, 0xE5, 0xA3, 0xA3, 0xEC, 0xBE, 0xBE, 0xE7, 0xA7, 0xA6, 
    0xE4, 0xB2, 0xB1, 0xEB, 0xEC, 0xEC, 0xFF, 0xFF, 0xFF, 0xF0, 0xD0, 0xD0, 
    0xE4, 0xA4, 0xA4, 0xE9, 0xB7, 0xB7, 0xEF, 0xC6, 0xC5, 0xF0, 0xD9, 0xD9, 
    0xEB, 0xEB, 0xEB, 0xFF, 0xFF, 0xFF, 0xF3, 0xDB, 0xDB, 0xE4, 0xA0, 0xA0, 
    0xEA, 0xB7, 0xB7, 0xEB, 0xB9, 0xB8, 0xED, 0xC3, 0xC3, 0xE8, 0xE8, 0xE8, 
    0xFF, 0xFF, 0xFF, 0xF4, 0xDF, 0xDF, 0xE5, 0xA3, 0xA3, 0xEA, 0xB8, 0xB8, 
    0xE8, 0xB1, 0xB0, 0xE9, 0xB1, 0xB1, 0xE7, 0xE6, 0xE6, 0xFF, 0xFF, 0xFF, 
    0xF9, 0xED, 0xED, 0xE3, 0xA3, 0xA3, 0xE9, 0xB4, 0xB4, 0xEB, 0xBC, 0xBC, 
    0xEE, 0xC1, 0xC0, 0xE5, 0xE1, 0xE1, 0xFD, 0xFE, 0xFE, 0xFC, 0xF6, 0xF6, 
    0xE4, 0xA4, 0xA4, 0xEA, 0xB4, 0xB4, 0xEB, 0xB8, 0xB9, 0xEE, 0xBD, 0xBD, 
    0xE5, 0xDB, 0xDB, 0xFA, 0xFB, 0xFB, 0xFE, 0xFE, 0xFE, 0xE6, 0xAC, 0xAC, 
    0xE7, 0xAD, 0xAD, 0xED, 0xBD, 0xBD, 0xEE, 0xBE, 0xBE, 0xE4, 0xD2, 0xD2, 
    0xF6, 0xF6, 0xF6, 0xFF, 0xFF, 0xFF, 0xEA, 0xB7, 0xB7, 0xE7, 0xAB, 0xAB, 
    0xE6, 0xA7, 0xA6, 0xE7, 0xA4, 0xA3, 0xEC, 0xE0, 0xE0, 0xEF, 0xF0, 0xF0, 
    0xFF, 0xFF, 0xFF, 0xF6, 0xE4, 0xE4, 0xE3, 0xA0, 0x9F, 0xEB, 0xB6, 0xB7, 
    0xED, 0xC0, 0xC0, 0xEE, 0xC0, 0xC0, 0xE6, 0xE5, 0xE5, 0xFE, 0xFE, 0xFF, 
    0xFC, 0xF9, 0xF8, 0xE6, 0xA6, 0xA6, 0xE8, 0xB2, 0xB3, 0xEB, 0xBC, 0xBC, 
    0xEF, 0xBF, 0xBF, 0xE6, 0xDC, 0xDC, 0xF9, 0xF9, 0xF9, 0xFF, 0xFF, 0xFF, 
    0xE9, 0xB5, 0xB4, 0xE9, 0xB1, 0xB1, 0xE5, 0xA4, 0xA4, 0xE4, 0x9F, 0x9F, 
    0xEA, 0xD8, 0xD8, 0xF2, 0xF3, 0xF3, 0xFE, 0xFE, 0xFE, 0xFE, 0xFE, 0xFE, 
    0xFE, 0xFE, 0xFE, 0xFE, 0xFE, 0xFE, 0xFE, 0xFE, 0xFE, 0xFE, 0xFE, 0xFE, 
    0xFE, 0xFE, 0xFE, 0xFE, 0xFE, 0xFE, 0xFE, 0xFE, 0xFE, 0xFE, 0xFE, 0xFE, 
    0xFE, 0xFE, 0xFE, 0xFE, 0xFE, 0xFE, 0xFE, 0xFE, 0xFE, 0xFE, 0xFE, 0xFE, 
    0xFE, 0xFE, 0xFE, 0xFF, 0xFF, 0xFF, 0xFF, 0xFF, 0xFF, 0xFD, 0xFB, 0xFB, 
    0xFE, 0xFC, 0xFB, 0xF7, 0xF7, 0xF7, 0xF5, 0xF5, 0xF5, 0xFE, 0xFE, 0xFE, 
    0xFE, 0xFF, 0xFF, 0xFF, 0xFF, 0xFF, 0xFD, 0xFC, 0xFC, 0xFE, 0xFA, 0xFB, 
    0xF8, 0xF7, 0xF8, 0xF2, 0xF3, 0xF2, 0xFF, 0xFE, 0xFE, 0xFF, 0xFF, 0xFF, 
    0xFE, 0xFF, 0xFF, 0xFD, 0xFC, 0xFC, 0xFD, 0xFB, 0xFB, 0xFA, 0xFB, 0xFB, 
    0xF2, 0xF2, 0xF2, 0xFE, 0xFE, 0xFE, 0xFE, 0xFF, 0xFF, 0xFF, 0xFF, 0xFF, 
    0xFE, 0xFD, 0xFD, 0xFD, 0xFA, 0xF9, 0xFB, 0xFB, 0xFB, 0xF1, 0xF1, 0xF1, 
    0xFE, 0xFE, 0xFE, 0xFE, 0xFF, 0xFF, 0xFF, 0xFF, 0xFF, 0xFD, 0xFB, 0xFB, 
    0xFD, 0xFB, 0xFB, 0xFD, 0xFE, 0xFE, 0xF0, 0xF0, 0xF0, 0xFE, 0xFE, 0xFE, 
    0xFE, 0xFF, 0xFF, 0xFE, 0xFF, 0xFF, 0xFE, 0xFC, 0xFC, 0xFE, 0xFB, 0xFB, 
    0xFC, 0xF9, 0xF9, 0xEE, 0xEE, 0xEE, 0xFD, 0xFD, 0xFD, 0xFE, 0xFF, 0xFF, 
    0xFF, 0xFF, 0xFF, 0xFE, 0xFE, 0xFE, 0xFD, 0xF9, 0xF9, 0xFD, 0xFA, 0xFA, 
    0xEE, 0xED, 0xED, 0xFC, 0xFC, 0xFC, 0xFE, 0xFE, 0xFE, 0xFE, 0xFF, 0xFF, 
    0xFF, 0xFF, 0xFF, 0xFD, 0xF9, 0xF9, 0xFE, 0xFC, 0xFC, 0xF2, 0xF3, 0xF3, 
    0xF9, 0xF9, 0xF9, 0xFE, 0xFE, 0xFE, 0xFE, 0xFF, 0xFF, 0xFF, 0xFF, 0xFF, 
    0xFE, 0xFE, 0xFE, 0xFF, 0xFF, 0xFF, 0xF6, 0xF8, 0xF8, 0xF6, 0xF6, 0xF6, 
    0xFE, 0xFE, 0xFE, 0xFF, 0xFF, 0xFF, 0xFE, 0xFF, 0xFF, 0xFE, 0xFD, 0xFD, 
    0xFD, 0xF9, 0xF9, 0xFC, 0xF9, 0xF9, 0xF0, 0xEF, 0xEF, 0xFE, 0xFE, 0xFE, 
    0xFE, 0xFE, 0xFF, 0xFE, 0xFF, 0xFF, 0xFF, 0xFF, 0xFF, 0xFD, 0xFA, 0xFA, 
    0xFD, 0xF8, 0xF8, 0xF1, 0xF0, 0xF0, 0xFB, 0xFB, 0xFB, 0xFE, 0xFE, 0xFE, 
    0xFF, 0xFF, 0xFF, 0xFE, 0xFF, 0xFF, 0xFD, 0xFC, 0xFD, 0xFF, 0xFF, 0xFF, 
    0xF4, 0xF3, 0xF3, 0xF7, 0xF7, 0xF7, 0xFE, 0xFE, 0xFE, 0xFE, 0xFE, 0xFE, 
    0xFE, 0xFE, 0xFE, 0xFE, 0xFE, 0xFE, 0xFE, 0xFE, 0xFE, 0xFE, 0xFE, 0xFE, 
    0xFE, 0xFE, 0xFE, 0xFE, 0xFE, 0xFE, 0xFE, 0xFE, 0xFE, 0xFE, 0xFE, 0xFE, 
    0xFE, 0xFE, 0xFE, 0xFE, 0xFE, 0xFE, 0xFE, 0xFE, 0xFE, 0xFE, 0xFE, 0xFE, 
    0xFE, 0xFE, 0xFE, 0xF6, 0xDC, 0xDC, 0xF5, 0xDB, 0xDC, 0xF7, 0xE7, 0xE7, 
    0xF5, 0xE0, 0xE0, 0xF9, 0xE7, 0xE7, 0xFF, 0xFF, 0xFF, 0xFE, 0xFE, 0xFE, 
    0xF7, 0xE5, 0xE5, 0xF4, 0xD5, 0xD6, 0xF7, 0xE7, 0xE8, 0xF2, 0xD2, 0xD2, 
    0xF9, 0xE6, 0xE6, 0xFF, 0xFF, 0xFF, 0xFE, 0xFE, 0xFE, 0xF7, 0xE6, 0xE6, 
    0xF3, 0xD6, 0xD6, 0xF8, 0xE6, 0xE7, 0xF3, 0xDA, 0xDA, 0xF9, 0xEB, 0xEB, 
    0xFF, 0xFF, 0xFF, 0xFE, 0xFF, 0xFF, 0xFA, 0xEC, 0xEC, 0xF2, 0xCF, 0xCF, 
    0xF8, 0xE8, 0xE8, 0xF4, 0xDB, 0xDB, 0xF4, 0xD7, 0xD8, 0xFF, 0xFF, 0xFF, 
    0xFF, 0xFF, 0xFF, 0xFA, 0xEF, 0xEF, 0xF1, 0xCE, 0xCE, 0xFA, 0xEE, 0xEE, 
    0xF3, 0xD7, 0xD7, 0xF3, 0xD3, 0xD4, 0xFF, 0xFF, 0xFF, 0xFE, 0xFE, 0xFE, 
    0xFC, 0xF6, 0xF6, 0xF1, 0xCD, 0xCC, 0xF9, 0xEC, 0xEC, 0xF4, 0xDC, 0xDC, 
    0xF3, 0xD6, 0xD7, 0xFF, 0xFF, 0xFF, 0xFE, 0xFF, 0xFF, 0xFD, 0xFB, 0xFB, 
    0xEF, 0xCB, 0xCC, 0xF8, 0xE9, 0xE9, 0xF6, 0xE2, 0xE2, 0xF2, 0xD3, 0xD3, 
    0xFF, 0xFB, 0xFB, 0xFF, 0xFF, 0xFF, 0xFE, 0xFE, 0xFE, 0xF1, 0xD1, 0xD2, 
    0xF6, 0xE3, 0xE3, 0xF6, 0xE2, 0xE3, 0xEF, 0xCA, 0xCA, 0xFC, 0xEF, 0xEF, 
    0xFF, 0xFF, 0xFF, 0xFE, 0xFF, 0xFF, 0xF5, 0xDA, 0xDA, 0xF5, 0xDB, 0xDC, 
    0xF6, 0xE1, 0xE2, 0xF3, 0xDA, 0xDB, 0xFA, 0xEF, 0xEF, 0xFF, 0xFF, 0xFF, 
    0xFE, 0xFE, 0xFE, 0xFB, 0xF1, 0xF1, 0xF1, 0xD0, 0xD1, 0xFB, 0xEF, 0xF0, 
    0xF2, 0xD7, 0xD7, 0xF4, 0xD8, 0xD8, 0xFF, 0xFF, 0xFF, 0xFE, 0xFF, 0xFF, 
    0xFD, 0xFC, 0xFC, 0xF2, 0xD0, 0xD0, 0xF7, 0xE7, 0xE7, 0xF5, 0xDD, 0xDD, 
    0xF2, 0xD5, 0xD6, 0xFE, 0xF5, 0xF6, 0xFF, 0xFF, 0xFF, 0xFE, 0xFE, 0xFF, 
    0xF3, 0xD4, 0xD4, 0xF5, 0xDF, 0xDF, 0xF8, 0xE8, 0xE8, 0xF4, 0xD9, 0xD9, 
    0xFB, 0xEC, 0xED, 0xFF, 0xFF, 0xFF, 0xFE, 0xFE, 0xFE, 0xFE, 0xFE, 0xFE, 
    0xFE, 0xFE, 0xFE, 0xFE, 0xFE, 0xFE, 0xFE, 0xFE, 0xFE, 0xFE, 0xFE, 0xFE, 
    0xFE, 0xFE, 0xFE, 0xFE, 0xFE, 0xFE, 0xFE, 0xFE, 0xFE, 0xFE, 0xFE, 0xFE, 
    0xFE, 0xFE, 0xFE, 0xFE, 0xFE, 0xFE, 0xFE, 0xFE, 0xFE, 0xFE, 0xFE, 0xFE, 
    0xFF, 0xFF, 0xFF, 0xEC, 0xBD, 0xBC, 0xE7, 0xA8, 0xA8, 0xEB, 0xBB, 0xBC, 
    0xE8, 0xB0, 0xB0, 0xE4, 0xC1, 0xC1, 0xEE, 0xEF, 0xEF, 0xFF, 0xFF, 0xFF, 
    0xEF, 0xCB, 0xCA, 0xE5, 0xA1, 0xA1, 0xEB, 0xBC, 0xBC, 0xEC, 0xBC, 0xBB, 
    0xEA, 0xC5, 0xC4, 0xEA, 0xEC, 0xEC, 0xFF, 0xFF, 0xFF, 0xF0, 0xD0, 0xD0, 
    0xE4, 0xA1, 0xA2, 0xEA, 0xB6, 0xB6, 0xED, 0xC0, 0xC0, 0xEC, 0xCA, 0xCA, 
    0xEB, 0xEC, 0xEC, 0xFF, 0xFF, 0xFF, 0xF3, 0xDA, 0xDA, 0xE5, 0xA0, 0xA1, 
    0xEB, 0xBB, 0xBB, 0xE8, 0xB1, 0xB1, 0xE6, 0xAD, 0xAD, 0xE8, 0xE8, 0xE8, 
    0xFF, 0xFF, 0xFF, 0xF5, 0xDF, 0xDF, 0xE5, 0x9E, 0x9F, 0xEC, 0xBA, 0xBA, 
    0xEB, 0xBB, 0xBB, 0xE9, 0xB2, 0xB3, 0xE7, 0xE5, 0xE5, 0xFF, 0xFF, 0xFF, 
    0xFA, 0xEE, 0xED, 0xE5, 0xA3, 0xA3, 0xEA, 0xB7, 0xB8, 0xE8, 0xBA, 0xBA, 
    0xEE, 0xC1, 0xC1, 0xE3, 0xDF, 0xDF, 0xFC, 0xFD, 0xFD, 0xFC, 0xF7, 0xF7, 
    0xE4, 0xA6, 0xA6, 0xE9, 0xB3, 0xB3, 0xEB, 0xB8, 0xB8, 0xF0, 0xC5, 0xC4, 
    0xE5, 0xE3, 0xE3, 0xF9, 0xFA, 0xFA, 0xFE, 0xFE, 0xFE, 0xE7, 0xAC, 0xAC, 
    0xE8, 0xAF, 0xB0, 0xED, 0xC1, 0xC1, 0xE3, 0x9C, 0x9C, 0xE2, 0xCB, 0xCA, 
    0xF5, 0xF6, 0xF6, 0xFF, 0xFF, 0xFF, 0xED, 0xBA, 0xB9, 0xE6, 0xA8, 0xA8, 
    0xEC, 0xBD, 0xBD, 0xEA, 0xB3, 0xB3, 0xEC, 0xDD, 0xDD, 0xEF, 0xF1, 0xF1, 
    0xFF, 0xFF, 0xFF, 0xF7, 0xE5, 0xE5, 0xE4, 0xA2, 0xA2, 0xEB, 0xB7, 0xB8, 
    0xEA, 0xB6, 0xB7, 0xEA, 0xB2, 0xB3, 0xE5, 0xE2, 0xE3, 0xFE, 0xFE, 0xFE, 
    0xFC, 0xF9, 0xF9, 0xE6, 0xA7, 0xA7, 0xE8, 0xB3, 0xB4, 0xEC, 0xBE, 0xBF, 
    0xF2, 0xCC, 0xCC, 0xE6, 0xE1, 0xE1, 0xF8, 0xF9, 0xF9, 0xFF, 0xFF, 0xFF, 
    0xE8, 0xB1, 0xB1, 0xE7, 0xAC, 0xAC, 0xED, 0xC1, 0xC0, 0xEE, 0xBF, 0xBF, 
    0xE6, 0xCC, 0xCC, 0xF2, 0xF3, 0xF3, 0xFE, 0xFE, 0xFE, 0xFE, 0xFE, 0xFE, 
    0xFE, 0xFE, 0xFE, 0xFE, 0xFE, 0xFE, 0xFE, 0xFE, 0xFE, 0xFE, 0xFE, 0xFE, 
    0xFE, 0xFE, 0xFE, 0xFE, 0xFE, 0xFE, 0xFE, 0xFE, 0xFE, 0xFE, 0xFE, 0xFE, 
    0xFE, 0xFE, 0xFE, 0xFE, 0xFE, 0xFE, 0xFE, 0xFE, 0xFE, 0xFE, 0xFE, 0xFE, 
    0xFE, 0xFE, 0xFE, 0xFF, 0xFF, 0xFF, 0xFF, 0xFF, 0xFF, 0xFC, 0xF9, 0xF9, 
    0xFF, 0xFF, 0xFF, 0xF7, 0xF9, 0xF9, 0xF5, 0xF5, 0xF5, 0xFE, 0xFE, 0xFE, 
    0xFE, 0xFF, 0xFF, 0xFE, 0xFF, 0xFF, 0xFE, 0xFD, 0xFD, 0xFE, 0xFD, 0xFC, 
    0xF8, 0xF8, 0xF8, 0xF2, 0xF2, 0xF2, 0xFE, 0xFE, 0xFE, 0xFE, 0xFF, 0xFF, 
    0xFD, 0xFE, 0xFE, 0xFE, 0xFD, 0xFD, 0xFE, 0xFC, 0xFC, 0xF8, 0xF7, 0xF7, 
    0xF1, 0xF1, 0xF2, 0xFE, 0xFE, 0xFE, 0xFE, 0xFF, 0xFF, 0xFE, 0xFF, 0xFF, 
    0xFE, 0xFE, 0xFE, 0xFD, 0xFB, 0xFB, 0xFB, 0xFA, 0xFA, 0xF1, 0xF1, 0xF1, 
    0xFE, 0xFE, 0xFE, 0xFE, 0xFF, 0xFF, 0xFE, 0xFF, 0xFF, 0xFE, 0xFE, 0xFE, 
    0xFD, 0xFC, 0xFC, 0xFC, 0xFD, 0xFD, 0xF0, 0xF0, 0xF0, 0xFE, 0xFE, 0xFE, 
    0xFE, 0xFF, 0xFF, 0xFF, 0xFF, 0xFF, 0xFD, 0xFD, 0xFD, 0xFD, 0xFB, 0xFB, 
    0xFE, 0xFF, 0xFF, 0xEE, 0xEE, 0xEE, 0xFD, 0xFD, 0xFD, 0xFE, 0xFE, 0xFF, 
    0xFF, 0xFF, 0xFF, 0xFE, 0xFF, 0xFF, 0xFD, 0xFB, 0xFB, 0xFF, 0xFF, 0xFF, 
    0xF1, 0xF1, 0xF2, 0xFC, 0xFC, 0xFC, 0xFE, 0xFE, 0xFE, 0xFF, 0xFF, 0xFF, 
    0xFE, 0xFF, 0xFF, 0xFD, 0xFB, 0xFC, 0xFF, 0xFF, 0xFF, 0xF2, 0xF3, 0xF3, 
    0xF9, 0xF9, 0xF9, 0xFE, 0xFE, 0xFE, 0xFE, 0xFF, 0xFF, 0xFF, 0xFF, 0xFF, 
    0xFD, 0xFC, 0xFC, 0xFE, 0xFD, 0xFD, 0xF5, 0xF4, 0xF4, 0xF6, 0xF6, 0xF7, 
    0xFE, 0xFE, 0xFE, 0xFF, 0xFF, 0xFF, 0xFE, 0xFF, 0xFF, 0xFE, 0xFD, 0xFD, 
    0xFE, 0xFD, 0xFD, 0xFE, 0xFF, 0xFF, 0xEF, 0xEF, 0xEF, 0xFE, 0xFD, 0xFD, 
    0xFE, 0xFE, 0xFF, 0xFE, 0xFF, 0xFF, 0xFF, 0xFF, 0xFF, 0xFE, 0xFE, 0xFE, 
    0xFF, 0xFF, 0xFF, 0xF1, 0xF2, 0xF2, 0xFB, 0xFB, 0xFB, 0xFE, 0xFE, 0xFE, 
    0xFF, 0xFF, 0xFF, 0xFE, 0xFF, 0xFF, 0xFD, 0xFB, 0xFB, 0xFE, 0xFD, 0xFD, 
    0xF5, 0xF5, 0xF5, 0xF7, 0xF7, 0xF7, 0xFE, 0xFE, 0xFE, 0xFE, 0xFE, 0xFE, 
    0xFE, 0xFE, 0xFE, 0xFE, 0xFE, 0xFE, 0xFE, 0xFE, 0xFE, 0xFE, 0xFE, 0xFE, 
    0xFE, 0xFE, 0xFE, 0xFE, 0xFE, 0xFE, 0xFE, 0xFE, 0xFE, 0xFE, 0xFE, 0xFE, 
    0xFE, 0xFE, 0xFE, 0xFE, 0xFE, 0xFE, 0xFE, 0xFE, 0xFE, 0xFE, 0xFE, 0xFE, 
    0xFF, 0xFF, 0xFF, 0xF3, 0xD5, 0xD5, 0xF3, 0xD5, 0xD5, 0xF8, 0xE8, 0xE9, 
    0xEF, 0xC7, 0xC7, 0xF7, 0xDF, 0xDF, 0xFF, 0xFF, 0xFF, 0xFE, 0xFE, 0xFE, 
    0xF5, 0xE0, 0xE0, 0xF2, 0xD0, 0xD0, 0xF6, 0xE5, 0xE5, 0xEE, 0xC5, 0xC5, 
    0xF7, 0xE0, 0xE0, 0xFF, 0xFF, 0xFF, 0xFF, 0xFF, 0xFF, 0xF5, 0xE2, 0xE2, 
    0xF2, 0xCF, 0xCF, 0xF9, 0xE8, 0xE8, 0xF2, 0xD1, 0xD1, 0xF5, 0xDD, 0xDE, 
    0xFF, 0xFF, 0xFF, 0xFF, 0xFE, 0xFF, 0xF9, 0xEB, 0xEB, 0xF1, 0xCA, 0xCA, 
    0xF6, 0xE4, 0xE4, 0xF2, 0xD2, 0xD3, 0xF6, 0xDE, 0xDF, 0xFF, 0xFF, 0xFF, 
    0xFE, 0xFF, 0xFF, 0xF9, 0xED, 0xED, 0xF0, 0xC9, 0xC9, 0xF8, 0xE8, 0xE8, 
    0xF1, 0xD2, 0xD2, 0xF5, 0xD9, 0xD9, 0xFF, 0xFF, 0xFF, 0xFE, 0xFE, 0xFE, 
    0xFC, 0xF5, 0xF5, 0xEF, 0xC5, 0xC5, 0xF9, 0xEA, 0xEB, 0xF2, 0xD4, 0xD4, 
    0xEF, 0xC8, 0xC9, 0xFF, 0xFF, 0xFF, 0xFE, 0xFF, 0xFF, 0xFD, 0xFB, 0xFB, 
    0xEF, 0xC6, 0xC6, 0xF7, 0xE5, 0xE5, 0xF3, 0xD6, 0xD7, 0xF1, 0xCF, 0xCF, 
    0xFF, 0xFB, 0xFB, 0xFF, 0xFF, 0xFF, 0xFE, 0xFE, 0xFE, 0xF0, 0xCB, 0xCB, 
    0xF5, 0xDE, 0xDE, 0xF5, 0xDC, 0xDC, 0xF0, 0xCB, 0xCB, 0xFC, 0xED, 0xED, 
    0xFF, 0xFF, 0xFF, 0xFF, 0xFF, 0xFF, 0xF3, 0xD4, 0xD3, 0xF4, 0xD8, 0xD8, 
    0xF5, 0xE0, 0xE0, 0xF1, 0xCF, 0xCF, 0xF9, 0xE9, 0xE9, 0xFF, 0xFF, 0xFF, 
    0xFF, 0xFF, 0xFF, 0xF9, 0xEF, 0xEF, 0xEF, 0xC8, 0xC8, 0xF9, 0xEA, 0xEB, 
    0xF1, 0xCF, 0xD0, 0xEF, 0xC6, 0xC7, 0xFF, 0xFF, 0xFF, 0xFE, 0xFF, 0xFE, 
    0xFE, 0xFC, 0xFC, 0xF0, 0xC9, 0xC9, 0xF6, 0xE2, 0xE2, 0xF2, 0xD4, 0xD3, 
    0xF0, 0xC8, 0xC8, 0xFD, 0xF4, 0xF4, 0xFF, 0xFF, 0xFF, 0xFE, 0xFE, 0xFF, 
    0xF1, 0xD0, 0xD0, 0xF6, 0xDE, 0xDE, 0xF3, 0xDB, 0xDB, 0xEE, 0xC9, 0xCA, 
    0xFC, 0xEF, 0xEF, 0xFF, 0xFF, 0xFF, 0xFE, 0xFE, 0xFE, 0xFE, 0xFE, 0xFE, 
    0xFE, 0xFE, 0xFE, 0xFE, 0xFE, 0xFE, 0xFE, 0xFE, 0xFE, 0xFE, 0xFE, 0xFE, 
    0xFE, 0xFE, 0xFE, 0xFE, 0xFE, 0xFE, 0xFE, 0xFE, 0xFE, 0xFE, 0xFE, 0xFE, 
    0xFE, 0xFE, 0xFE, 0xFE, 0xFE, 0xFE, 0xFE, 0xFE, 0xFE, 0xFE, 0xFE, 0xFE, 
    0xFF, 0xFF, 0xFF, 0xEC, 0xBF, 0xBF, 0xE9, 0xAE, 0xAE, 0xED, 0xC1, 0xC2, 
    0xE7, 0xAC, 0xAE, 0xE6, 0xC7, 0xC7, 0xEC, 0xEE, 0xEE, 0xFF, 0xFF, 0xFF, 
    0xF0, 0xCF, 0xCF, 0xE7, 0xA6, 0xA6, 0xEF, 0xC2, 0xC3, 0xE8, 0xAD, 0xAD, 
    0xEA, 0xC9, 0xC9, 0xE9, 0xEB, 0xEA, 0xFF, 0xFF, 0xFF, 0xF0, 0xD2, 0xD2, 
    0xE7, 0xAB, 0xAB, 0xEB, 0xBA, 0xBA, 0xE8, 0xAF, 0xAF, 0xE6, 0xBB, 0xBB, 
    0xE9, 0xE9, 0xE9, 0xFF, 0xFF, 0xFF, 0xF4, 0xDD, 0xDC, 0xE7, 0xA6, 0xA6, 
    0xED, 0xBC, 0xBD, 0xEC, 0xBD, 0xBD, 0xEB, 0xC4, 0xC5, 0xE4, 0xE5, 0xE5, 
    0xFF, 0xFF, 0xFF, 0xF6, 0xE2, 0xE2, 0xE7, 0xAB, 0xAB, 0xEB, 0xB4, 0xB4, 
    0xE8, 0xB3, 0xB3, 0xED, 0xC6, 0xC6, 0xE5, 0xE3, 0xE3, 0xFF, 0xFF, 0xFF, 
    0xFA, 0xEF, 0xEE, 0xE7, 0xA9, 0xA9, 0xEA, 0xB8, 0xB9, 0xEA, 0xB9, 0xB9, 
    0xEF, 0xCB, 0xCB, 0xE1, 0xE2, 0xE2, 0xFC, 0xFD, 0xFD, 0xFC, 0xF7, 0xF7, 
    0xE7, 0xAC, 0xAC, 0xE8, 0xB3, 0xB4, 0xEC, 0xBF, 0xBF, 0xE7, 0xAA, 0xAB, 
    0xE1, 0xD6, 0xD7, 0xFA, 0xFA, 0xFA, 0xFE, 0xFE, 0xFE, 0xE7, 0xAF, 0xB0, 
    0xE9, 0xB2, 0xB3, 0xE7, 0xB0, 0xB1, 0xEE, 0xC6, 0xC6, 0xE5, 0xDE, 0xDE, 
    0xF4, 0xF4, 0xF4, 0xFF, 0xFF, 0xFF, 0xED, 0xBF, 0xBF, 0xE6, 0xAA, 0xAB, 
    0xED, 0xC3, 0xC3, 0xE6, 0xAE, 0xAE, 0xE0, 0xC4, 0xC3, 0xEE, 0xEF, 0xEF, 
    0xFF, 0xFF, 0xFF, 0xF7, 0xE6, 0xE6, 0xE6, 0xA7, 0xA8, 0xED, 0xBD, 0xBE, 
    0xEA, 0xB7, 0xB8, 0xE7, 0xAB, 0xAB, 0xE3, 0xE0, 0xE0, 0xFE, 0xFE, 0xFE, 
    0xFD, 0xF9, 0xF9, 0xE7, 0xAC, 0xAC, 0xE8, 0xB2, 0xB3, 0xE7, 0xAE, 0xAF, 
    0xEA, 0xB1, 0xB1, 0xE1, 0xD5, 0xD5, 0xF9, 0xF9, 0xF9, 0xFF, 0xFF, 0xFF, 
    0xEA, 0xB9, 0xB8, 0xE9, 0xB2, 0xB3, 0xED, 0xC0, 0xC0, 0xE7, 0xA9, 0xA9, 
    0xE5, 0xCD, 0xCC, 0xF0, 0xF1, 0xF1, 0xFF, 0xFF, 0xFF, 0xFE, 0xFE, 0xFE, 
    0xFE, 0xFE, 0xFE, 0xFE, 0xFE, 0xFE, 0xFE, 0xFE, 0xFE, 0xFE, 0xFE, 0xFE, 
    0xFE, 0xFE, 0xFE, 0xFE, 0xFE, 0xFE, 0xFE, 0xFE, 0xFE, 0xFE, 0xFE, 0xFE, 
    0xFE, 0xFE, 0xFE, 0xFE, 0xFE, 0xFE, 0xFE, 0xFE, 0xFE, 0xFE, 0xFE, 0xFE, 
    0xFE, 0xFE, 0xFE, 0xFF, 0xFF, 0xFF, 0xFF, 0xFF, 0xFF, 0xFD, 0xFC, 0xFC, 
    0xFE, 0xFE, 0xFE, 0xF8, 0xF9, 0xF9, 0xF6, 0xF6, 0xF7, 0xFE, 0xFE, 0xFE, 
    0xFF, 0xFF, 0xFF, 0xFF, 0xFF, 0xFF, 0xFE, 0xFE, 0xFE, 0xFF, 0xFF, 0xFF, 
    0xF9, 0xF9, 0xF9, 0xF5, 0xF5, 0xF5, 0xFE, 0xFE, 0xFE, 0xFF, 0xFF, 0xFF, 
    0xFF, 0xFF, 0xFF, 0xFE, 0xFE, 0xFE, 0xFE, 0xFE, 0xFE, 0xFB, 0xFE, 0xFE, 
    0xF4, 0xF4, 0xF4, 0xFE, 0xFE, 0xFE, 0xFF, 0xFF, 0xFF, 0xFF, 0xFF, 0xFF, 
    0xFF, 0xFF, 0xFF, 0xFE, 0xFF, 0xFF, 0xFB, 0xFC, 0xFC, 0xF3, 0xF3, 0xF3, 
    0xFE, 0xFE, 0xFE, 0xFF, 0xFF, 0xFF, 0xFF, 0xFF, 0xFF, 0xFF, 0xFF, 0xFF, 
    0xFF, 0xFF, 0xFF, 0xFD, 0xFD, 0xFD, 0xF3, 0xF3, 0xF3, 0xFE, 0xFE, 0xFE, 
    0xFF, 0xFF, 0xFF, 0xFF, 0xFF, 0xFF, 0xFE, 0xFE, 0xFF, 0xFE, 0xFD, 0xFD, 
    0xFF, 0xFF, 0xFF, 0xF1, 0xF1, 0xF1, 0xFD, 0xFD, 0xFD, 0xFE, 0xFF, 0xFF, 
    0xFF, 0xFF, 0xFF, 0xFF, 0xFF, 0xFF, 0xFE, 0xFD, 0xFE, 0xFF, 0xFF, 0xFF, 
    0xF2, 0xF2, 0xF2, 0xFC, 0xFC, 0xFC, 0xFE, 0xFE, 0xFE, 0xFF, 0xFF, 0xFF, 
    0xFF, 0xFF, 0xFF, 0xFF, 0xFF, 0xFF, 0xFF, 0xFF, 0xFF, 0xF5, 0xF6, 0xF6, 
    0xFA, 0xFA, 0xFA, 0xFE, 0xFE, 0xFE, 0xFF, 0xFF, 0xFF, 0xFF, 0xFF, 0xFF, 
    0xFD, 0xFD, 0xFD, 0xFF, 0xFF, 0xFF, 0xF7, 0xF9, 0xF9, 0xF7, 0xF7, 0xF7, 
    0xFE, 0xFE, 0xFE, 0xFF, 0xFF, 0xFF, 0xFF, 0xFF, 0xFF, 0xFF, 0xFF, 0xFF, 
    0xFF, 0xFF, 0xFF, 0xFE, 0xFF, 0xFF, 0xF2, 0xF2, 0xF2, 0xFE, 0xFE, 0xFE, 
    0xFE, 0xFF, 0xFF, 0xFF, 0xFF, 0xFF, 0xFF, 0xFF, 0xFF, 0xFF, 0xFF, 0xFF, 
    0xFF, 0xFF, 0xFF, 0xF4, 0xF5, 0xF5, 0xFC, 0xFC, 0xFC, 0xFE, 0xFE, 0xFE, 
    0xFF, 0xFF, 0xFF, 0xFF, 0xFF, 0xFF, 0xFE, 0xFD, 0xFE, 0xFF, 0xFF, 0xFF, 
    0xF6, 0xF6, 0xF6, 0xF8, 0xF8, 0xF8, 0xFE, 0xFE, 0xFE, 0xFE, 0xFE, 0xFE, 
    0xFE, 0xFE, 0xFE, 0xFE, 0xFE, 0xFE, 0xFE, 0xFE, 0xFE, 0xFE, 0xFE, 0xFE, 
    0xFE, 0xFE, 0xFE, 0xFE, 0xFE, 0xFE, 0xFE, 0xFE, 0xFE, 0xFE, 0xFE, 0xFE, 
    0xFE, 0xFE, 0xFE, 0xFE, 0xFE, 0xFE, 0xFE, 0xFE, 0xFE, 0xFE, 0xFE, 0xFE, 
    0xFF, 0xFF, 0xFF, 0xF2, 0xD4, 0xD3, 0xF1, 0xD2, 0xD2, 0xF7, 0xE3, 0xE3, 
    0xF0, 0xC7, 0xC7, 0xF9, 0xE5, 0xE5, 0xFF, 0xFF, 0xFF, 0xFF, 0xFF, 0xFF, 
    0xF4, 0xDD, 0xDD, 0xEF, 0xCB, 0xCB, 0xF8, 0xE5, 0xE5, 0xEE, 0xC6, 0xC6, 
    0xF7, 0xDF, 0xE0, 0xFF, 0xFF, 0xFF, 0xFF, 0xFF, 0xFF, 0xF5, 0xE1, 0xE1, 
    0xF0, 0xCC, 0xCC, 0xF6, 0xE4, 0xE4, 0xF1, 0xCF, 0xD0, 0xF5, 0xDA, 0xDA, 
    0xFF, 0xFF, 0xFF, 0xFF, 0xFF, 0xFF, 0xF8, 0xE9, 0xE9, 0xF1, 0xC9, 0xC9, 
    0xF7, 0xE5, 0xE5, 0xF0, 0xC9, 0xC8, 0xF0, 0xCA, 0xCA, 0xFF, 0xFF, 0xFF, 
    0xFE, 0xFF, 0xFF, 0xF9, 0xEC, 0xEC, 0xEE, 0xC3, 0xC3, 0xF8, 0xE6, 0xE7, 
    0xF1, 0xCF, 0xCE, 0xF5, 0xDF, 0xDF, 0xFF, 0xFF, 0xFF, 0xFF, 0xFF, 0xFF, 
    0xFB, 0xF4, 0xF4, 0xEE, 0xC3, 0xC3, 0xF9, 0xE9, 0xE9, 0xF2, 0xD2, 0xD1, 
    0xF0, 0xC9, 0xC8, 0xFF, 0xFF, 0xFF, 0xFF, 0xFF, 0xFF, 0xFD, 0xFA, 0xFA, 
    0xEE, 0xC4, 0xC4, 0xF7, 0xE4, 0xE4, 0xF4, 0xDB, 0xDB, 0xF0, 0xCD, 0xCD, 
    0xFF, 0xFB, 0xFB, 0xFF, 0xFF, 0xFF, 0xFE, 0xFE, 0xFE, 0xF0, 0xCB, 0xCC, 
    0xF4, 0xDC, 0xDD, 0xF5, 0xDC, 0xDD, 0xEB, 0xBB, 0xBC, 0xFB, 0xED, 0xED, 
    0xFF, 0xFF, 0xFF, 0xFF, 0xFF, 0xFF, 0xF2, 0xD1, 0xD1, 0xF3, 0xD5, 0xD6, 
    0xF7, 0xE4, 0xE4, 0xEF, 0xC2, 0xC2, 0xF7, 0xE0, 0xE0, 0xFF, 0xFF, 0xFF, 
    0xFE, 0xFF, 0xFF, 0xFA, 0xEF, 0xEF, 0xEE, 0xC5, 0xC5, 0xF9, 0xE9, 0xE9, 
    0xF3, 0xD6, 0xD6, 0xF1, 0xD0, 0xD0, 0xFF, 0xFF, 0xFF, 0xFE, 0xFE, 0xFF, 
    0xFD, 0xFB, 0xFB, 0xEE, 0xC4, 0xC4, 0xF6, 0xE2, 0xE2, 0xF3, 0xD4, 0xD4, 
    0xF1, 0xCA, 0xCA, 0xFF, 0xF9, 0xFA, 0xFF, 0xFF, 0xFF, 0xFE, 0xFF, 0xFF, 
    0xF1, 0xCD, 0xCC, 0xF4, 0xD9, 0xD9, 0xF7, 0xE1, 0xE1, 0xF2, 0xD4, 0xD4, 
    0xF9, 0xEA, 0xEA, 0xFF, 0xFF, 0xFF, 0xFE, 0xFE, 0xFE, 0xFE, 0xFE, 0xFE, 
    0xFE, 0xFE, 0xFE, 0xFE, 0xFE, 0xFE, 0xFE, 0xFE, 0xFE, 0xFE, 0xFE, 0xFE, 
    0xFE, 0xFE, 0xFE, 0xFE, 0xFE, 0xFE, 0xFE, 0xFE, 0xFE, 0xFE, 0xFE, 0xFE, 
    0xFE, 0xFE, 0xFE, 0xFE, 0xFE, 0xFE, 0xFE, 0xFE, 0xFE, 0xFE, 0xFE, 0xFE, 
    0xFF, 0xFF, 0xFF, 0xEC, 0xC0, 0xC0, 0xE8, 0xAD, 0xAD, 0xEE, 0xC5, 0xC5, 
    0xED, 0xBC, 0xBC, 0xE7, 0xCA, 0xCA, 0xEC, 0xEE, 0xEE, 0xFF, 0xFF, 0xFF, 
    0xEF, 0xCE, 0xCE, 0xE6, 0xA9, 0xA9, 0xEA, 0xB7, 0xB6, 0xE5, 0xA6, 0xA5, 
    0xE8, 0xBF, 0xBF, 0xE9, 0xEB, 0xEB, 0xFF, 0xFF, 0xFF, 0xF1, 0xD3, 0xD3, 
    0xE7, 0xAA, 0xAA, 0xEB, 0xBE, 0xBF, 0xED, 0xC0, 0xC0, 0xEC, 0xC7, 0xC6, 
    0xE7, 0xE7, 0xE8, 0xFF, 0xFF, 0xFF, 0xF5, 0xDD, 0xDD, 0xE8, 0xA6, 0xA7, 
    0xED, 0xC0, 0xC1, 0xEB, 0xB6, 0xB6, 0xE5, 0xAE, 0xAE, 0xE5, 0xE4, 0xE5, 
    0xFF, 0xFF, 0xFF, 0xF6, 0xE3, 0xE3, 0xE6, 0xA7, 0xA7, 0xEB, 0xB7, 0xB7, 
    0xE7, 0xB0, 0xAF, 0xEC, 0xC3, 0xC3, 0xE6, 0xE6, 0xE6, 0xFF, 0xFF, 0xFF, 
    0xF9, 0xEE, 0xEE, 0xE5, 0xA9, 0xA9, 0xEC, 0xBA, 0xBA, 0xEC, 0xBA, 0xBA, 
    0xEE, 0xBF, 0xBE, 0xE2, 0xE0, 0xE0, 0xFD, 0xFD, 0xFD, 0xFC, 0xF7, 0xF7, 
    0xE7, 0xAC, 0xAC, 0xEB, 0xB7, 0xB7, 0xEB, 0xBB, 0xBC, 0xEA, 0xB0, 0xAF, 
    0xE0, 0xD3, 0xD3, 0xFA, 0xFA, 0xFA, 0xFE, 0xFE, 0xFE, 0xE8, 0xB2, 0xB2, 
    0xE9, 0xB2, 0xB3, 0xF0, 0xC5, 0xC6, 0xE5, 0xA1, 0xA1, 0xE0, 0xCE, 0xCE, 
    0xF4, 0xF5, 0xF5, 0xFF, 0xFF, 0xFF, 0xED, 0xBF, 0xBF, 0xE7, 0xAD, 0xAE, 
    0xEB, 0xBE, 0xBD, 0xE9, 0xAD, 0xAD, 0xE2, 0xC0, 0xC0, 0xEE, 0xEF, 0xEF, 
    0xFF, 0xFF, 0xFF, 0xF7, 0xE6, 0xE6, 0xE6, 0xA8, 0xA8, 0xEB, 0xB9, 0xBA, 
    0xEC, 0xBB, 0xBB, 0xE9, 0xB6, 0xB6, 0xE2, 0xDF, 0xDF, 0xFE, 0xFE, 0xFE, 
    0xFD, 0xF9, 0xF9, 0xE5, 0xAA, 0xAB, 0xE8, 0xB3, 0xB4, 0xEE, 0xC4, 0xC4, 
    0xEF, 0xBE, 0xBE, 0xE1, 0xD7, 0xD7, 0xF8, 0xF9, 0xF9, 0xFF, 0xFF, 0xFF, 
    0xEA, 0xB8, 0xB8, 0xEA, 0xB3, 0xB3, 0xEC, 0xBD, 0xBD, 0xED, 0xBE, 0xBE, 
    0xF7, 0xE3, 0xE3, 0xFF, 0xFF, 0xFF, 0xFE, 0xFE, 0xFE, 0xFE, 0xFE, 0xFE, 
    0xFE, 0xFE, 0xFE, 0xFE, 0xFE, 0xFE, 0xFE, 0xFE, 0xFE, 0xFE, 0xFE, 0xFE, 
    0xFE, 0xFE, 0xFE, 0xFE, 0xFE, 0xFE, 0xFE, 0xFE, 0xFE, 0xFE, 0xFE, 0xFE, 
    0xFE, 0xFE, 0xFE, 0xFE, 0xFE, 0xFE, 0xFF, 0xFF, 0xFF, 0xFF, 0xFF, 0xFF, 
    0xFE, 0xFE, 0xFE, 0xFE, 0xFF, 0xFF, 0xFE, 0xFF, 0xFF, 0xFE, 0xFD, 0xFC, 
    0xFE, 0xFE, 0xFE, 0xF8, 0xF8, 0xF8, 0xF7, 0xF7, 0xF7, 0xFE, 0xFE, 0xFE, 
    0xFE, 0xFF, 0xFF, 0xFE, 0xFF, 0xFF, 0xFE, 0xFF, 0xFF, 0xFF, 0xFF, 0xFF, 
    0xFA, 0xF9, 0xF9, 0xF5, 0xF5, 0xF5, 0xFE, 0xFE, 0xFE, 0xFE, 0xFF, 0xFF, 
    0xFE, 0xFF, 0xFF, 0xFE, 0xFD, 0xFD, 0xFE, 0xFD, 0xFD, 0xFA, 0xFA, 0xFA, 
    0xF5, 0xF5, 0xF5, 0xFE, 0xFE, 0xFE, 0xFE, 0xFF, 0xFF, 0xFE, 0xFF, 0xFF, 
    0xFE, 0xFD, 0xFD, 0xFF, 0xFF, 0xFF, 0xFC, 0xFC, 0xFC, 0xF4, 0xF3, 0xF4, 
    0xFE, 0xFE, 0xFE, 0xFE, 0xFF, 0xFF, 0xFF, 0xFF, 0xFF, 0xFE, 0xFF, 0xFF, 
    0xFE, 0xFF, 0xFF, 0xFC, 0xFA, 0xF9, 0xF4, 0xF4, 0xF4, 0xFE, 0xFE, 0xFE, 
    0xFE, 0xFF, 0xFF, 0xFE, 0xFF, 0xFF, 0xFE, 0xFE, 0xFD, 0xFD, 0xFB, 0xFB, 
    0xFE, 0xFD, 0xFD, 0xF2, 0xF2, 0xF2, 0xFE, 0xFE, 0xFE, 0xFE, 0xFF, 0xFF, 
    0xFE, 0xFF, 0xFF, 0xFE, 0xFF, 0xFF, 0xFD, 0xFA, 0xFA, 0xFF, 0xFF, 0xFF, 
    0xF3, 0xF3, 0xF3, 0xFC, 0xFC, 0xFD, 0xFE, 0xFE, 0xFE, 0xFE, 0xFF, 0xFF, 
    0xFE, 0xFF, 0xFF, 0xFE, 0xFC, 0xFC, 0xFF, 0xFF, 0xFF, 0xF4, 0xF4, 0xF4, 
    0xFA, 0xFA, 0xFA, 0xFE, 0xFE, 0xFE, 0xFE, 0xFF, 0xFF, 0xFE, 0xFF, 0xFF, 
    0xFD, 0xFB, 0xFB, 0xFE, 0xFE, 0xFE, 0xF7, 0xF7, 0xF7, 0xF8, 0xF8, 0xF8, 
    0xFE, 0xFE, 0xFE, 0xFE, 0xFF, 0xFF, 0xFE, 0xFF, 0xFF, 0xFE, 0xFE, 0xFD, 
    0xFD, 0xFC, 0xFB, 0xFE, 0xFF, 0xFF, 0xF3, 0xF3, 0xF3, 0xFE, 0xFE, 0xFE, 
    0xFE, 0xFF, 0xFF, 0xFE, 0xFF, 0xFF, 0xFE, 0xFE, 0xFE, 0xFE, 0xFD, 0xFD, 
    0xFE, 0xFE, 0xFE, 0xF3, 0xF3, 0xF3, 0xFC, 0xFC, 0xFC, 0xFE, 0xFE, 0xFE, 
    0xFE, 0xFF, 0xFF, 0xFE, 0xFF, 0xFF, 0xFD, 0xFB, 0xFB, 0xFD, 0xFA, 0xFA, 
    0xFE, 0xFD, 0xFD, 0xFE, 0xFE, 0xFE, 0xFE, 0xFE, 0xFE, 0xFE, 0xFE, 0xFE, 
    0xFE, 0xFE, 0xFE, 0xFE, 0xFE, 0xFE, 0xFE, 0xFE, 0xFE, 0xFE, 0xFE, 0xFE, 
    0xFE, 0xFE, 0xFE, 0xFE, 0xFE, 0xFE, 0xFE, 0xFE, 0xFE, 0xFE, 0xFE, 0xFE, 
    0xFE, 0xFE, 0xFE, 0xFF, 0xFF, 0xFF, 0xE4, 0xE4, 0xE4, 0xEE, 0xEE, 0xEE, 
    0xFC, 0xFC, 0xFC, 0xFE, 0xFE, 0xFE, 0xFE, 0xFE, 0xFE, 0xFE, 0xFE, 0xFE, 
    0xFE, 0xFE, 0xFE, 0xFF, 0xFF, 0xFF, 0xFF, 0xFF, 0xFF, 0xFE, 0xFE, 0xFE, 
    0xFE, 0xFE, 0xFE, 0xFE, 0xFE, 0xFE, 0xFE, 0xFE, 0xFE, 0xFE, 0xFE, 0xFE, 
    0xFE, 0xFF, 0xFF, 0xFF, 0xFF, 0xFF, 0xFE, 0xFE, 0xFE, 0xFE, 0xFE, 0xFE, 
    0xFE, 0xFE, 0xFE, 0xFE, 0xFE, 0xFE, 0xFE, 0xFE, 0xFE, 0xFE, 0xFF, 0xFF, 
    0xFF, 0xFF, 0xFF, 0xFE, 0xFE, 0xFE, 0xFE, 0xFE, 0xFE, 0xFE, 0xFE, 0xFE, 
    0xFE, 0xFE, 0xFE, 0xFE, 0xFE, 0xFE, 0xFE, 0xFF, 0xFF, 0xFF, 0xFF, 0xFF, 
    0xFE, 0xFE, 0xFE, 0xFE, 0xFE, 0xFE, 0xFE, 0xFE, 0xFE, 0xFE, 0xFE, 0xFE, 
    0xFE, 0xFE, 0xFE, 0xFE, 0xFF, 0xFF, 0xFF, 0xFF, 0xFF, 0xFE, 0xFE, 0xFE, 
    0xFE, 0xFE, 0xFE, 0xFE, 0xFE, 0xFE, 0xFE, 0xFE, 0xFE, 0xFE, 0xFF, 0xFF, 
    0xFE, 0xFE, 0xFE, 0xFF, 0xFF, 0xFF, 0xFE, 0xFE, 0xFE, 0xFE, 0xFE, 0xFE, 
    0xFE, 0xFE, 0xFE, 0xFE, 0xFE, 0xFE, 0xFE, 0xFF, 0xFF, 0xFE, 0xFE, 0xFE, 
    0xFF, 0xFF, 0xFF, 0xFE, 0xFE, 0xFE, 0xFE, 0xFE, 0xFE, 0xFE, 0xFE, 0xFE, 
    0xFE, 0xFE, 0xFE, 0xFE, 0xFE, 0xFE, 0xFE, 0xFE, 0xFE, 0xFF, 0xFF, 0xFF, 
    0xFE, 0xFE, 0xFE, 0xFE, 0xFE, 0xFE, 0xFE, 0xFE, 0xFE, 0xFE, 0xFE, 0xFE, 
    0xFE, 0xFE, 0xFE, 0xFE, 0xFE, 0xFE, 0xFF, 0xFF, 0xFF, 0xFF, 0xFF, 0xFF, 
    0xFE, 0xFE, 0xFE, 0xFE, 0xFE, 0xFE, 0xFE, 0xFE, 0xFE, 0xFE, 0xFE, 0xFE, 
    0xFE, 0xFE, 0xFE, 0xFE, 0xFE, 0xFE, 0xFF, 0xFF, 0xFF, 0xFE, 0xFE, 0xFE, 
    0xFE, 0xFE, 0xFE, 0xFE, 0xFE, 0xFE, 0xFE, 0xFE, 0xFE, 0xFE, 0xFE, 0xFE, 
    0xFE, 0xFE, 0xFE, 0xFF, 0xFF, 0xFF, 0xFE, 0xFE, 0xFE, 0xFE, 0xFE, 0xFE, 
    0xFE, 0xFE, 0xFE, 0xFE, 0xFE, 0xFE, 0xFE, 0xFE, 0xFF, 0xFE, 0xFF, 0xFF, 
    0xFE, 0xFE, 0xFE, 0xFE, 0xFE, 0xFE, 0xFE, 0xFE, 0xFE, 0xFE, 0xFE, 0xFE, 
    0xFE, 0xFE, 0xFE, 0xFE, 0xFE, 0xFE, 0xFE, 0xFE, 0xFE, 0xFE, 0xFE, 0xFE, 
    0xFE, 0xFE, 0xFE, 0xFE, 0xFE, 0xFE, 0xFE, 0xFE, 0xFE, 0xFE, 0xFE, 0xFE, 
    0xFE, 0xFE, 0xFE, 0xFF, 0xFF, 0xFF, 0xDC, 0xDC, 0xDC, 0xCF, 0xCF, 0xCF, 
    0xEF, 0xEF, 0xEF, 0xFF, 0xFF, 0xFF, 0xFE, 0xFE, 0xFE, 0xFE, 0xFE, 0xFE, 
    0xFE, 0xFE, 0xFE, 0xFE, 0xFE, 0xFE, 0xFE, 0xFE, 0xFE, 0xFE, 0xFE, 0xFE, 
    0xFE, 0xFE, 0xFE, 0xFE, 0xFE, 0xFE, 0xFE, 0xFE, 0xFE, 0xFE, 0xFE, 0xFE, 
    0xFE, 0xFE, 0xFE, 0xFE, 0xFE, 0xFE, 0xFE, 0xFE, 0xFE, 0xFE, 0xFE, 0xFE, 
    0xFE, 0xFE, 0xFE, 0xFE, 0xFE, 0xFE, 0xFE, 0xFE, 0xFE, 0xFE, 0xFE, 0xFE, 
    0xFE, 0xFE, 0xFE, 0xFE, 0xFE, 0xFE, 0xFE, 0xFE, 0xFE, 0xFE, 0xFE, 0xFE, 
    0xFE, 0xFE, 0xFE, 0xFE, 0xFE, 0xFE, 0xFE, 0xFE, 0xFE, 0xFE, 0xFE, 0xFE, 
    0xFE, 0xFE, 0xFE, 0xFE, 0xFE, 0xFE, 0xFE, 0xFE, 0xFE, 0xFE, 0xFE, 0xFE, 
    0xFE, 0xFE, 0xFE, 0xFE, 0xFE, 0xFE, 0xFE, 0xFE, 0xFE, 0xFE, 0xFE, 0xFE, 
    0xFE, 0xFE, 0xFE, 0xFE, 0xFE, 0xFE, 0xFE, 0xFE, 0xFE, 0xFE, 0xFE, 0xFE, 
    0xFE, 0xFE, 0xFE, 0xFE, 0xFE, 0xFE, 0xFE, 0xFE, 0xFE, 0xFE, 0xFE, 0xFE, 
    0xFE, 0xFE, 0xFE, 0xFE, 0xFE, 0xFE, 0xFE, 0xFE, 0xFE, 0xFE, 0xFE, 0xFE, 
    0xFE, 0xFE, 0xFE, 0xFE, 0xFE, 0xFE, 0xFE, 0xFE, 0xFE, 0xFE, 0xFE, 0xFE, 
    0xFE, 0xFE, 0xFE, 0xFE, 0xFE, 0xFE, 0xFE, 0xFE, 0xFE, 0xFE, 0xFE, 0xFE, 
    0xFE, 0xFE, 0xFE, 0xFE, 0xFE, 0xFE, 0xFE, 0xFE, 0xFE, 0xFE, 0xFE, 0xFE, 
    0xFE, 0xFE, 0xFE, 0xFE, 0xFE, 0xFE, 0xFE, 0xFE, 0xFE, 0xFE, 0xFE, 0xFE, 
    0xFE, 0xFE, 0xFE, 0xFE, 0xFE, 0xFE, 0xFE, 0xFE, 0xFE, 0xFE, 0xFE, 0xFE, 
    0xFE, 0xFE, 0xFE, 0xFE, 0xFE, 0xFE, 0xFE, 0xFE, 0xFE, 0xFE, 0xFE, 0xFE, 
    0xFE, 0xFE, 0xFE, 0xFE, 0xFE, 0xFE, 0xFE, 0xFE, 0xFE, 0xFE, 0xFE, 0xFE, 
    0xFE, 0xFE, 0xFE, 0xFE, 0xFE, 0xFE, 0xFE, 0xFE, 0xFE, 0xFE, 0xFE, 0xFE, 
    0xFE, 0xFE, 0xFE, 0xFE, 0xFE, 0xFE, 0xFE, 0xFE, 0xFE, 0xFE, 0xFE, 0xFE, 
    0xFE, 0xFE, 0xFE, 0xFE, 0xFE, 0xFE, 0xFE, 0xFE, 0xFE, 0xFE, 0xFE, 0xFE, 
    0xFE, 0xFE, 0xFE, 0xFE, 0xFE, 0xFE, 0xFE, 0xFE, 0xFE, 0xFE, 0xFE, 0xFE, 
    0xFE, 0xFE, 0xFE, 0xFE, 0xFE, 0xFE, 0xFE, 0xFE, 0xFE, 0xFE, 0xFE, 0xFE, 
    0xFE, 0xFE, 0xFE, 0xFE, 0xFE, 0xFE, 0xF3, 0xF2, 0xF3, 0xF0, 0xF0, 0xF0, 
    0xF9, 0xF9, 0xF9, 0xFE, 0xFE, 0xFE, 0xFE, 0xFE, 0xFE, 0xFE, 0xFE, 0xFE, 
    0xFE, 0xFE, 0xFE, 0xFE, 0xFE, 0xFE, 0xFE, 0xFE, 0xFE, 0xFE, 0xFE, 0xFE, 
    0xFE, 0xFE, 0xFE, 0xFE, 0xFE, 0xFE, 0xFE, 0xFE, 0xFE, 0xFE, 0xFE, 0xFE, 
    0xFE, 0xFE, 0xFE, 0xFE, 0xFE, 0xFE, 0xFE, 0xFE, 0xFE, 0xFE, 0xFE, 0xFE, 
    0xFE, 0xFE, 0xFE, 0xFE, 0xFE, 0xFE, 0xFE, 0xFE, 0xFE, 0xFE, 0xFE, 0xFE, 
    0xFE, 0xFE, 0xFE, 0xFE, 0xFE, 0xFE, 0xFE, 0xFE, 0xFE, 0xFE, 0xFE, 0xFE, 
    0xFE, 0xFE, 0xFE, 0xFE, 0xFE, 0xFE, 0xFE, 0xFE, 0xFE, 0xFE, 0xFE, 0xFE, 
    0xFE, 0xFE, 0xFE, 0xFE, 0xFE, 0xFE, 0xFE, 0xFE, 0xFE, 0xFE, 0xFE, 0xFE, 
    0xFE, 0xFE, 0xFE, 0xFE, 0xFE, 0xFE, 0xFE, 0xFE, 0xFE, 0xFE, 0xFE, 0xFE, 
    0xFE, 0xFE, 0xFE, 0xFE, 0xFE, 0xFE, 0xFE, 0xFE, 0xFE, 0xFE, 0xFE, 0xFE, 
    0xFE, 0xFE, 0xFE, 0xFE, 0xFE, 0xFE, 0xFE, 0xFE, 0xFE, 0xFE, 0xFE, 0xFE, 
    0xFE, 0xFE, 0xFE, 0xFE, 0xFE, 0xFE, 0xFE, 0xFE, 0xFE, 0xFE, 0xFE, 0xFE, 
    0xFE, 0xFE, 0xFE, 0xFE, 0xFE, 0xFE, 0xFE, 0xFE, 0xFE, 0xFE, 0xFE, 0xFE, 
    0xFE, 0xFE, 0xFE, 0xFE, 0xFE, 0xFE, 0xFE, 0xFE, 0xFE, 0xFE, 0xFE, 0xFE, 
    0xFE, 0xFE, 0xFE, 0xFE, 0xFE, 0xFE, 0xFE, 0xFE, 0xFE, 0xFE, 0xFE, 0xFE, 
    0xFE, 0xFE, 0xFE, 0xFE, 0xFE, 0xFE, 0xFE, 0xFE, 0xFE, 0xFE, 0xFE, 0xFE, 
    0xFE, 0xFE, 0xFE, 0xFE, 0xFE, 0xFE, 0xFE, 0xFE, 0xFE, 0xFE, 0xFE, 0xFE, 
    0xFE, 0xFE, 0xFE, 0xFE, 0xFE, 0xFE, 0xFE, 0xFE, 0xFE, 0xFE, 0xFE, 0xFE, 
    0xFE, 0xFE, 0xFE, 0xFE, 0xFE, 0xFE, 0xFE, 0xFE, 0xFE, 0xFE, 0xFE, 0xFE, 
    0xFE, 0xFE, 0xFE, 0xFE, 0xFE, 0xFE, 0xFE, 0xFE, 0xFE, 0xFE, 0xFE, 0xFE, 
    0xFE, 0xFE, 0xFE, 0xFE, 0xFE, 0xFE, 0xFE, 0xFE, 0xFE, 0xFE, 0xFE, 0xFE, 
    0xFE, 0xFE, 0xFE, 0xFE, 0xFE, 0xFE, 0xFE, 0xFE, 0xFE, 0xFE, 0xFE, 0xFE, 
    0xFE, 0xFE, 0xFE, 0xFE, 0xFE, 0xFE, 0xFE, 0xFE, 0xFE, 0xFE, 0xFE, 0xFE, 
    0xFE, 0xFE, 0xFE, 0xFE, 0xFE, 0xFE, 0xFE, 0xFE, 0xFE, 0xFE, 0xFE, 0xFE, 
    0xFE, 0xFE, 0xFE, 0xFE, 0xFE, 0xFE, 0xFF, 0xFF, 0xFF, 0xFF, 0xFF, 0xFF, 
    0xFF, 0xFF, 0xFF, 0xFE, 0xFE, 0xFE, 0xFE, 0xFE, 0xFE, 0xFE, 0xFE, 0xFE, 
    0xFE, 0xFE, 0xFE, 0xFE, 0xFE, 0xFE, 0xFE, 0xFE, 0xFE, 0xFE, 0xFE, 0xFE, 
    0xFE, 0xFE, 0xFE, 0xFE, 0xFE, 0xFE, 0xFE, 0xFE, 0xFE, 0xFE, 0xFE, 0xFE, 
    0xFE, 0xFE, 0xFE, 0xFE, 0xFE, 0xFE, 0xFE, 0xFE, 0xFE, 0xFE, 0xFE, 0xFE, 
    0xFE, 0xFE, 0xFE, 0xFE, 0xFE, 0xFE, 0xFE, 0xFE, 0xFE, 0xFE, 0xFE, 0xFE, 
    0xFE, 0xFE, 0xFE, 0xFE, 0xFE, 0xFE, 0xFE, 0xFE, 0xFE, 0xFE, 0xFE, 0xFE, 
    0xFE, 0xFE, 0xFE, 0xFE, 0xFE, 0xFE, 0xFE, 0xFE, 0xFE, 0xFE, 0xFE, 0xFE, 
    0xFE, 0xFE, 0xFE, 0xFE, 0xFE, 0xFE, 0xFE, 0xFE, 0xFE, 0xFE, 0xFE, 0xFE, 
    0xFE, 0xFE, 0xFE, 0xFE, 0xFE, 0xFE, 0xFE, 0xFE, 0xFE, 0xFE, 0xFE, 0xFE, 
    0xFE, 0xFE, 0xFE, 0xFE, 0xFE, 0xFE, 0xFE, 0xFE, 0xFE, 0xFE, 0xFE, 0xFE, 
    0xFE, 0xFE, 0xFE, 0xFE, 0xFE, 0xFE, 0xFE, 0xFE, 0xFE, 0xFE, 0xFE, 0xFE, 
    0xFE, 0xFE, 0xFE, 0xFE, 0xFE, 0xFE, 0xFE, 0xFE, 0xFE, 0xFE, 0xFE, 0xFE, 
    0xFE, 0xFE, 0xFE, 0xFE, 0xFE, 0xFE, 0xFE, 0xFE, 0xFE, 0xFE, 0xFE, 0xFE, 
    0xFE, 0xFE, 0xFE, 0xFE, 0xFE, 0xFE, 0xFE, 0xFE, 0xFE, 0xFE, 0xFE, 0xFE, 
    0xFE, 0xFE, 0xFE, 0xFE, 0xFE, 0xFE, 0xFE, 0xFE, 0xFE, 0xFE, 0xFE, 0xFE, 
    0xFE, 0xFE, 0xFE, 0xFE, 0xFE, 0xFE, 0xFE, 0xFE, 0xFE, 0xFE, 0xFE, 0xFE, 
    0xFE, 0xFE, 0xFE, 0xFE, 0xFE, 0xFE, 0xFE, 0xFE, 0xFE, 0xFE, 0xFE, 0xFE, 
    0xFE, 0xFE, 0xFE, 0xFE, 0xFE, 0xFE, 0xFE, 0xFE, 0xFE, 0xFE, 0xFE, 0xFE, 
    0xFE, 0xFE, 0xFE, 0xFE, 0xFE, 0xFE, 0xFE, 0xFE, 0xFE, 0xFE, 0xFE, 0xFE, 
    0xFE, 0xFE, 0xFE, 0xFE, 0xFE, 0xFE, 0xFE, 0xFE, 0xFE, 0xFE, 0xFE, 0xFE, 
    0xFE, 0xFE, 0xFE, 0xFE, 0xFE, 0xFE, 0xFE, 0xFE, 0xFE, 0xFE, 0xFE, 0xFE, 
    0xFE, 0xFE, 0xFE, 0xFE, 0xFE, 0xFE, 0xFE, 0xFE, 0xFE, 0xFE, 0xFE, 0xFE, 
    0xFE, 0xFE, 0xFE, 0xFE, 0xFE, 0xFE, 0xFE, 0xFE, 0xFE, 0xFE, 0xFE, 0xFE, 
    0xFE, 0xFE, 0xFE, 0xFE, 0xFE, 0xFE, 0xFE, 0xFE, 0xFE, 0xFE, 0xFE, 0xFE, 
    0xFE, 0xFE, 0xFE, 0xFE, 0xFE, 0xFE, 0xFF, 0xFF, 0xFF, 0xFE, 0xFF, 0xFF, 
    0xFE, 0xFF, 0xFF, 0xFE, 0xFF, 0xFF, 0xFF, 0xFF, 0xFF, 0xFF, 0xFF, 0xFF, 
    0xFF, 0xFF, 0xFF, 0xFE, 0xFE, 0xFE, 0xFF, 0xFF, 0xFF, 0xFF, 0xFF, 0xFF, 
    0xFF, 0xFF, 0xFF, 0xFE, 0xFE, 0xFF, 0xFF, 0xFF, 0xFF, 0xFF, 0xFF, 0xFF, 
    0xFF, 0xFF, 0xFF, 0xFF, 0xFF, 0xFF, 0xFF, 0xFF, 0xFF, 0xFF, 0xFE, 0xFF, 
    0xFF, 0xFF, 0xFF, 0xFF, 0xFF, 0xFF, 0xFF, 0xFF, 0xFF, 0xFF, 0xFF, 0xFF, 
    0xFF, 0xFF, 0xFF, 0xFF, 0xFF, 0xFF, 0xFF, 0xFF, 0xFF, 0xFF, 0xFF, 0xFF, 
    0xFF, 0xFF, 0xFF, 0xFF, 0xFF, 0xFF, 0xFF, 0xFF, 0xFF, 0xFF, 0xFF, 0xFF, 
    0xFF, 0xFF, 0xFF, 0xFF, 0xFF, 0xFF, 0xFF, 0xFF, 0xFF, 0xFF, 0xFF, 0xFF, 
    0xFE, 0xFE, 0xFE, 0xFF, 0xFF, 0xFF, 0xFF, 0xFF, 0xFF, 0xFE, 0xFE, 0xFE, 
    0xFF, 0xFF, 0xFF, 0xFF, 0xFF, 0xFF, 0xFF, 0xFF, 0xFF, 0xFE, 0xFE, 0xFE, 
    0xFE, 0xFE, 0xFE, 0xFE, 0xFE, 0xFE, 0xFE, 0xFE, 0xFE, 0xFE, 0xFE, 0xFE, 
    0xFE, 0xFE, 0xFE, 0xFE, 0xFE, 0xFE, 0xFE, 0xFE, 0xFE, 0xFE, 0xFE, 0xFE, 
    0xFE, 0xFE, 0xFE, 0xFE, 0xFE, 0xFE, 0xFE, 0xFE, 0xFE, 0xFE, 0xFE, 0xFE, 
    0xFE, 0xFE, 0xFE, 0xFE, 0xFE, 0xFE, 0xFE, 0xFE, 0xFE, 0xFE, 0xFE, 0xFE, 
    0xFE, 0xFE, 0xFE, 0xFE, 0xFE, 0xFE, 0xFE, 0xFE, 0xFE, 0xFE, 0xFE, 0xFE, 
    0xFE, 0xFE, 0xFE, 0xFE, 0xFE, 0xFE, 0xFE, 0xFE, 0xFE, 0xFE, 0xFE, 0xFE, 
    0xFE, 0xFE, 0xFE, 0xFE, 0xFE, 0xFE, 0xFE, 0xFE, 0xFE, 0xFE, 0xFE, 0xFE, 
    0xFE, 0xFE, 0xFE, 0xFE, 0xFE, 0xFE, 0xFD, 0xFD, 0xFE, 0xFE, 0xFE, 0xFE, 
    0xFE, 0xFE, 0xFE, 0xFE, 0xFE, 0xFE, 0xFE, 0xFE, 0xFE, 0xFE, 0xFE, 0xFE, 
    0xFE, 0xFE, 0xFE, 0xFE, 0xFE, 0xFE, 0xFE, 0xFE, 0xFE, 0xFE, 0xFE, 0xFE, 
    0xFE, 0xFE, 0xFE, 0xFE, 0xFE, 0xFE, 0xFE, 0xFE, 0xFE, 0xFE, 0xFE, 0xFE, 
    0xFE, 0xFE, 0xFE, 0xFE, 0xFE, 0xFE, 0xFE, 0xFE, 0xFE, 0xFE, 0xFE, 0xFE, 
    0xFE, 0xFE, 0xFE, 0xFE, 0xFE, 0xFE, 0xFE, 0xFE, 0xFE, 0xFE, 0xFE, 0xFE, 
    0xFE, 0xFE, 0xFE, 0xFE, 0xFE, 0xFE, 0xFE, 0xFE, 0xFE, 0xFE, 0xFE, 0xFE, 
    0xFE, 0xFE, 0xFE, 0xFE, 0xFF, 0xFF, 0xF9, 0xD9, 0xD8, 0xFA, 0xDB, 0xDA, 
    0xFC, 0xED, 0xED, 0xFB, 0xEB, 0xEB, 0xF8, 0xD6, 0xD6, 0xFA, 0xE4, 0xE4, 
    0xF6, 0xCB, 0xCC, 0xFE, 0xFB, 0xFB, 0xF5, 0xF8, 0xF5, 0xD8, 0xE3, 0xD7, 
    0xEB, 0xF0, 0xEA, 0xF8, 0xFA, 0xF8, 0xCB, 0xDB, 0xCA, 0xC9, 0xD9, 0xC8, 
    0xD7, 0xE3, 0xD6, 0xDA, 0xE5, 0xD9, 0xCE, 0xDD, 0xCE, 0xF7, 0xF9, 0xF7, 
    0xEC, 0xF1, 0xEC, 0xD8, 0xE4, 0xD7, 0xCC, 0xDD, 0xCC, 0xCB, 0xD9, 0xCB, 
    0xD7, 0xE3, 0xD6, 0xDB, 0xE5, 0xDA, 0xCF, 0xDD, 0xCE, 0xC8, 0xD8, 0xC8, 
    0xF4, 0xF6, 0xF4, 0xDE, 0xE9, 0xDE, 0xCE, 0xDE, 0xCE, 0xCE, 0xDC, 0xCD, 
    0xCA, 0xD9, 0xCA, 0xCE, 0xDE, 0xCE, 0xCE, 0xDC, 0xCD, 0xCB, 0xDA, 0xCB, 
    0xFB, 0xFC, 0xFA, 0xDD, 0xE7, 0xDD, 0xED, 0xF3, 0xED, 0xFF, 0xFF, 0xFF, 
    0xEB, 0xF0, 0xEA, 0xDF, 0xE8, 0xDE, 0xEB, 0xF1, 0xEB, 0xFE, 0xFE, 0xFE, 
    0xFE, 0xFE, 0xFE, 0xFE, 0xFE, 0xFE, 0xFE, 0xFE, 0xFE, 0xFE, 0xFE, 0xFE, 
    0xFE, 0xFE, 0xFE, 0xFE, 0xFE, 0xFE, 0xFE, 0xFE, 0xFE, 0xFE, 0xFE, 0xFE, 
    0xFE, 0xFE, 0xFE, 0xFE, 0xFE, 0xFE, 0xFE, 0xFE, 0xFE, 0xFE, 0xFE, 0xFE, 
    0xFE, 0xFE, 0xFE, 0xFE, 0xFE, 0xFE, 0xFE, 0xFE, 0xFE, 0xFE, 0xFE, 0xFE, 
    0xFE, 0xFE, 0xFE, 0xFE, 0xFE, 0xFE, 0xFE, 0xFE, 0xFE, 0xFE, 0xFE, 0xFE, 
    0xFE, 0xFE, 0xFE, 0xFE, 0xFE, 0xFE, 0xFE, 0xFE, 0xFE, 0xFE, 0xFE, 0xFE, 
    0xFE, 0xFE, 0xFE, 0xFE, 0xFE, 0xFE, 0xFE, 0xFE, 0xFE, 0xFE, 0xFE, 0xFE, 
    0xFE, 0xFE, 0xFE, 0xFE, 0xFE, 0xFE, 0xFE, 0xFE, 0xFE, 0xFE, 0xFE, 0xFE, 
    0xFE, 0xFE, 0xFE, 0xFE, 0xFE, 0xFE, 0xFE, 0xFE, 0xFE, 0xFE, 0xFE, 0xFE, 
    0xFE, 0xFE, 0xFE, 0xFE, 0xFE, 0xFE, 0xFE, 0xFE, 0xFE, 0xFE, 0xFE, 0xFE, 
    0xFE, 0xFE, 0xFE, 0xFE, 0xFE, 0xFE, 0xFE, 0xFE, 0xFE, 0xFE, 0xFE, 0xFE, 
    0xFE, 0xFE, 0xFE, 0xFE, 0xFE, 0xFE, 0xFE, 0xFE, 0xFE, 0xFE, 0xFE, 0xFE, 
    0xFE, 0xFE, 0xFE, 0xFE, 0xFE, 0xFE, 0xFE, 0xFE, 0xFE, 0xFE, 0xFE, 0xFE, 
    0xFE, 0xFE, 0xFE, 0xFE, 0xFE, 0xFE, 0xFE, 0xFE, 0xFE, 0xFE, 0xFE, 0xFE, 
    0xFE, 0xFE, 0xFE, 0xFF, 0xFF, 0xFF, 0xF1, 0xAF, 0xAE, 0xF0, 0x97, 0x98, 
    0xF3, 0xAE, 0xAF, 0xF1, 0xA9, 0xAA, 0xEF, 0xA2, 0xA3, 0xF4, 0xBC, 0xBC, 
    0xF6, 0xC5, 0xC6, 0xFE, 0xFE, 0xFE, 0xDC, 0xE7, 0xDB, 0xE7, 0xED, 0xE6, 
    0xF3, 0xF6, 0xF2, 0xEA, 0xEF, 0xE9, 0xB4, 0xC9, 0xB3, 0xA9, 0xC2, 0xA8, 
    0xA2, 0xBF, 0xA2, 0xAA, 0xC3, 0xA9, 0xAC, 0xC5, 0xAB, 0xF0, 0xF4, 0xEF, 
    0xD1, 0xDE, 0xD1, 0xAB, 0xC3, 0xAA, 0x96, 0xB7, 0x96, 0xA3, 0xBE, 0xA2, 
    0xB5, 0xCB, 0xB5, 0xB5, 0xCA, 0xB5, 0x9C, 0xB7, 0x9A, 0x99, 0xB8, 0x97, 
    0xE6, 0xED, 0xE6, 0xB6, 0xCB, 0xB5, 0xA1, 0xBF, 0xA1, 0xA8, 0xC2, 0xA7, 
    0xAA, 0xC4, 0xA9, 0x9E, 0xBC, 0x9D, 0x9D, 0xBB, 0x9C, 0xA6, 0xC2, 0xA4, 
    0xEC, 0xF2, 0xEC, 0xB5, 0xCB, 0xB4, 0xD9, 0xE4, 0xD8, 0xFC, 0xFD, 0xFC, 
    0xF2, 0xF6, 0xF2, 0xD7, 0xE2, 0xD5, 0xE5, 0xEC, 0xE4, 0xFF, 0xFF, 0xFF, 
    0xFE, 0xFE, 0xFE, 0xFE, 0xFE, 0xFE, 0xFE, 0xFE, 0xFE, 0xFE, 0xFE, 0xFE, 
    0xFE, 0xFE, 0xFE, 0xFE, 0xFE, 0xFE, 0xFE, 0xFE, 0xFE, 0xFE, 0xFE, 0xFE, 
    0xFE, 0xFE, 0xFE, 0xFE, 0xFE, 0xFE, 0xFE, 0xFE, 0xFE, 0xFE, 0xFE, 0xFE, 
    0xFE, 0xFE, 0xFE, 0xFE, 0xFE, 0xFE, 0xFE, 0xFE, 0xFE, 0xFE, 0xFE, 0xFE, 
    0xFE, 0xFE, 0xFE, 0xFE, 0xFE, 0xFE, 0xFE, 0xFE, 0xFE, 0xFE, 0xFE, 0xFE, 
    0xFE, 0xFE, 0xFE, 0xFE, 0xFE, 0xFE, 0xFE, 0xFE, 0xFE, 0xFE, 0xFE, 0xFE, 
    0xFE, 0xFE, 0xFE, 0xFE, 0xFE, 0xFE, 0xFE, 0xFE, 0xFE, 0xFE, 0xFE, 0xFE, 
    0xFE, 0xFE, 0xFE, 0xFE, 0xFE, 0xFE, 0xFE, 0xFE, 0xFE, 0xFE, 0xFE, 0xFE, 
    0xFE, 0xFE, 0xFE, 0xFE, 0xFE, 0xFE, 0xFE, 0xFE, 0xFE, 0xFE, 0xFE, 0xFE, 
    0xFE, 0xFE, 0xFE, 0xFE, 0xFE, 0xFE, 0xFE, 0xFE, 0xFE, 0xFE, 0xFE, 0xFE, 
    0xFE, 0xFE, 0xFE, 0xFE, 0xFE, 0xFE, 0xFE, 0xFE, 0xFE, 0xFE, 0xFE, 0xFE, 
    0xFE, 0xFE, 0xFE, 0xFE, 0xFE, 0xFE, 0xFE, 0xFE, 0xFE, 0xFE, 0xFE, 0xFE, 
    0xFE, 0xFE, 0xFE, 0xFE, 0xFE, 0xFE, 0xFE, 0xFE, 0xFE, 0xFE, 0xFE, 0xFE, 
    0xFE, 0xFE, 0xFE, 0xFE, 0xFE, 0xFE, 0xFE, 0xFE, 0xFE, 0xFE, 0xFE, 0xFE, 
    0xFE, 0xFE, 0xFE, 0xFE, 0xFE, 0xFE, 0xFE, 0xFE, 0xFD, 0xFE, 0xFC, 0xFC, 
    0xFD, 0xFA, 0xFA, 0xFD, 0xFA, 0xFB, 0xFD, 0xF7, 0xF7, 0xFD, 0xF6, 0xF6, 
    0xFE, 0xFF, 0xFF, 0xFE, 0xFE, 0xFE, 0xF8, 0xFA, 0xF8, 0xFF, 0xFF, 0xFF, 
    0xFF, 0xFF, 0xFF, 0xFA, 0xFB, 0xF9, 0xF8, 0xF9, 0xF8, 0xFE, 0xFE, 0xFE, 
    0xFC, 0xFC, 0xFC, 0xF8, 0xFA, 0xF8, 0xF5, 0xF8, 0xF5, 0xE1, 0xE9, 0xE1, 
    0xF0, 0xF4, 0xEF, 0xF9, 0xFA, 0xF9, 0xFB, 0xFB, 0xFB, 0xFB, 0xFC, 0xFB, 
    0xF9, 0xFB, 0xF9, 0xF5, 0xF7, 0xF5, 0xFB, 0xFC, 0xFB, 0xF9, 0xFB, 0xF9, 
    0xE2, 0xEB, 0xE2, 0xF2, 0xF5, 0xF1, 0xFA, 0xFB, 0xFA, 0xFB, 0xFB, 0xFA, 
    0xFB, 0xFC, 0xFB, 0xF8, 0xFA, 0xF8, 0xFA, 0xFB, 0xFA, 0xF5, 0xF7, 0xF4, 
    0xE0, 0xEA, 0xE0, 0xF9, 0xFA, 0xF9, 0xE2, 0xE9, 0xE1, 0xF6, 0xF8, 0xF6, 
    0xFF, 0xFF, 0xFF, 0xFA, 0xFB, 0xFA, 0xFD, 0xFD, 0xFD, 0xFE, 0xFE, 0xFE, 
    0xFE, 0xFE, 0xFE, 0xFE, 0xFE, 0xFE, 0xFE, 0xFE, 0xFE, 0xFE, 0xFE, 0xFE, 
    0xFE, 0xFE, 0xFE, 0xFE, 0xFE, 0xFE, 0xFE, 0xFE, 0xFE, 0xFE, 0xFE, 0xFE, 
    0xFE, 0xFE, 0xFE, 0xFE, 0xFE, 0xFE, 0xFE, 0xFE, 0xFE, 0xFE, 0xFE, 0xFE, 
    0xFE, 0xFE, 0xFE, 0xFE, 0xFE, 0xFE, 0xFE, 0xFE, 0xFE, 0xFE, 0xFE, 0xFE, 
    0xFE, 0xFE, 0xFE, 0xFE, 0xFE, 0xFE, 0xFE, 0xFE, 0xFE, 0xFE, 0xFE, 0xFE, 
    0xFE, 0xFE, 0xFE, 0xFE, 0xFE, 0xFE, 0xFE, 0xFE, 0xFE, 0xFE, 0xFE, 0xFE, 
    0xFE, 0xFE, 0xFE, 0xFE, 0xFE, 0xFE, 0xFE, 0xFE, 0xFE, 0xFE, 0xFE, 0xFE, 
    0xFE, 0xFE, 0xFE, 0xFE, 0xFE, 0xFE, 0xFE, 0xFE, 0xFE, 0xFE, 0xFE, 0xFE, 
    0xFE, 0xFE, 0xFE, 0xFE, 0xFE, 0xFE, 0xFE, 0xFE, 0xFE, 0xFE, 0xFE, 0xFE, 
    0xFE, 0xFE, 0xFE, 0xFE, 0xFE, 0xFE, 0xFE, 0xFE, 0xFE, 0xFE, 0xFE, 0xFE, 
    0xFE, 0xFE, 0xFE, 0xFE, 0xFE, 0xFE, 0xFE, 0xFE, 0xFE, 0xFE, 0xFE, 0xFE, 
    0xFE, 0xFE, 0xFE, 0xFE, 0xFE, 0xFE, 0xFE, 0xFE, 0xFE, 0xFE, 0xFE, 0xFE, 
    0xFE, 0xFE, 0xFE, 0xFE, 0xFE, 0xFE, 0xFE, 0xFE, 0xFE, 0xFE, 0xFE, 0xFE, 
    0xFE, 0xFE, 0xFE, 0xFE, 0xFE, 0xFE, 0xFE, 0xFE, 0xFE, 0xFE, 0xFE, 0xFE, 
    0xFE, 0xFE, 0xFE, 0xFE, 0xFE, 0xFE, 0xFE, 0xFE, 0xFF, 0xFE, 0xFF, 0xFF, 
    0xFE, 0xFF, 0xFF, 0xFE, 0xFF, 0xFF, 0xFE, 0xFF, 0xFF, 0xFE, 0xFF, 0xFF, 
    0xFE, 0xFE, 0xFE, 0xFE, 0xFE, 0xFE, 0xFF, 0xFF, 0xFF, 0xFE, 0xFE, 0xFE, 
    0xFE, 0xFE, 0xFE, 0xFF, 0xFE, 0xFF, 0xFF, 0xFF, 0xFF, 0xFF, 0xFE, 0xFF, 
    0xFF, 0xFE, 0xFF, 0xFF, 0xFE, 0xFF, 0xFF, 0xFF, 0xFF, 0xFF, 0xFF, 0xFF, 
    0xFF, 0xFF, 0xFF, 0xFF, 0xFF, 0xFF, 0xFF, 0xFF, 0xFF, 0xFF, 0xFF, 0xFF, 
    0xFF, 0xFE, 0xFF, 0xFF, 0xFF, 0xFF, 0xFF, 0xFF, 0xFF, 0xFF, 0xFF, 0xFF, 
    0xFF, 0xFF, 0xFF, 0xFF, 0xFF, 0xFF, 0xFE, 0xFE, 0xFF, 0xFF, 0xFF, 0xFF, 
    0xFF, 0xFF, 0xFF, 0xFF, 0xFF, 0xFF, 0xFF, 0xFF, 0xFF, 0xFF, 0xFF, 0xFF, 
    0xFF, 0xFF, 0xFF, 0xFF, 0xFF, 0xFF, 0xFF, 0xFF, 0xFF, 0xFF, 0xFE, 0xFF, 
    0xFE, 0xFE, 0xFE, 0xFF, 0xFE, 0xFF, 0xFE, 0xFE, 0xFE, 0xFE, 0xFE, 0xFE, 
    0xFE, 0xFE, 0xFE, 0xFE, 0xFE, 0xFE, 0xFE, 0xFE, 0xFE, 0xFE, 0xFE, 0xFE, 
    0xFE, 0xFE, 0xFE, 0xFE, 0xFE, 0xFE, 0xFE, 0xFE, 0xFE, 0xFE, 0xFE, 0xFE, 
    0xFE, 0xFE, 0xFE, 0xFE, 0xFE, 0xFE, 0xFE, 0xFE, 0xFE, 0xFE, 0xFE, 0xFE, 
    0xFE, 0xFE, 0xFE, 0xFE, 0xFE, 0xFE, 0xFE, 0xFE, 0xFE, 0xFE, 0xFE, 0xFE, 
    0xFE, 0xFE, 0xFE, 0xFE, 0xFE, 0xFE, 0xFE, 0xFE, 0xFE, 0xFE, 0xFE, 0xFE, 
    0xFE, 0xFE, 0xFE, 0xFE, 0xFE, 0xFE, 0xFE, 0xFE, 0xFE, 0xFE, 0xFE, 0xFE, 
    0xFE, 0xFE, 0xFE, 0xFE, 0xFE, 0xFE, 0xFE, 0xFE, 0xFE, 0xFE, 0xFE, 0xFE, 
    0xFE, 0xFE, 0xFE, 0xFE, 0xFE, 0xFE, 0xFE, 0xFE, 0xFE, 0xFE, 0xFE, 0xFE, 
    0xFE, 0xFE, 0xFE, 0xFE, 0xFE, 0xFE, 0xFE, 0xFE, 0xFE, 0xFE, 0xFE, 0xFE, 
    0xFE, 0xFE, 0xFE, 0xFE, 0xFE, 0xFE, 0xFE, 0xFE, 0xFE, 0xFE, 0xFE, 0xFE, 
    0xFE, 0xFE, 0xFE, 0xFE, 0xFE, 0xFE, 0xFE, 0xFE, 0xFE, 0xFE, 0xFE, 0xFE, 
    0xFE, 0xFE, 0xFE, 0xFE, 0xFE, 0xFE, 0xFE, 0xFE, 0xFE, 0xFE, 0xFE, 0xFE, 
    0xFE, 0xFE, 0xFE, 0xFE, 0xFE, 0xFE, 0xFE, 0xFE, 0xFE, 0xFE, 0xFE, 0xFE, 
    0xFE, 0xFE, 0xFE, 0xFE, 0xFE, 0xFE, 0xFE, 0xFE, 0xFE, 0xFE, 0xFE, 0xFE, 

};
